transaction_id,synthetic_case_id,is_fraud_ground_truth,ground_truth_class,ground_truth_scenario,difficulty,injected_anomaly_fields,expected_rule_ids,expected_key_evidence,expected_counter_evidence,expected_analyst_action,generator_seed,generator_version
TXN-SYN0000001,CASE-CUS-00095,FALSE,NORMAL,NONE,EASY,NONE,,Normal pattern,None,ALLOW,20260928,v1
TXN-SYN0000002,CASE-CUS-00101,FALSE,NORMAL,NONE,EASY,NONE,,Normal pattern,None,ALLOW,20260928,v1
TXN-SYN0000003,CASE-CUS-00024,FALSE,NORMAL,NONE,EASY,NONE,,Normal pattern,None,ALLOW,20260928,v1
TXN-SYN0000004,CASE-CUS-00024,FALSE,NORMAL,NONE,EASY,NONE,,Normal pattern,None,ALLOW,20260928,v1
TXN-SYN0000005,CASE-CUS-00040,FALSE,NORMAL,NONE,EASY,NONE,,Normal pattern,None,ALLOW,20260928,v1
TXN-SYN0000006,CASE-CUS-00104,FALSE,NORMAL,NONE,EASY,NONE,,Normal pattern,None,ALLOW,20260928,v1
TXN-SYN0000007,CASE-CUS-00003,FALSE,NORMAL,NONE,EASY,NONE,,Normal pattern,Counter evidence reduced score,ALLOW,20260928,v1
TXN-SYN0000008,CASE-CUS-00040,FALSE,NORMAL,NONE,EASY,NONE,,Normal pattern,None,ALLOW,20260928,v1
TXN-SYN0000009,CASE-CUS-00003,FALSE,NORMAL,NONE,EASY,NONE,,Normal pattern,Counter evidence reduced score,ALLOW,20260928,v1
TXN-SYN0000010,CASE-CUS-00079,FALSE,NORMAL,NONE,EASY,NONE,,Normal pattern,Counter evidence reduced score,ALLOW,20260928,v1
TXN-SYN0000011,CASE-CUS-00036,FALSE,NORMAL,NONE,EASY,NONE,,Normal pattern,None,ALLOW,20260928,v1
TXN-SYN0000012,CASE-CUS-00031,FALSE,NORMAL,NONE,EASY,NONE,,Normal pattern,None,ALLOW,20260928,v1
TXN-SYN0000013,CASE-CUS-00031,FALSE,NORMAL,NONE,EASY,NONE,,Normal pattern,None,ALLOW,20260928,v1
TXN-SYN0000014,CASE-CUS-00074,FALSE,NORMAL,NONE,EASY,NONE,,Normal pattern,Counter evidence reduced score,ALLOW,20260928,v1
TXN-SYN0000015,CASE-CUS-00079,FALSE,NORMAL,NONE,EASY,NONE,,Normal pattern,Counter evidence reduced score,MONITOR,20260928,v1
TXN-SYN0000016,CASE-CUS-00018,FALSE,NORMAL,NONE,EASY,NONE,,Normal pattern,None,ALLOW,20260928,v1
TXN-SYN0000017,CASE-CUS-00003,FALSE,NORMAL,NONE,EASY,NONE,,Normal pattern,Counter evidence reduced score,ALLOW,20260928,v1
TXN-SYN0000018,CASE-CUS-00093,FALSE,NORMAL,NONE,EASY,NONE,,Normal pattern,None,ALLOW,20260928,v1
TXN-SYN0000019,CASE-CUS-00025,FALSE,NORMAL,NONE,EASY,NONE,,Normal pattern,Counter evidence reduced score,ALLOW,20260928,v1
TXN-SYN0000020,CASE-CUS-00090,FALSE,NORMAL,NONE,EASY,NONE,,Normal pattern,None,ALLOW,20260928,v1
TXN-SYN0000021,CASE-CUS-00008,FALSE,NORMAL,NONE,EASY,NONE,,Normal pattern,None,ALLOW,20260928,v1
TXN-SYN0000022,CASE-CUS-00101,FALSE,NORMAL,NONE,EASY,NONE,,Normal pattern,None,ALLOW,20260928,v1
TXN-SYN0000023,CASE-CUS-00066,FALSE,NORMAL,NONE,EASY,NONE,,Normal pattern,None,ALLOW,20260928,v1
TXN-SYN0000024,CASE-CUS-00113,FALSE,NORMAL,NONE,EASY,NONE,,Normal pattern,Counter evidence reduced score,ALLOW,20260928,v1
TXN-SYN0000025,CASE-CUS-00113,FALSE,NORMAL,NONE,EASY,NONE,,Normal pattern,Counter evidence reduced score,ALLOW,20260928,v1
TXN-SYN0000026,CASE-CUS-00004,FALSE,NORMAL,NONE,EASY,NONE,,Normal pattern,None,ALLOW,20260928,v1
TXN-SYN0000027,CASE-CUS-00081,FALSE,NORMAL,NONE,EASY,NONE,,Normal pattern,Counter evidence reduced score,ALLOW,20260928,v1
TXN-SYN0000028,CASE-CUS-00011,FALSE,NORMAL,NONE,EASY,NONE,,Normal pattern,None,ALLOW,20260928,v1
TXN-SYN0000029,CASE-CUS-00082,FALSE,NORMAL,NONE,EASY,NONE,,Normal pattern,Counter evidence reduced score,MONITOR,20260928,v1
TXN-SYN0000030,CASE-CUS-00078,FALSE,NORMAL,NONE,EASY,NONE,,Normal pattern,Counter evidence reduced score,ALLOW,20260928,v1
TXN-SYN0000031,CASE-CUS-00103,FALSE,NORMAL,NONE,EASY,NONE,,Normal pattern,None,ALLOW,20260928,v1
TXN-SYN0000032,CASE-CUS-00089,FALSE,NORMAL,NONE,EASY,NONE,,Normal pattern,None,ALLOW,20260928,v1
TXN-SYN0000033,CASE-CUS-00098,FALSE,NORMAL,NONE,EASY,NONE,,Normal pattern,Counter evidence reduced score,ALLOW,20260928,v1
TXN-SYN0000034,CASE-CUS-00008,FALSE,NORMAL,NONE,EASY,NONE,,Normal pattern,Counter evidence reduced score,ALLOW,20260928,v1
TXN-SYN0000035,CASE-CUS-00091,FALSE,NORMAL,NONE,EASY,NONE,,Normal pattern,None,ALLOW,20260928,v1
TXN-SYN0000036,CASE-CUS-00008,FALSE,NORMAL,NONE,EASY,NONE,,Normal pattern,Counter evidence reduced score,ALLOW,20260928,v1
TXN-SYN0000037,CASE-CUS-00051,FALSE,NORMAL,NONE,EASY,NONE,,Normal pattern,None,ALLOW,20260928,v1
TXN-SYN0000038,CASE-CUS-00029,FALSE,NORMAL,NONE,EASY,NONE,,Normal pattern,None,ALLOW,20260928,v1
TXN-SYN0000039,CASE-CUS-00021,FALSE,NORMAL,NONE,EASY,NONE,,Normal pattern,None,ALLOW,20260928,v1
TXN-SYN0000040,CASE-CUS-00093,FALSE,NORMAL,NONE,EASY,NONE,,Normal pattern,None,ALLOW,20260928,v1
TXN-SYN0000041,CASE-CUS-00061,FALSE,NORMAL,NONE,EASY,NONE,,Normal pattern,None,ALLOW,20260928,v1
TXN-SYN0000042,CASE-CUS-00077,FALSE,NORMAL,NONE,EASY,NONE,,Normal pattern,Counter evidence reduced score,ALLOW,20260928,v1
TXN-SYN0000043,CASE-CUS-00020,FALSE,NORMAL,NONE,EASY,NONE,,Normal pattern,Counter evidence reduced score,ALLOW,20260928,v1
TXN-SYN0000044,CASE-CUS-00116,FALSE,NORMAL,NONE,EASY,NONE,,Normal pattern,Counter evidence reduced score,ALLOW,20260928,v1
TXN-SYN0000045,CASE-CUS-00116,FALSE,NORMAL,NONE,EASY,NONE,,Normal pattern,Counter evidence reduced score,ALLOW,20260928,v1
TXN-SYN0000046,CASE-CUS-00046,FALSE,NORMAL,NONE,EASY,NONE,,Normal pattern,Counter evidence reduced score,ALLOW,20260928,v1
TXN-SYN0000047,CASE-CUS-00055,FALSE,NORMAL,NONE,EASY,NONE,,Normal pattern,None,ALLOW,20260928,v1
TXN-SYN0000048,CASE-CUS-00033,FALSE,NORMAL,NONE,EASY,NONE,,Normal pattern,None,ALLOW,20260928,v1
TXN-SYN0000049,CASE-CUS-00044,FALSE,NORMAL,NONE,EASY,NONE,,Normal pattern,None,ALLOW,20260928,v1
TXN-SYN0000050,CASE-CUS-00012,FALSE,NORMAL,NONE,EASY,NONE,,Normal pattern,None,ALLOW,20260928,v1
TXN-SYN0000051,CASE-CUS-00078,FALSE,NORMAL,NONE,EASY,NONE,,Normal pattern,None,MONITOR,20260928,v1
TXN-SYN0000052,CASE-CUS-00005,FALSE,NORMAL,NONE,EASY,NONE,,Normal pattern,None,ALLOW,20260928,v1
TXN-SYN0000053,CASE-CUS-00025,FALSE,NORMAL,NONE,EASY,NONE,,Normal pattern,None,ALLOW,20260928,v1
TXN-SYN0000054,CASE-CUS-00084,FALSE,NORMAL,NONE,EASY,NONE,,Normal pattern,Counter evidence reduced score,MONITOR,20260928,v1
TXN-SYN0000055,CASE-CUS-00081,FALSE,NORMAL,NONE,EASY,NONE,,Normal pattern,Counter evidence reduced score,ALLOW,20260928,v1
TXN-SYN0000056,CASE-CUS-00068,FALSE,NORMAL,NONE,EASY,NONE,,Normal pattern,Counter evidence reduced score,ALLOW,20260928,v1
TXN-SYN0000057,CASE-CUS-00038,FALSE,NORMAL,NONE,EASY,NONE,,Normal pattern,None,ALLOW,20260928,v1
TXN-SYN0000058,CASE-CUS-00108,FALSE,NORMAL,NONE,EASY,NONE,,Normal pattern,Counter evidence reduced score,ALLOW,20260928,v1
TXN-SYN0000059,CASE-CUS-00004,FALSE,NORMAL,NONE,EASY,NONE,,Normal pattern,None,ALLOW,20260928,v1
TXN-SYN0000060,CASE-CUS-00048,FALSE,NORMAL,NONE,EASY,NONE,,Normal pattern,Counter evidence reduced score,ALLOW,20260928,v1
TXN-SYN0000061,CASE-CUS-00004,FALSE,NORMAL,NONE,EASY,NONE,,Normal pattern,None,ALLOW,20260928,v1
TXN-SYN0000062,CASE-CUS-00083,FALSE,NORMAL,NONE,EASY,NONE,,Normal pattern,Counter evidence reduced score,ALLOW,20260928,v1
TXN-SYN0000063,CASE-CUS-00102,FALSE,NORMAL,NONE,EASY,NONE,,Normal pattern,None,ALLOW,20260928,v1
TXN-SYN0000064,CASE-CUS-00037,FALSE,NORMAL,NONE,EASY,NONE,,Normal pattern,Counter evidence reduced score,ALLOW,20260928,v1
TXN-SYN0000065,CASE-CUS-00070,FALSE,NORMAL,NONE,EASY,NONE,,Normal pattern,None,ALLOW,20260928,v1
TXN-SYN0000066,CASE-CUS-00108,FALSE,NORMAL,NONE,EASY,NONE,,Normal pattern,None,ALLOW,20260928,v1
TXN-SYN0000067,CASE-CUS-00061,FALSE,NORMAL,NONE,EASY,NONE,,Normal pattern,Counter evidence reduced score,ALLOW,20260928,v1
TXN-SYN0000068,CASE-CUS-00011,FALSE,NORMAL,NONE,EASY,NONE,,Normal pattern,None,ALLOW,20260928,v1
TXN-SYN0000069,CASE-CUS-00003,FALSE,NORMAL,NONE,EASY,NONE,,Normal pattern,None,ALLOW,20260928,v1
TXN-SYN0000070,CASE-CUS-00046,FALSE,NORMAL,NONE,EASY,NONE,,Normal pattern,Counter evidence reduced score,ALLOW,20260928,v1
TXN-SYN0000071,CASE-CUS-00026,FALSE,NORMAL,NONE,EASY,NONE,,Normal pattern,None,ALLOW,20260928,v1
TXN-SYN0000072,CASE-CUS-00026,FALSE,NORMAL,NONE,EASY,NONE,,Normal pattern,None,ALLOW,20260928,v1
TXN-SYN0000073,CASE-CUS-00034,FALSE,NORMAL,NONE,EASY,NONE,,Normal pattern,Counter evidence reduced score,ALLOW,20260928,v1
TXN-SYN0000074,CASE-CUS-00108,FALSE,NORMAL,NONE,EASY,NONE,,Normal pattern,None,ALLOW,20260928,v1
TXN-SYN0000075,CASE-CUS-00057,FALSE,NORMAL,NONE,EASY,NONE,,Normal pattern,None,ALLOW,20260928,v1
TXN-SYN0000076,CASE-CUS-00018,FALSE,NORMAL,NONE,EASY,NONE,,Normal pattern,None,ALLOW,20260928,v1
TXN-SYN0000077,CASE-CUS-00018,FALSE,NORMAL,NONE,EASY,NONE,,Normal pattern,None,ALLOW,20260928,v1
TXN-SYN0000078,CASE-CUS-00089,FALSE,NORMAL,NONE,EASY,NONE,,Normal pattern,None,ALLOW,20260928,v1
TXN-SYN0000079,CASE-CUS-00089,FALSE,NORMAL,NONE,EASY,NONE,,Normal pattern,None,ALLOW,20260928,v1
TXN-SYN0000080,CASE-CUS-00106,FALSE,NORMAL,NONE,EASY,NONE,,Normal pattern,None,ALLOW,20260928,v1
TXN-SYN0000081,CASE-CUS-00002,FALSE,NORMAL,NONE,EASY,NONE,,Normal pattern,None,ALLOW,20260928,v1
TXN-SYN0000082,CASE-CUS-00089,FALSE,NORMAL,NONE,EASY,NONE,,Normal pattern,None,ALLOW,20260928,v1
TXN-SYN0000083,CASE-CUS-00103,FALSE,NORMAL,NONE,EASY,NONE,,Normal pattern,None,ALLOW,20260928,v1
TXN-SYN0000084,CASE-CUS-00103,FALSE,NORMAL,NONE,EASY,NONE,,Normal pattern,None,ALLOW,20260928,v1
TXN-SYN0000085,CASE-CUS-00107,FALSE,NORMAL,NONE,EASY,NONE,,Normal pattern,None,ALLOW,20260928,v1
TXN-SYN0000086,CASE-CUS-00109,FALSE,NORMAL,NONE,EASY,NONE,,Normal pattern,Counter evidence reduced score,ALLOW,20260928,v1
TXN-SYN0000087,CASE-CUS-00075,FALSE,NORMAL,NONE,EASY,NONE,,Normal pattern,None,ALLOW,20260928,v1
TXN-SYN0000088,CASE-CUS-00033,FALSE,NORMAL,NONE,EASY,NONE,,Normal pattern,None,ALLOW,20260928,v1
TXN-SYN0000089,CASE-CUS-00081,FALSE,NORMAL,NONE,EASY,NONE,,Normal pattern,Counter evidence reduced score,ALLOW,20260928,v1
TXN-SYN0000090,CASE-CUS-00016,FALSE,NORMAL,NONE,EASY,NONE,,Normal pattern,None,ALLOW,20260928,v1
TXN-SYN0000091,CASE-CUS-00059,FALSE,NORMAL,NONE,EASY,NONE,,Normal pattern,Counter evidence reduced score,ALLOW,20260928,v1
TXN-SYN0000092,CASE-CUS-00051,FALSE,NORMAL,NONE,EASY,NONE,,Normal pattern,Counter evidence reduced score,ALLOW,20260928,v1
TXN-SYN0000093,CASE-CUS-00101,FALSE,NORMAL,NONE,EASY,NONE,,Normal pattern,None,ALLOW,20260928,v1
TXN-SYN0000094,CASE-CUS-00104,FALSE,NORMAL,NONE,EASY,NONE,,Normal pattern,Counter evidence reduced score,ALLOW,20260928,v1
TXN-SYN0000095,CASE-CUS-00035,FALSE,NORMAL,NONE,EASY,NONE,,Normal pattern,None,ALLOW,20260928,v1
TXN-SYN0000096,CASE-CUS-00076,FALSE,NORMAL,NONE,EASY,NONE,,Normal pattern,Counter evidence reduced score,ALLOW,20260928,v1
TXN-SYN0000097,CASE-CUS-00082,FALSE,NORMAL,NONE,EASY,NONE,,Normal pattern,Counter evidence reduced score,ALLOW,20260928,v1
TXN-SYN0000098,CASE-CUS-00046,FALSE,NORMAL,NONE,EASY,NONE,,Normal pattern,None,ALLOW,20260928,v1
TXN-SYN0000099,CASE-CUS-00045,FALSE,NORMAL,NONE,EASY,NONE,,Normal pattern,Counter evidence reduced score,ALLOW,20260928,v1
TXN-SYN0000100,CASE-CUS-00022,FALSE,NORMAL,NONE,EASY,NONE,,Normal pattern,None,ALLOW,20260928,v1
TXN-SYN0000101,CASE-CUS-00022,FALSE,NORMAL,NONE,EASY,NONE,,Normal pattern,None,ALLOW,20260928,v1
TXN-SYN0000102,CASE-CUS-00062,FALSE,NORMAL,NONE,EASY,NONE,,Normal pattern,Counter evidence reduced score,ALLOW,20260928,v1
TXN-SYN0000103,CASE-CUS-00021,FALSE,NORMAL,NONE,EASY,NONE,,Normal pattern,None,ALLOW,20260928,v1
TXN-SYN0000104,CASE-CUS-00096,FALSE,NORMAL,NONE,EASY,NONE,,Normal pattern,None,ALLOW,20260928,v1
TXN-SYN0000105,CASE-CUS-00107,FALSE,NORMAL,NONE,EASY,NONE,,Normal pattern,Counter evidence reduced score,ALLOW,20260928,v1
TXN-SYN0000106,CASE-CUS-00084,FALSE,NORMAL,NONE,EASY,NONE,,Normal pattern,Counter evidence reduced score,ALLOW,20260928,v1
TXN-SYN0000107,CASE-CUS-00089,FALSE,NORMAL,NONE,EASY,NONE,,Normal pattern,None,ALLOW,20260928,v1
TXN-SYN0000108,CASE-CUS-00043,FALSE,NORMAL,NONE,EASY,NONE,,Normal pattern,None,ALLOW,20260928,v1
TXN-SYN0000109,CASE-CUS-00071,FALSE,NORMAL,NONE,EASY,NONE,,Normal pattern,Counter evidence reduced score,ALLOW,20260928,v1
TXN-SYN0000110,CASE-CUS-00090,FALSE,NORMAL,NONE,EASY,NONE,,Normal pattern,None,ALLOW,20260928,v1
TXN-SYN0000111,CASE-CUS-00116,FALSE,NORMAL,NONE,EASY,NONE,,Normal pattern,Counter evidence reduced score,ALLOW,20260928,v1
TXN-SYN0000112,CASE-CUS-00041,FALSE,NORMAL,NONE,EASY,NONE,,Normal pattern,None,ALLOW,20260928,v1
TXN-SYN0000113,CASE-CUS-00026,FALSE,NORMAL,NONE,EASY,NONE,,Normal pattern,None,ALLOW,20260928,v1
TXN-SYN0000114,CASE-CUS-00030,FALSE,NORMAL,NONE,EASY,NONE,,Normal pattern,None,ALLOW,20260928,v1
TXN-SYN0000115,CASE-CUS-00063,FALSE,NORMAL,NONE,EASY,NONE,,Normal pattern,None,ALLOW,20260928,v1
TXN-SYN0000116,CASE-CUS-00111,FALSE,NORMAL,NONE,EASY,NONE,,Normal pattern,Counter evidence reduced score,ALLOW,20260928,v1
TXN-SYN0000117,CASE-CUS-00111,FALSE,NORMAL,NONE,EASY,NONE,,Normal pattern,Counter evidence reduced score,ALLOW,20260928,v1
TXN-SYN0000118,CASE-CUS-00111,FALSE,NORMAL,NONE,EASY,NONE,,Normal pattern,Counter evidence reduced score,ALLOW,20260928,v1
TXN-SYN0000119,CASE-CUS-00085,FALSE,NORMAL,NONE,EASY,NONE,,Normal pattern,Counter evidence reduced score,ALLOW,20260928,v1
TXN-SYN0000120,CASE-CUS-00069,FALSE,NORMAL,NONE,EASY,NONE,,Normal pattern,Counter evidence reduced score,ALLOW,20260928,v1
TXN-SYN0000121,CASE-CUS-00092,FALSE,NORMAL,NONE,EASY,NONE,,Normal pattern,None,ALLOW,20260928,v1
TXN-SYN0000122,CASE-CUS-00062,FALSE,NORMAL,NONE,EASY,NONE,,Normal pattern,Counter evidence reduced score,ALLOW,20260928,v1
TXN-SYN0000123,CASE-CUS-00077,FALSE,NORMAL,NONE,EASY,NONE,,Normal pattern,Counter evidence reduced score,ALLOW,20260928,v1
TXN-SYN0000124,CASE-CUS-00077,FALSE,NORMAL,NONE,EASY,NONE,,Normal pattern,Counter evidence reduced score,ALLOW,20260928,v1
TXN-SYN0000125,CASE-CUS-00015,FALSE,NORMAL,NONE,EASY,NONE,,Normal pattern,None,ALLOW,20260928,v1
TXN-SYN0000126,CASE-CUS-00049,FALSE,NORMAL,NONE,EASY,NONE,,Normal pattern,None,ALLOW,20260928,v1
TXN-SYN0000127,CASE-CUS-00043,FALSE,NORMAL,NONE,EASY,NONE,,Normal pattern,None,ALLOW,20260928,v1
TXN-SYN0000128,CASE-CUS-00008,FALSE,NORMAL,NONE,EASY,NONE,,Normal pattern,None,ALLOW,20260928,v1
TXN-SYN0000129,CASE-CUS-00075,FALSE,NORMAL,NONE,EASY,NONE,,Normal pattern,Counter evidence reduced score,ALLOW,20260928,v1
TXN-SYN0000130,CASE-CUS-00001,FALSE,NORMAL,NONE,EASY,NONE,,Normal pattern,None,ALLOW,20260928,v1
TXN-SYN0000131,CASE-CUS-00001,FALSE,NORMAL,NONE,EASY,NONE,,Normal pattern,None,ALLOW,20260928,v1
TXN-SYN0000132,CASE-CUS-00014,FALSE,NORMAL,NONE,EASY,NONE,,Normal pattern,Counter evidence reduced score,ALLOW,20260928,v1
TXN-SYN0000133,CASE-CUS-00094,FALSE,NORMAL,NONE,EASY,NONE,,Normal pattern,None,ALLOW,20260928,v1
TXN-SYN0000134,CASE-CUS-00010,FALSE,NORMAL,NONE,EASY,NONE,,Normal pattern,Counter evidence reduced score,ALLOW,20260928,v1
TXN-SYN0000135,CASE-CUS-00025,FALSE,NORMAL,NONE,EASY,NONE,,Normal pattern,None,ALLOW,20260928,v1
TXN-SYN0000136,CASE-CUS-00104,FALSE,NORMAL,NONE,EASY,NONE,,Normal pattern,None,ALLOW,20260928,v1
TXN-SYN0000137,CASE-CUS-00034,FALSE,NORMAL,NONE,EASY,NONE,,Normal pattern,None,ALLOW,20260928,v1
TXN-SYN0000138,CASE-CUS-00066,FALSE,NORMAL,NONE,EASY,NONE,,Normal pattern,Counter evidence reduced score,ALLOW,20260928,v1
TXN-SYN0000139,CASE-CUS-00064,FALSE,NORMAL,NONE,EASY,NONE,,Normal pattern,Counter evidence reduced score,ALLOW,20260928,v1
TXN-SYN0000140,CASE-CUS-00043,FALSE,NORMAL,NONE,EASY,NONE,,Normal pattern,None,ALLOW,20260928,v1
TXN-SYN0000141,CASE-CUS-00087,FALSE,NORMAL,NONE,EASY,NONE,,Normal pattern,None,ALLOW,20260928,v1
TXN-SYN0000142,CASE-CUS-00066,FALSE,NORMAL,NONE,EASY,NONE,,Normal pattern,Counter evidence reduced score,ALLOW,20260928,v1
TXN-SYN0000143,CASE-CUS-00087,FALSE,NORMAL,NONE,EASY,NONE,,Normal pattern,None,ALLOW,20260928,v1
TXN-SYN0000144,CASE-CUS-00093,FALSE,NORMAL,NONE,EASY,NONE,,Normal pattern,None,ALLOW,20260928,v1
TXN-SYN0000145,CASE-CUS-00023,FALSE,NORMAL,NONE,EASY,NONE,,Normal pattern,None,ALLOW,20260928,v1
TXN-SYN0000146,CASE-CUS-00068,FALSE,NORMAL,NONE,EASY,NONE,,Normal pattern,None,MONITOR,20260928,v1
TXN-SYN0000147,CASE-CUS-00012,FALSE,NORMAL,NONE,EASY,NONE,,Normal pattern,None,ALLOW,20260928,v1
TXN-SYN0000148,CASE-CUS-00051,FALSE,NORMAL,NONE,EASY,NONE,,Normal pattern,Counter evidence reduced score,ALLOW,20260928,v1
TXN-SYN0000149,CASE-CUS-00120,FALSE,NORMAL,NONE,EASY,NONE,,Normal pattern,Counter evidence reduced score,ALLOW,20260928,v1
TXN-SYN0000150,CASE-CUS-00075,FALSE,NORMAL,NONE,EASY,NONE,,Normal pattern,Counter evidence reduced score,ALLOW,20260928,v1
TXN-SYN0000151,CASE-CUS-00104,FALSE,NORMAL,NONE,EASY,NONE,,Normal pattern,None,ALLOW,20260928,v1
TXN-SYN0000152,CASE-CUS-00033,FALSE,NORMAL,NONE,EASY,NONE,,Normal pattern,None,ALLOW,20260928,v1
TXN-SYN0000153,CASE-CUS-00024,FALSE,NORMAL,NONE,EASY,NONE,,Normal pattern,None,ALLOW,20260928,v1
TXN-SYN0000154,CASE-CUS-00035,FALSE,NORMAL,NONE,EASY,NONE,,Normal pattern,None,ALLOW,20260928,v1
TXN-SYN0000155,CASE-CUS-00054,FALSE,NORMAL,NONE,EASY,NONE,,Normal pattern,None,ALLOW,20260928,v1
TXN-SYN0000156,CASE-CUS-00115,FALSE,NORMAL,NONE,EASY,NONE,,Normal pattern,Counter evidence reduced score,ALLOW,20260928,v1
TXN-SYN0000157,CASE-CUS-00023,FALSE,NORMAL,NONE,EASY,NONE,,Normal pattern,Counter evidence reduced score,ALLOW,20260928,v1
TXN-SYN0000158,CASE-CUS-00005,FALSE,NORMAL,NONE,EASY,NONE,,Normal pattern,None,ALLOW,20260928,v1
TXN-SYN0000159,CASE-CUS-00088,FALSE,NORMAL,NONE,EASY,NONE,,Normal pattern,None,ALLOW,20260928,v1
TXN-SYN0000160,CASE-CUS-00039,FALSE,NORMAL,NONE,EASY,NONE,,Normal pattern,None,ALLOW,20260928,v1
TXN-SYN0000161,CASE-CUS-00074,FALSE,NORMAL,NONE,EASY,NONE,,Normal pattern,Counter evidence reduced score,ALLOW,20260928,v1
TXN-SYN0000162,CASE-CUS-00039,FALSE,NORMAL,NONE,EASY,NONE,,Normal pattern,None,ALLOW,20260928,v1
TXN-SYN0000163,CASE-CUS-00112,FALSE,NORMAL,NONE,EASY,NONE,,Normal pattern,Counter evidence reduced score,ALLOW,20260928,v1
TXN-SYN0000164,CASE-CUS-00114,FALSE,NORMAL,NONE,EASY,NONE,,Normal pattern,Counter evidence reduced score,ALLOW,20260928,v1
TXN-SYN0000165,CASE-CUS-00036,FALSE,NORMAL,NONE,EASY,NONE,,Normal pattern,None,ALLOW,20260928,v1
TXN-SYN0000166,CASE-CUS-00032,FALSE,NORMAL,NONE,EASY,NONE,,Normal pattern,None,ALLOW,20260928,v1
TXN-SYN0000167,CASE-CUS-00085,FALSE,NORMAL,NONE,EASY,NONE,,Normal pattern,None,ALLOW,20260928,v1
TXN-SYN0000168,CASE-CUS-00088,FALSE,NORMAL,NONE,EASY,NONE,,Normal pattern,Counter evidence reduced score,ALLOW,20260928,v1
TXN-SYN0000169,CASE-CUS-00017,FALSE,NORMAL,NONE,EASY,NONE,,Normal pattern,Counter evidence reduced score,ALLOW,20260928,v1
TXN-SYN0000170,CASE-CUS-00031,FALSE,NORMAL,NONE,EASY,NONE,,Normal pattern,None,ALLOW,20260928,v1
TXN-SYN0000171,CASE-CUS-00040,FALSE,NORMAL,NONE,EASY,NONE,,Normal pattern,Counter evidence reduced score,ALLOW,20260928,v1
TXN-SYN0000172,CASE-CUS-00011,FALSE,NORMAL,NONE,EASY,NONE,,Normal pattern,Counter evidence reduced score,ALLOW,20260928,v1
TXN-SYN0000173,CASE-CUS-00104,FALSE,NORMAL,NONE,EASY,NONE,,Normal pattern,Counter evidence reduced score,ALLOW,20260928,v1
TXN-SYN0000174,CASE-CUS-00087,FALSE,NORMAL,NONE,EASY,NONE,,Normal pattern,None,ALLOW,20260928,v1
TXN-SYN0000175,CASE-CUS-00110,FALSE,NORMAL,NONE,EASY,NONE,,Normal pattern,Counter evidence reduced score,ALLOW,20260928,v1
TXN-SYN0000176,CASE-CUS-00053,FALSE,NORMAL,NONE,EASY,NONE,,Normal pattern,None,ALLOW,20260928,v1
TXN-SYN0000177,CASE-CUS-00033,FALSE,NORMAL,NONE,EASY,NONE,,Normal pattern,None,ALLOW,20260928,v1
TXN-SYN0000178,CASE-CUS-00098,FALSE,NORMAL,NONE,EASY,NONE,,Normal pattern,None,ALLOW,20260928,v1
TXN-SYN0000179,CASE-CUS-00033,FALSE,NORMAL,NONE,EASY,NONE,,Normal pattern,None,ALLOW,20260928,v1
TXN-SYN0000180,CASE-CUS-00068,FALSE,NORMAL,NONE,EASY,NONE,,Normal pattern,Counter evidence reduced score,ALLOW,20260928,v1
TXN-SYN0000181,CASE-CUS-00048,FALSE,NORMAL,NONE,EASY,NONE,,Normal pattern,None,ALLOW,20260928,v1
TXN-SYN0000182,CASE-CUS-00062,FALSE,NORMAL,NONE,EASY,NONE,,Normal pattern,None,ALLOW,20260928,v1
TXN-SYN0000183,CASE-CUS-00085,FALSE,NORMAL,NONE,EASY,NONE,,Normal pattern,None,ALLOW,20260928,v1
TXN-SYN0000184,CASE-CUS-00085,FALSE,NORMAL,NONE,EASY,NONE,,Normal pattern,None,ALLOW,20260928,v1
TXN-SYN0000185,CASE-CUS-00056,FALSE,NORMAL,NONE,EASY,NONE,,Normal pattern,None,ALLOW,20260928,v1
TXN-SYN0000186,CASE-CUS-00042,FALSE,NORMAL,NONE,EASY,NONE,,Normal pattern,None,ALLOW,20260928,v1
TXN-SYN0000187,CASE-CUS-00026,FALSE,NORMAL,NONE,EASY,NONE,,Normal pattern,None,ALLOW,20260928,v1
TXN-SYN0000188,CASE-CUS-00019,FALSE,NORMAL,NONE,EASY,NONE,,Normal pattern,None,ALLOW,20260928,v1
TXN-SYN0000189,CASE-CUS-00054,FALSE,NORMAL,NONE,EASY,NONE,,Normal pattern,None,ALLOW,20260928,v1
TXN-SYN0000190,CASE-CUS-00116,FALSE,NORMAL,NONE,EASY,NONE,,Normal pattern,Counter evidence reduced score,ALLOW,20260928,v1
TXN-SYN0000191,CASE-CUS-00043,FALSE,NORMAL,NONE,EASY,NONE,,Normal pattern,None,ALLOW,20260928,v1
TXN-SYN0000192,CASE-CUS-00002,FALSE,NORMAL,NONE,EASY,NONE,,Normal pattern,None,ALLOW,20260928,v1
TXN-SYN0000193,CASE-CUS-00016,FALSE,NORMAL,NONE,EASY,NONE,,Normal pattern,None,ALLOW,20260928,v1
TXN-SYN0000194,CASE-CUS-00003,FALSE,NORMAL,NONE,EASY,NONE,,Normal pattern,None,ALLOW,20260928,v1
TXN-SYN0000195,CASE-CUS-00074,FALSE,NORMAL,NONE,EASY,NONE,,Normal pattern,Counter evidence reduced score,ALLOW,20260928,v1
TXN-SYN0000196,CASE-CUS-00087,FALSE,NORMAL,NONE,EASY,NONE,,Normal pattern,None,ALLOW,20260928,v1
TXN-SYN0000197,CASE-CUS-00076,FALSE,NORMAL,NONE,EASY,NONE,,Normal pattern,Counter evidence reduced score,ALLOW,20260928,v1
TXN-SYN0000198,CASE-CUS-00049,FALSE,NORMAL,NONE,EASY,NONE,,Normal pattern,None,ALLOW,20260928,v1
TXN-SYN0000199,CASE-CUS-00074,FALSE,NORMAL,NONE,EASY,NONE,,Normal pattern,Counter evidence reduced score,ALLOW,20260928,v1
TXN-SYN0000200,CASE-CUS-00045,FALSE,NORMAL,NONE,EASY,NONE,,Normal pattern,None,ALLOW,20260928,v1
TXN-SYN0000201,CASE-CUS-00093,FALSE,NORMAL,NONE,EASY,NONE,,Normal pattern,Counter evidence reduced score,ALLOW,20260928,v1
TXN-SYN0000202,CASE-CUS-00075,FALSE,NORMAL,NONE,EASY,NONE,,Normal pattern,None,ALLOW,20260928,v1
TXN-SYN0000203,CASE-CUS-00024,FALSE,NORMAL,NONE,EASY,NONE,,Normal pattern,None,ALLOW,20260928,v1
TXN-SYN0000204,CASE-CUS-00006,FALSE,NORMAL,NONE,EASY,NONE,,Normal pattern,None,ALLOW,20260928,v1
TXN-SYN0000205,CASE-CUS-00037,FALSE,NORMAL,NONE,EASY,NONE,,Normal pattern,None,ALLOW,20260928,v1
TXN-SYN0000206,CASE-CUS-00076,FALSE,NORMAL,NONE,EASY,NONE,,Normal pattern,Counter evidence reduced score,ALLOW,20260928,v1
TXN-SYN0000207,CASE-CUS-00037,FALSE,NORMAL,NONE,EASY,NONE,,Normal pattern,Counter evidence reduced score,ALLOW,20260928,v1
TXN-SYN0000208,CASE-CUS-00103,FALSE,NORMAL,NONE,EASY,NONE,,Normal pattern,None,ALLOW,20260928,v1
TXN-SYN0000209,CASE-CUS-00099,FALSE,NORMAL,NONE,EASY,NONE,,Normal pattern,None,ALLOW,20260928,v1
TXN-SYN0000210,CASE-CUS-00099,FALSE,NORMAL,NONE,EASY,NONE,,Normal pattern,None,ALLOW,20260928,v1
TXN-SYN0000211,CASE-CUS-00021,FALSE,NORMAL,NONE,EASY,NONE,,Normal pattern,None,ALLOW,20260928,v1
TXN-SYN0000212,CASE-CUS-00113,FALSE,NORMAL,NONE,EASY,NONE,,Normal pattern,Counter evidence reduced score,ALLOW,20260928,v1
TXN-SYN0000213,CASE-CUS-00069,FALSE,NORMAL,NONE,EASY,NONE,,Normal pattern,None,ALLOW,20260928,v1
TXN-SYN0000214,CASE-CUS-00088,FALSE,NORMAL,NONE,EASY,NONE,,Normal pattern,None,ALLOW,20260928,v1
TXN-SYN0000215,CASE-CUS-00065,FALSE,NORMAL,NONE,EASY,NONE,,Normal pattern,Counter evidence reduced score,ALLOW,20260928,v1
TXN-SYN0000216,CASE-CUS-00011,FALSE,NORMAL,NONE,EASY,NONE,,Normal pattern,None,ALLOW,20260928,v1
TXN-SYN0000217,CASE-CUS-00100,FALSE,NORMAL,NONE,EASY,NONE,,Normal pattern,None,ALLOW,20260928,v1
TXN-SYN0000218,CASE-CUS-00080,FALSE,NORMAL,NONE,EASY,NONE,,Normal pattern,Counter evidence reduced score,ALLOW,20260928,v1
TXN-SYN0000219,CASE-CUS-00013,FALSE,NORMAL,NONE,EASY,NONE,,Normal pattern,None,ALLOW,20260928,v1
TXN-SYN0000220,CASE-CUS-00016,FALSE,NORMAL,NONE,EASY,NONE,,Normal pattern,None,ALLOW,20260928,v1
TXN-SYN0000221,CASE-CUS-00072,FALSE,NORMAL,NONE,EASY,NONE,,Normal pattern,None,ALLOW,20260928,v1
TXN-SYN0000222,CASE-CUS-00091,FALSE,NORMAL,NONE,EASY,NONE,,Normal pattern,None,ALLOW,20260928,v1
TXN-SYN0000223,CASE-CUS-00031,FALSE,NORMAL,NONE,EASY,NONE,,Normal pattern,Counter evidence reduced score,ALLOW,20260928,v1
TXN-SYN0000224,CASE-CUS-00042,FALSE,NORMAL,NONE,EASY,NONE,,Normal pattern,None,ALLOW,20260928,v1
TXN-SYN0000225,CASE-CUS-00021,FALSE,NORMAL,NONE,EASY,NONE,,Normal pattern,None,ALLOW,20260928,v1
TXN-SYN0000226,CASE-CUS-00076,FALSE,NORMAL,NONE,EASY,NONE,,Normal pattern,Counter evidence reduced score,ALLOW,20260928,v1
TXN-SYN0000227,CASE-CUS-00097,FALSE,NORMAL,NONE,EASY,NONE,,Normal pattern,None,ALLOW,20260928,v1
TXN-SYN0000228,CASE-CUS-00097,FALSE,NORMAL,NONE,EASY,NONE,,Normal pattern,None,ALLOW,20260928,v1
TXN-SYN0000229,CASE-CUS-00092,FALSE,NORMAL,NONE,EASY,NONE,,Normal pattern,None,ALLOW,20260928,v1
TXN-SYN0000230,CASE-CUS-00111,FALSE,NORMAL,NONE,EASY,NONE,,Normal pattern,Counter evidence reduced score,ALLOW,20260928,v1
TXN-SYN0000231,CASE-CUS-00031,FALSE,NORMAL,NONE,EASY,NONE,,Normal pattern,None,ALLOW,20260928,v1
TXN-SYN0000232,CASE-CUS-00024,FALSE,NORMAL,NONE,EASY,NONE,,Normal pattern,None,ALLOW,20260928,v1
TXN-SYN0000233,CASE-CUS-00017,FALSE,NORMAL,NONE,EASY,NONE,,Normal pattern,Counter evidence reduced score,ALLOW,20260928,v1
TXN-SYN0000234,CASE-CUS-00033,FALSE,NORMAL,NONE,EASY,NONE,,Normal pattern,None,ALLOW,20260928,v1
TXN-SYN0000235,CASE-CUS-00030,FALSE,NORMAL,NONE,EASY,NONE,,Normal pattern,None,ALLOW,20260928,v1
TXN-SYN0000236,CASE-CUS-00059,FALSE,NORMAL,NONE,EASY,NONE,,Normal pattern,Counter evidence reduced score,ALLOW,20260928,v1
TXN-SYN0000237,CASE-CUS-00059,FALSE,NORMAL,NONE,EASY,NONE,,Normal pattern,None,ALLOW,20260928,v1
TXN-SYN0000238,CASE-CUS-00072,FALSE,NORMAL,NONE,EASY,NONE,,Normal pattern,Counter evidence reduced score,ALLOW,20260928,v1
TXN-SYN0000239,CASE-CUS-00043,FALSE,NORMAL,NONE,EASY,NONE,,Normal pattern,None,ALLOW,20260928,v1
TXN-SYN0000240,CASE-CUS-00108,FALSE,NORMAL,NONE,EASY,NONE,,Normal pattern,None,ALLOW,20260928,v1
TXN-SYN0000241,CASE-CUS-00075,FALSE,NORMAL,NONE,EASY,NONE,,Normal pattern,Counter evidence reduced score,ALLOW,20260928,v1
TXN-SYN0000242,CASE-CUS-00039,FALSE,BENIGN_ANOMALY,NONE,EASY,NONE,,Normal pattern,None,MONITOR,20260928,v1
TXN-SYN0000243,CASE-CUS-00100,FALSE,NORMAL,NONE,EASY,NONE,,Normal pattern,None,ALLOW,20260928,v1
TXN-SYN0000244,CASE-CUS-00109,FALSE,NORMAL,NONE,EASY,NONE,,Normal pattern,Counter evidence reduced score,ALLOW,20260928,v1
TXN-SYN0000245,CASE-CUS-00002,FALSE,NORMAL,NONE,EASY,NONE,,Normal pattern,Counter evidence reduced score,ALLOW,20260928,v1
TXN-SYN0000246,CASE-CUS-00067,FALSE,BENIGN_ANOMALY,NONE,EASY,NONE,,Normal pattern,None,MONITOR,20260928,v1
TXN-SYN0000247,CASE-CUS-00063,FALSE,NORMAL,NONE,EASY,NONE,,Normal pattern,Counter evidence reduced score,ALLOW,20260928,v1
TXN-SYN0000248,CASE-CUS-00034,FALSE,NORMAL,NONE,EASY,NONE,,Normal pattern,None,ALLOW,20260928,v1
TXN-SYN0000249,CASE-CUS-00043,FALSE,NORMAL,NONE,EASY,NONE,,Normal pattern,None,ALLOW,20260928,v1
TXN-SYN0000250,CASE-CUS-00097,FALSE,NORMAL,NONE,EASY,NONE,,Normal pattern,None,ALLOW,20260928,v1
TXN-SYN0000251,CASE-CUS-00032,FALSE,NORMAL,NONE,EASY,NONE,,Normal pattern,Counter evidence reduced score,ALLOW,20260928,v1
TXN-SYN0000252,CASE-CUS-00090,FALSE,NORMAL,NONE,EASY,NONE,,Normal pattern,None,ALLOW,20260928,v1
TXN-SYN0000253,CASE-CUS-00002,FALSE,NORMAL,NONE,EASY,NONE,,Normal pattern,Counter evidence reduced score,ALLOW,20260928,v1
TXN-SYN0000254,CASE-CUS-00045,FALSE,NORMAL,NONE,EASY,NONE,,Normal pattern,None,ALLOW,20260928,v1
TXN-SYN0000255,CASE-CUS-00073,FALSE,NORMAL,NONE,EASY,NONE,,Normal pattern,None,ALLOW,20260928,v1
TXN-SYN0000256,CASE-CUS-00067,FALSE,NORMAL,NONE,EASY,NONE,,Normal pattern,Counter evidence reduced score,ALLOW,20260928,v1
TXN-SYN0000257,CASE-CUS-00099,FALSE,NORMAL,NONE,EASY,NONE,,Normal pattern,None,ALLOW,20260928,v1
TXN-SYN0000258,CASE-CUS-00104,FALSE,NORMAL,NONE,EASY,NONE,,Normal pattern,Counter evidence reduced score,ALLOW,20260928,v1
TXN-SYN0000259,CASE-CUS-00064,FALSE,NORMAL,NONE,EASY,NONE,,Normal pattern,Counter evidence reduced score,ALLOW,20260928,v1
TXN-SYN0000260,CASE-CUS-00109,FALSE,NORMAL,NONE,EASY,NONE,,Normal pattern,Counter evidence reduced score,ALLOW,20260928,v1
TXN-SYN0000261,CASE-CUS-00005,FALSE,NORMAL,NONE,EASY,NONE,,Normal pattern,None,ALLOW,20260928,v1
TXN-SYN0000262,CASE-CUS-00102,FALSE,NORMAL,NONE,EASY,NONE,,Normal pattern,None,ALLOW,20260928,v1
TXN-SYN0000263,CASE-CUS-00076,FALSE,NORMAL,NONE,EASY,NONE,,Normal pattern,Counter evidence reduced score,ALLOW,20260928,v1
TXN-SYN0000264,CASE-CUS-00120,FALSE,NORMAL,NONE,EASY,NONE,,Normal pattern,Counter evidence reduced score,ALLOW,20260928,v1
TXN-SYN0000265,CASE-CUS-00042,FALSE,NORMAL,NONE,EASY,NONE,,Normal pattern,None,ALLOW,20260928,v1
TXN-SYN0000266,CASE-CUS-00054,FALSE,NORMAL,NONE,EASY,NONE,,Normal pattern,None,ALLOW,20260928,v1
TXN-SYN0000267,CASE-CUS-00051,FALSE,NORMAL,NONE,EASY,NONE,,Normal pattern,None,ALLOW,20260928,v1
TXN-SYN0000268,CASE-CUS-00084,FALSE,NORMAL,NONE,EASY,NONE,,Normal pattern,Counter evidence reduced score,ALLOW,20260928,v1
TXN-SYN0000269,CASE-CUS-00004,FALSE,NORMAL,NONE,EASY,NONE,,Normal pattern,None,ALLOW,20260928,v1
TXN-SYN0000270,CASE-CUS-00047,FALSE,NORMAL,NONE,EASY,NONE,,Normal pattern,None,ALLOW,20260928,v1
TXN-SYN0000271,CASE-CUS-00079,FALSE,BENIGN_ANOMALY,NONE,EASY,NONE,,Normal pattern,Counter evidence reduced score,MONITOR,20260928,v1
TXN-SYN0000272,CASE-CUS-00050,FALSE,NORMAL,NONE,EASY,NONE,,Normal pattern,None,ALLOW,20260928,v1
TXN-SYN0000273,CASE-CUS-00075,FALSE,NORMAL,NONE,EASY,NONE,,Normal pattern,None,ALLOW,20260928,v1
TXN-SYN0000274,CASE-CUS-00092,FALSE,NORMAL,NONE,EASY,NONE,,Normal pattern,None,ALLOW,20260928,v1
TXN-SYN0000275,CASE-CUS-00055,FALSE,NORMAL,NONE,EASY,NONE,,Normal pattern,None,ALLOW,20260928,v1
TXN-SYN0000276,CASE-CUS-00027,FALSE,NORMAL,NONE,EASY,NONE,,Normal pattern,None,ALLOW,20260928,v1
TXN-SYN0000277,CASE-CUS-00028,FALSE,NORMAL,NONE,EASY,NONE,,Normal pattern,None,ALLOW,20260928,v1
TXN-SYN0000278,CASE-CUS-00005,FALSE,NORMAL,NONE,EASY,NONE,,Normal pattern,Counter evidence reduced score,ALLOW,20260928,v1
TXN-SYN0000279,CASE-CUS-00050,FALSE,NORMAL,NONE,EASY,NONE,,Normal pattern,None,ALLOW,20260928,v1
TXN-SYN0000280,CASE-CUS-00091,FALSE,NORMAL,NONE,EASY,NONE,,Normal pattern,None,ALLOW,20260928,v1
TXN-SYN0000281,CASE-CUS-00092,FALSE,NORMAL,NONE,EASY,NONE,,Normal pattern,None,ALLOW,20260928,v1
TXN-SYN0000282,CASE-CUS-00071,FALSE,NORMAL,NONE,EASY,NONE,,Normal pattern,Counter evidence reduced score,ALLOW,20260928,v1
TXN-SYN0000283,CASE-CUS-00091,FALSE,NORMAL,NONE,EASY,NONE,,Normal pattern,None,ALLOW,20260928,v1
TXN-SYN0000284,CASE-CUS-00077,FALSE,NORMAL,NONE,EASY,NONE,,Normal pattern,Counter evidence reduced score,ALLOW,20260928,v1
TXN-SYN0000285,CASE-CUS-00004,FALSE,NORMAL,NONE,EASY,NONE,,Normal pattern,None,ALLOW,20260928,v1
TXN-SYN0000286,CASE-CUS-00092,FALSE,NORMAL,NONE,EASY,NONE,,Normal pattern,None,ALLOW,20260928,v1
TXN-SYN0000287,CASE-CUS-00107,FALSE,BENIGN_ANOMALY,NONE,EASY,NONE,,Normal pattern,None,MONITOR,20260928,v1
TXN-SYN0000288,CASE-CUS-00041,FALSE,NORMAL,NONE,EASY,NONE,,Normal pattern,None,ALLOW,20260928,v1
TXN-SYN0000289,CASE-CUS-00041,FALSE,NORMAL,NONE,EASY,NONE,,Normal pattern,None,ALLOW,20260928,v1
TXN-SYN0000290,CASE-CUS-00041,FALSE,NORMAL,NONE,EASY,NONE,,Normal pattern,None,ALLOW,20260928,v1
TXN-SYN0000291,CASE-CUS-00011,FALSE,BENIGN_ANOMALY,NONE,EASY,NONE,,Normal pattern,None,MONITOR,20260928,v1
TXN-SYN0000292,CASE-CUS-00056,FALSE,NORMAL,NONE,EASY,NONE,,Normal pattern,None,ALLOW,20260928,v1
TXN-SYN0000293,CASE-CUS-00079,FALSE,NORMAL,NONE,EASY,NONE,,Normal pattern,Counter evidence reduced score,ALLOW,20260928,v1
TXN-SYN0000294,CASE-CUS-00007,FALSE,NORMAL,NONE,EASY,NONE,,Normal pattern,None,ALLOW,20260928,v1
TXN-SYN0000295,CASE-CUS-00041,FALSE,NORMAL,NONE,EASY,NONE,,Normal pattern,None,ALLOW,20260928,v1
TXN-SYN0000296,CASE-CUS-00031,FALSE,NORMAL,NONE,EASY,NONE,,Normal pattern,None,ALLOW,20260928,v1
TXN-SYN0000297,CASE-CUS-00117,FALSE,NORMAL,NONE,EASY,NONE,,Normal pattern,Counter evidence reduced score,ALLOW,20260928,v1
TXN-SYN0000298,CASE-CUS-00026,FALSE,NORMAL,NONE,EASY,NONE,,Normal pattern,None,ALLOW,20260928,v1
TXN-SYN0000299,CASE-CUS-00066,FALSE,NORMAL,NONE,EASY,NONE,,Normal pattern,Counter evidence reduced score,ALLOW,20260928,v1
TXN-SYN0000300,CASE-CUS-00041,FALSE,NORMAL,NONE,EASY,NONE,,Normal pattern,None,ALLOW,20260928,v1
TXN-SYN0000301,CASE-CUS-00052,FALSE,NORMAL,NONE,EASY,NONE,,Normal pattern,None,ALLOW,20260928,v1
TXN-SYN0000302,CASE-CUS-00050,FALSE,NORMAL,NONE,EASY,NONE,,Normal pattern,None,ALLOW,20260928,v1
TXN-SYN0000303,CASE-CUS-00078,FALSE,NORMAL,NONE,EASY,NONE,,Normal pattern,None,ALLOW,20260928,v1
TXN-SYN0000304,CASE-CUS-00110,FALSE,NORMAL,NONE,EASY,NONE,,Normal pattern,Counter evidence reduced score,ALLOW,20260928,v1
TXN-SYN0000305,CASE-CUS-00077,FALSE,NORMAL,NONE,EASY,NONE,,Normal pattern,Counter evidence reduced score,ALLOW,20260928,v1
TXN-SYN0000306,CASE-CUS-00086,FALSE,NORMAL,NONE,EASY,NONE,,Normal pattern,Counter evidence reduced score,ALLOW,20260928,v1
TXN-SYN0000307,CASE-CUS-00087,FALSE,NORMAL,NONE,EASY,NONE,,Normal pattern,None,ALLOW,20260928,v1
TXN-SYN0000308,CASE-CUS-00020,FALSE,NORMAL,NONE,EASY,NONE,,Normal pattern,None,ALLOW,20260928,v1
TXN-SYN0000309,CASE-CUS-00118,FALSE,NORMAL,NONE,EASY,NONE,,Normal pattern,Counter evidence reduced score,ALLOW,20260928,v1
TXN-SYN0000310,CASE-CUS-00039,FALSE,NORMAL,NONE,EASY,NONE,,Normal pattern,None,ALLOW,20260928,v1
TXN-SYN0000311,CASE-CUS-00035,FALSE,BENIGN_ANOMALY,NONE,EASY,NONE,,Normal pattern,None,MONITOR,20260928,v1
TXN-SYN0000312,CASE-CUS-00011,FALSE,NORMAL,NONE,EASY,NONE,,Normal pattern,None,ALLOW,20260928,v1
TXN-SYN0000313,CASE-CUS-00054,FALSE,NORMAL,NONE,EASY,NONE,,Normal pattern,None,ALLOW,20260928,v1
TXN-SYN0000314,CASE-CUS-00111,FALSE,NORMAL,NONE,EASY,NONE,,Normal pattern,Counter evidence reduced score,ALLOW,20260928,v1
TXN-SYN0000315,CASE-CUS-00007,FALSE,NORMAL,NONE,EASY,NONE,,Normal pattern,None,ALLOW,20260928,v1
TXN-SYN0000316,CASE-CUS-00007,FALSE,NORMAL,NONE,EASY,NONE,,Normal pattern,None,ALLOW,20260928,v1
TXN-SYN0000317,CASE-CUS-00046,FALSE,NORMAL,NONE,EASY,NONE,,Normal pattern,None,ALLOW,20260928,v1
TXN-SYN0000318,CASE-CUS-00119,FALSE,NORMAL,NONE,EASY,NONE,,Normal pattern,Counter evidence reduced score,ALLOW,20260928,v1
TXN-SYN0000319,CASE-CUS-00007,FALSE,NORMAL,NONE,EASY,NONE,,Normal pattern,None,ALLOW,20260928,v1
TXN-SYN0000320,CASE-CUS-00077,FALSE,NORMAL,NONE,EASY,NONE,,Normal pattern,Counter evidence reduced score,ALLOW,20260928,v1
TXN-SYN0000321,CASE-CUS-00046,FALSE,NORMAL,NONE,EASY,NONE,,Normal pattern,None,ALLOW,20260928,v1
TXN-SYN0000322,CASE-CUS-00104,FALSE,NORMAL,NONE,EASY,NONE,,Normal pattern,None,ALLOW,20260928,v1
TXN-SYN0000323,CASE-CUS-00029,FALSE,NORMAL,NONE,EASY,NONE,,Normal pattern,None,MONITOR,20260928,v1
TXN-SYN0000324,CASE-CUS-00107,FALSE,NORMAL,NONE,EASY,NONE,,Normal pattern,None,ALLOW,20260928,v1
TXN-SYN0000325,CASE-CUS-00107,FALSE,NORMAL,NONE,EASY,NONE,,Normal pattern,None,ALLOW,20260928,v1
TXN-SYN0000326,CASE-CUS-00057,FALSE,NORMAL,NONE,EASY,NONE,,Normal pattern,None,ALLOW,20260928,v1
TXN-SYN0000327,CASE-CUS-00098,FALSE,NORMAL,NONE,EASY,NONE,,Normal pattern,Counter evidence reduced score,ALLOW,20260928,v1
TXN-SYN0000328,CASE-CUS-00038,FALSE,NORMAL,NONE,EASY,NONE,,Normal pattern,Counter evidence reduced score,ALLOW,20260928,v1
TXN-SYN0000329,CASE-CUS-00019,FALSE,NORMAL,NONE,EASY,NONE,,Normal pattern,Counter evidence reduced score,ALLOW,20260928,v1
TXN-SYN0000330,CASE-CUS-00035,FALSE,NORMAL,NONE,EASY,NONE,,Normal pattern,Counter evidence reduced score,ALLOW,20260928,v1
TXN-SYN0000331,CASE-CUS-00098,FALSE,NORMAL,NONE,EASY,NONE,,Normal pattern,Counter evidence reduced score,ALLOW,20260928,v1
TXN-SYN0000332,CASE-CUS-00071,FALSE,NORMAL,NONE,EASY,NONE,,Normal pattern,None,ALLOW,20260928,v1
TXN-SYN0000333,CASE-CUS-00071,FALSE,NORMAL,NONE,EASY,NONE,,Normal pattern,Counter evidence reduced score,ALLOW,20260928,v1
TXN-SYN0000334,CASE-CUS-00068,FALSE,NORMAL,NONE,EASY,NONE,,Normal pattern,Counter evidence reduced score,ALLOW,20260928,v1
TXN-SYN0000335,CASE-CUS-00077,FALSE,NORMAL,NONE,EASY,NONE,,Normal pattern,Counter evidence reduced score,ALLOW,20260928,v1
TXN-SYN0000336,CASE-CUS-00077,FALSE,NORMAL,NONE,EASY,NONE,,Normal pattern,Counter evidence reduced score,ALLOW,20260928,v1
TXN-SYN0000337,CASE-CUS-00066,FALSE,NORMAL,NONE,EASY,NONE,,Normal pattern,Counter evidence reduced score,ALLOW,20260928,v1
TXN-SYN0000338,CASE-CUS-00031,FALSE,BENIGN_ANOMALY,NONE,EASY,NONE,,Normal pattern,None,MONITOR,20260928,v1
TXN-SYN0000339,CASE-CUS-00056,FALSE,NORMAL,NONE,EASY,NONE,,Normal pattern,None,ALLOW,20260928,v1
TXN-SYN0000340,CASE-CUS-00003,FALSE,NORMAL,NONE,EASY,NONE,,Normal pattern,None,ALLOW,20260928,v1
TXN-SYN0000341,CASE-CUS-00064,FALSE,NORMAL,NONE,EASY,NONE,,Normal pattern,Counter evidence reduced score,ALLOW,20260928,v1
TXN-SYN0000342,CASE-CUS-00018,FALSE,NORMAL,NONE,EASY,NONE,,Normal pattern,None,ALLOW,20260928,v1
TXN-SYN0000343,CASE-CUS-00092,FALSE,NORMAL,NONE,EASY,NONE,,Normal pattern,None,ALLOW,20260928,v1
TXN-SYN0000344,CASE-CUS-00092,FALSE,NORMAL,NONE,EASY,NONE,,Normal pattern,None,ALLOW,20260928,v1
TXN-SYN0000345,CASE-CUS-00022,FALSE,NORMAL,NONE,EASY,NONE,,Normal pattern,None,ALLOW,20260928,v1
TXN-SYN0000346,CASE-CUS-00092,FALSE,NORMAL,NONE,EASY,NONE,,Normal pattern,None,ALLOW,20260928,v1
TXN-SYN0000347,CASE-CUS-00115,FALSE,NORMAL,NONE,EASY,NONE,,Normal pattern,Counter evidence reduced score,ALLOW,20260928,v1
TXN-SYN0000348,CASE-CUS-00063,FALSE,NORMAL,NONE,EASY,NONE,,Normal pattern,Counter evidence reduced score,ALLOW,20260928,v1
TXN-SYN0000349,CASE-CUS-00056,FALSE,NORMAL,NONE,EASY,NONE,,Normal pattern,Counter evidence reduced score,ALLOW,20260928,v1
TXN-SYN0000350,CASE-CUS-00075,FALSE,NORMAL,NONE,EASY,NONE,,Normal pattern,Counter evidence reduced score,ALLOW,20260928,v1
TXN-SYN0000351,CASE-CUS-00100,FALSE,NORMAL,NONE,EASY,NONE,,Normal pattern,None,ALLOW,20260928,v1
TXN-SYN0000352,CASE-CUS-00076,FALSE,NORMAL,NONE,EASY,NONE,,Normal pattern,Counter evidence reduced score,ALLOW,20260928,v1
TXN-SYN0000353,CASE-CUS-00105,FALSE,NORMAL,NONE,EASY,NONE,,Normal pattern,None,ALLOW,20260928,v1
TXN-SYN0000354,CASE-CUS-00024,FALSE,NORMAL,NONE,EASY,NONE,,Normal pattern,None,ALLOW,20260928,v1
TXN-SYN0000355,CASE-CUS-00027,FALSE,NORMAL,NONE,EASY,NONE,,Normal pattern,None,ALLOW,20260928,v1
TXN-SYN0000356,CASE-CUS-00024,FALSE,NORMAL,NONE,EASY,NONE,,Normal pattern,None,ALLOW,20260928,v1
TXN-SYN0000357,CASE-CUS-00099,FALSE,NORMAL,NONE,EASY,NONE,,Normal pattern,None,ALLOW,20260928,v1
TXN-SYN0000358,CASE-CUS-00061,FALSE,NORMAL,NONE,EASY,NONE,,Normal pattern,Counter evidence reduced score,ALLOW,20260928,v1
TXN-SYN0000359,CASE-CUS-00095,FALSE,NORMAL,NONE,EASY,NONE,,Normal pattern,None,ALLOW,20260928,v1
TXN-SYN0000360,CASE-CUS-00029,FALSE,NORMAL,NONE,EASY,NONE,,Normal pattern,None,ALLOW,20260928,v1
TXN-SYN0000361,CASE-CUS-00040,FALSE,NORMAL,NONE,EASY,NONE,,Normal pattern,None,ALLOW,20260928,v1
TXN-SYN0000362,CASE-CUS-00032,FALSE,BENIGN_ANOMALY,NONE,EASY,NONE,,Normal pattern,None,MONITOR,20260928,v1
TXN-SYN0000363,CASE-CUS-00048,FALSE,BENIGN_ANOMALY,NONE,EASY,NONE,,Normal pattern,None,MONITOR,20260928,v1
TXN-SYN0000364,CASE-CUS-00017,FALSE,BENIGN_ANOMALY,NONE,EASY,NONE,,Normal pattern,None,MONITOR,20260928,v1
TXN-SYN0000365,CASE-CUS-00037,FALSE,BENIGN_ANOMALY,NONE,EASY,NONE,,Normal pattern,None,MONITOR,20260928,v1
TXN-SYN0000366,CASE-CUS-00073,FALSE,NORMAL,NONE,EASY,NONE,,Normal pattern,Counter evidence reduced score,ALLOW,20260928,v1
TXN-SYN0000367,CASE-CUS-00036,FALSE,NORMAL,NONE,EASY,NONE,,Normal pattern,Counter evidence reduced score,ALLOW,20260928,v1
TXN-SYN0000368,CASE-CUS-00019,FALSE,NORMAL,NONE,EASY,NONE,,Normal pattern,None,ALLOW,20260928,v1
TXN-SYN0000369,CASE-CUS-00094,FALSE,NORMAL,NONE,EASY,NONE,,Normal pattern,None,ALLOW,20260928,v1
TXN-SYN0000370,CASE-CUS-00115,FALSE,NORMAL,NONE,EASY,NONE,,Normal pattern,Counter evidence reduced score,ALLOW,20260928,v1
TXN-SYN0000371,CASE-CUS-00038,FALSE,NORMAL,NONE,EASY,NONE,,Normal pattern,None,ALLOW,20260928,v1
TXN-SYN0000372,CASE-CUS-00042,FALSE,NORMAL,NONE,EASY,NONE,,Normal pattern,None,ALLOW,20260928,v1
TXN-SYN0000373,CASE-CUS-00011,FALSE,NORMAL,NONE,EASY,NONE,,Normal pattern,None,ALLOW,20260928,v1
TXN-SYN0000374,CASE-CUS-00090,FALSE,NORMAL,NONE,EASY,NONE,,Normal pattern,Counter evidence reduced score,ALLOW,20260928,v1
TXN-SYN0000375,CASE-CUS-00041,FALSE,NORMAL,NONE,EASY,NONE,,Normal pattern,None,ALLOW,20260928,v1
TXN-SYN0000376,CASE-CUS-00032,FALSE,NORMAL,NONE,EASY,NONE,,Normal pattern,None,ALLOW,20260928,v1
TXN-SYN0000377,CASE-CUS-00022,FALSE,NORMAL,NONE,EASY,NONE,,Normal pattern,None,ALLOW,20260928,v1
TXN-SYN0000378,CASE-CUS-00055,FALSE,NORMAL,NONE,EASY,NONE,,Normal pattern,None,ALLOW,20260928,v1
TXN-SYN0000379,CASE-CUS-00021,FALSE,NORMAL,NONE,EASY,NONE,,Normal pattern,None,ALLOW,20260928,v1
TXN-SYN0000380,CASE-CUS-00073,FALSE,NORMAL,NONE,EASY,NONE,,Normal pattern,Counter evidence reduced score,ALLOW,20260928,v1
TXN-SYN0000381,CASE-CUS-00099,FALSE,NORMAL,NONE,EASY,NONE,,Normal pattern,None,ALLOW,20260928,v1
TXN-SYN0000382,CASE-CUS-00065,FALSE,NORMAL,NONE,EASY,NONE,,Normal pattern,None,ALLOW,20260928,v1
TXN-SYN0000383,CASE-CUS-00094,FALSE,NORMAL,NONE,EASY,NONE,,Normal pattern,None,ALLOW,20260928,v1
TXN-SYN0000384,CASE-CUS-00120,FALSE,NORMAL,NONE,EASY,NONE,,Normal pattern,Counter evidence reduced score,ALLOW,20260928,v1
TXN-SYN0000385,CASE-CUS-00120,FALSE,NORMAL,NONE,EASY,NONE,,Normal pattern,None,ALLOW,20260928,v1
TXN-SYN0000386,CASE-CUS-00050,FALSE,NORMAL,NONE,EASY,NONE,,Normal pattern,Counter evidence reduced score,ALLOW,20260928,v1
TXN-SYN0000387,CASE-CUS-00101,FALSE,NORMAL,NONE,EASY,NONE,,Normal pattern,None,ALLOW,20260928,v1
TXN-SYN0000388,CASE-CUS-00047,FALSE,NORMAL,NONE,EASY,NONE,,Normal pattern,None,ALLOW,20260928,v1
TXN-SYN0000389,CASE-CUS-00058,FALSE,NORMAL,NONE,EASY,NONE,,Normal pattern,None,ALLOW,20260928,v1
TXN-SYN0000390,CASE-CUS-00012,FALSE,NORMAL,NONE,EASY,NONE,,Normal pattern,None,ALLOW,20260928,v1
TXN-SYN0000391,CASE-CUS-00080,FALSE,NORMAL,NONE,EASY,NONE,,Normal pattern,Counter evidence reduced score,ALLOW,20260928,v1
TXN-SYN0000392,CASE-CUS-00091,FALSE,NORMAL,NONE,EASY,NONE,,Normal pattern,None,ALLOW,20260928,v1
TXN-SYN0000393,CASE-CUS-00089,FALSE,NORMAL,NONE,EASY,NONE,,Normal pattern,None,ALLOW,20260928,v1
TXN-SYN0000394,CASE-CUS-00011,FALSE,NORMAL,NONE,EASY,NONE,,Normal pattern,None,ALLOW,20260928,v1
TXN-SYN0000395,CASE-CUS-00087,FALSE,NORMAL,NONE,EASY,NONE,,Normal pattern,None,ALLOW,20260928,v1
TXN-SYN0000396,CASE-CUS-00088,FALSE,NORMAL,NONE,EASY,NONE,,Normal pattern,None,ALLOW,20260928,v1
TXN-SYN0000397,CASE-CUS-00050,FALSE,NORMAL,NONE,EASY,NONE,,Normal pattern,None,ALLOW,20260928,v1
TXN-SYN0000398,CASE-CUS-00054,FALSE,NORMAL,NONE,EASY,NONE,,Normal pattern,None,ALLOW,20260928,v1
TXN-SYN0000399,CASE-CUS-00023,FALSE,NORMAL,NONE,EASY,NONE,,Normal pattern,None,ALLOW,20260928,v1
TXN-SYN0000400,CASE-CUS-00080,FALSE,NORMAL,NONE,EASY,NONE,,Normal pattern,Counter evidence reduced score,ALLOW,20260928,v1
TXN-SYN0000401,CASE-CUS-00023,FALSE,NORMAL,NONE,EASY,NONE,,Normal pattern,None,ALLOW,20260928,v1
TXN-SYN0000402,CASE-CUS-00023,FALSE,NORMAL,NONE,EASY,NONE,,Normal pattern,None,ALLOW,20260928,v1
TXN-SYN0000403,CASE-CUS-00088,FALSE,NORMAL,NONE,EASY,NONE,,Normal pattern,None,ALLOW,20260928,v1
TXN-SYN0000404,CASE-CUS-00025,FALSE,NORMAL,NONE,EASY,NONE,,Normal pattern,None,ALLOW,20260928,v1
TXN-SYN0000405,CASE-CUS-00037,FALSE,NORMAL,NONE,EASY,NONE,,Normal pattern,None,ALLOW,20260928,v1
TXN-SYN0000406,CASE-CUS-00089,FALSE,NORMAL,NONE,EASY,NONE,,Normal pattern,None,ALLOW,20260928,v1
TXN-SYN0000407,CASE-CUS-00053,FALSE,NORMAL,NONE,EASY,NONE,,Normal pattern,None,ALLOW,20260928,v1
TXN-SYN0000408,CASE-CUS-00057,FALSE,NORMAL,NONE,EASY,NONE,,Normal pattern,None,ALLOW,20260928,v1
TXN-SYN0000409,CASE-CUS-00047,FALSE,NORMAL,NONE,EASY,NONE,,Normal pattern,None,ALLOW,20260928,v1
TXN-SYN0000410,CASE-CUS-00119,FALSE,NORMAL,NONE,EASY,NONE,,Normal pattern,Counter evidence reduced score,ALLOW,20260928,v1
TXN-SYN0000411,CASE-CUS-00040,FALSE,NORMAL,NONE,EASY,NONE,,Normal pattern,Counter evidence reduced score,ALLOW,20260928,v1
TXN-SYN0000412,CASE-CUS-00085,FALSE,NORMAL,NONE,EASY,NONE,,Normal pattern,None,ALLOW,20260928,v1
TXN-SYN0000413,CASE-CUS-00064,FALSE,NORMAL,NONE,EASY,NONE,,Normal pattern,None,ALLOW,20260928,v1
TXN-SYN0000414,CASE-CUS-00080,FALSE,NORMAL,NONE,EASY,NONE,,Normal pattern,Counter evidence reduced score,ALLOW,20260928,v1
TXN-SYN0000415,CASE-CUS-00037,FALSE,NORMAL,NONE,EASY,NONE,,Normal pattern,None,ALLOW,20260928,v1
TXN-SYN0000416,CASE-CUS-00077,FALSE,NORMAL,NONE,EASY,NONE,,Normal pattern,None,ALLOW,20260928,v1
TXN-SYN0000417,CASE-CUS-00022,FALSE,NORMAL,NONE,EASY,NONE,,Normal pattern,None,ALLOW,20260928,v1
TXN-SYN0000418,CASE-CUS-00023,FALSE,NORMAL,NONE,EASY,NONE,,Normal pattern,None,ALLOW,20260928,v1
TXN-SYN0000419,CASE-CUS-00007,FALSE,NORMAL,NONE,EASY,NONE,,Normal pattern,None,ALLOW,20260928,v1
TXN-SYN0000420,CASE-CUS-00012,FALSE,NORMAL,NONE,EASY,NONE,,Normal pattern,Counter evidence reduced score,ALLOW,20260928,v1
TXN-SYN0000421,CASE-CUS-00019,FALSE,NORMAL,NONE,EASY,NONE,,Normal pattern,None,ALLOW,20260928,v1
TXN-SYN0000422,CASE-CUS-00113,FALSE,NORMAL,NONE,EASY,NONE,,Normal pattern,Counter evidence reduced score,ALLOW,20260928,v1
TXN-SYN0000423,CASE-CUS-00083,FALSE,NORMAL,NONE,EASY,NONE,,Normal pattern,Counter evidence reduced score,ALLOW,20260928,v1
TXN-SYN0000424,CASE-CUS-00096,FALSE,NORMAL,NONE,EASY,NONE,,Normal pattern,None,ALLOW,20260928,v1
TXN-SYN0000425,CASE-CUS-00096,FALSE,NORMAL,NONE,EASY,NONE,,Normal pattern,None,ALLOW,20260928,v1
TXN-SYN0000426,CASE-CUS-00096,FALSE,NORMAL,NONE,EASY,NONE,,Normal pattern,None,ALLOW,20260928,v1
TXN-SYN0000427,CASE-CUS-00029,FALSE,NORMAL,NONE,EASY,NONE,,Normal pattern,None,ALLOW,20260928,v1
TXN-SYN0000428,CASE-CUS-00034,FALSE,NORMAL,NONE,EASY,NONE,,Normal pattern,None,ALLOW,20260928,v1
TXN-SYN0000429,CASE-CUS-00073,FALSE,NORMAL,NONE,EASY,NONE,,Normal pattern,None,ALLOW,20260928,v1
TXN-SYN0000430,CASE-CUS-00046,FALSE,NORMAL,NONE,EASY,NONE,,Normal pattern,Counter evidence reduced score,ALLOW,20260928,v1
TXN-SYN0000431,CASE-CUS-00030,FALSE,NORMAL,NONE,EASY,NONE,,Normal pattern,Counter evidence reduced score,ALLOW,20260928,v1
TXN-SYN0000432,CASE-CUS-00065,FALSE,NORMAL,NONE,EASY,NONE,,Normal pattern,Counter evidence reduced score,ALLOW,20260928,v1
TXN-SYN0000433,CASE-CUS-00120,FALSE,NORMAL,NONE,EASY,NONE,,Normal pattern,Counter evidence reduced score,ALLOW,20260928,v1
TXN-SYN0000434,CASE-CUS-00081,FALSE,BENIGN_ANOMALY,NONE,EASY,NONE,,Normal pattern,Counter evidence reduced score,MONITOR,20260928,v1
TXN-SYN0000435,CASE-CUS-00082,FALSE,BENIGN_ANOMALY,NONE,EASY,NONE,,Normal pattern,Counter evidence reduced score,MONITOR,20260928,v1
TXN-SYN0000436,CASE-CUS-00105,FALSE,NORMAL,NONE,EASY,NONE,,Normal pattern,Counter evidence reduced score,ALLOW,20260928,v1
TXN-SYN0000437,CASE-CUS-00024,FALSE,NORMAL,NONE,EASY,NONE,,Normal pattern,None,ALLOW,20260928,v1
TXN-SYN0000438,CASE-CUS-00053,FALSE,NORMAL,NONE,EASY,NONE,,Normal pattern,Counter evidence reduced score,ALLOW,20260928,v1
TXN-SYN0000439,CASE-CUS-00079,FALSE,NORMAL,NONE,EASY,NONE,,Normal pattern,Counter evidence reduced score,ALLOW,20260928,v1
TXN-SYN0000440,CASE-CUS-00068,FALSE,NORMAL,NONE,EASY,NONE,,Normal pattern,Counter evidence reduced score,ALLOW,20260928,v1
TXN-SYN0000441,CASE-CUS-00079,FALSE,NORMAL,NONE,EASY,NONE,,Normal pattern,Counter evidence reduced score,ALLOW,20260928,v1
TXN-SYN0000442,CASE-CUS-00056,FALSE,NORMAL,NONE,EASY,NONE,,Normal pattern,Counter evidence reduced score,ALLOW,20260928,v1
TXN-SYN0000443,CASE-CUS-00036,FALSE,NORMAL,NONE,EASY,NONE,,Normal pattern,None,ALLOW,20260928,v1
TXN-SYN0000444,CASE-CUS-00064,FALSE,NORMAL,NONE,EASY,NONE,,Normal pattern,Counter evidence reduced score,ALLOW,20260928,v1
TXN-SYN0000445,CASE-CUS-00015,FALSE,NORMAL,NONE,EASY,NONE,,Normal pattern,None,ALLOW,20260928,v1
TXN-SYN0000446,CASE-CUS-00022,FALSE,NORMAL,NONE,EASY,NONE,,Normal pattern,None,ALLOW,20260928,v1
TXN-SYN0000447,CASE-CUS-00107,FALSE,NORMAL,NONE,EASY,NONE,,Normal pattern,None,ALLOW,20260928,v1
TXN-SYN0000448,CASE-CUS-00001,FALSE,NORMAL,NONE,EASY,NONE,,Normal pattern,None,ALLOW,20260928,v1
TXN-SYN0000449,CASE-CUS-00081,FALSE,NORMAL,NONE,EASY,NONE,,Normal pattern,Counter evidence reduced score,ALLOW,20260928,v1
TXN-SYN0000450,CASE-CUS-00119,FALSE,NORMAL,NONE,EASY,NONE,,Normal pattern,Counter evidence reduced score,ALLOW,20260928,v1
TXN-SYN0000451,CASE-CUS-00053,FALSE,NORMAL,NONE,EASY,NONE,,Normal pattern,None,ALLOW,20260928,v1
TXN-SYN0000452,CASE-CUS-00056,FALSE,NORMAL,NONE,EASY,NONE,,Normal pattern,None,ALLOW,20260928,v1
TXN-SYN0000453,CASE-CUS-00036,FALSE,NORMAL,NONE,EASY,NONE,,Normal pattern,None,ALLOW,20260928,v1
TXN-SYN0000454,CASE-CUS-00058,FALSE,NORMAL,NONE,EASY,NONE,,Normal pattern,None,ALLOW,20260928,v1
TXN-SYN0000455,CASE-CUS-00055,FALSE,NORMAL,NONE,EASY,NONE,,Normal pattern,Counter evidence reduced score,ALLOW,20260928,v1
TXN-SYN0000456,CASE-CUS-00062,FALSE,BENIGN_ANOMALY,NONE,EASY,NONE,,Normal pattern,None,MONITOR,20260928,v1
TXN-SYN0000457,CASE-CUS-00048,FALSE,BENIGN_ANOMALY,NONE,EASY,NONE,,Normal pattern,None,MONITOR,20260928,v1
TXN-SYN0000458,CASE-CUS-00083,FALSE,BENIGN_ANOMALY,NONE,EASY,NONE,,Normal pattern,Counter evidence reduced score,MONITOR,20260928,v1
TXN-SYN0000459,CASE-CUS-00064,FALSE,NORMAL,NONE,EASY,NONE,,Normal pattern,Counter evidence reduced score,ALLOW,20260928,v1
TXN-SYN0000460,CASE-CUS-00088,FALSE,NORMAL,NONE,EASY,NONE,,Normal pattern,None,ALLOW,20260928,v1
TXN-SYN0000461,CASE-CUS-00118,FALSE,NORMAL,NONE,EASY,NONE,,Normal pattern,Counter evidence reduced score,ALLOW,20260928,v1
TXN-SYN0000462,CASE-CUS-00033,FALSE,NORMAL,NONE,EASY,NONE,,Normal pattern,None,ALLOW,20260928,v1
TXN-SYN0000463,CASE-CUS-00050,FALSE,NORMAL,NONE,EASY,NONE,,Normal pattern,None,ALLOW,20260928,v1
TXN-SYN0000464,CASE-CUS-00116,FALSE,NORMAL,NONE,EASY,NONE,,Normal pattern,Counter evidence reduced score,ALLOW,20260928,v1
TXN-SYN0000465,CASE-CUS-00076,FALSE,NORMAL,NONE,EASY,NONE,,Normal pattern,Counter evidence reduced score,ALLOW,20260928,v1
TXN-SYN0000466,CASE-CUS-00017,FALSE,NORMAL,NONE,EASY,NONE,,Normal pattern,None,ALLOW,20260928,v1
TXN-SYN0000467,CASE-CUS-00008,FALSE,BENIGN_ANOMALY,NONE,EASY,NONE,,Normal pattern,None,MONITOR,20260928,v1
TXN-SYN0000468,CASE-CUS-00092,FALSE,BENIGN_ANOMALY,NONE,EASY,NONE,,Normal pattern,None,MONITOR,20260928,v1
TXN-SYN0000469,CASE-CUS-00063,FALSE,NORMAL,NONE,EASY,NONE,,Normal pattern,Counter evidence reduced score,ALLOW,20260928,v1
TXN-SYN0000470,CASE-CUS-00074,FALSE,NORMAL,NONE,EASY,NONE,,Normal pattern,None,ALLOW,20260928,v1
TXN-SYN0000471,CASE-CUS-00036,FALSE,NORMAL,NONE,EASY,NONE,,Normal pattern,None,ALLOW,20260928,v1
TXN-SYN0000472,CASE-CUS-00067,FALSE,NORMAL,NONE,EASY,NONE,,Normal pattern,Counter evidence reduced score,ALLOW,20260928,v1
TXN-SYN0000473,CASE-CUS-00080,FALSE,BENIGN_ANOMALY,NONE,EASY,NONE,,Normal pattern,None,MONITOR,20260928,v1
TXN-SYN0000474,CASE-000020,FALSE,NORMAL,NONE,EASY,NONE,FR-08|FR-09|FR-01,Normal pattern,None,ALLOW,20260928,v1
TXN-SYN0000475,CASE-000020,FALSE,NORMAL,NONE,EASY,NONE,FR-08|FR-09|FR-01,Normal pattern,None,ALLOW,20260928,v1
TXN-SYN0000476,CASE-000020,FALSE,NORMAL,NONE,EASY,NONE,FR-08|FR-09|FR-01,Normal pattern,None,ALLOW,20260928,v1
TXN-SYN0000477,CASE-000020,TRUE,FRAUD,VELOCITY_BURST,MEDIUM,amount|device_id|login_failures_30m,FR-08|FR-09|FR-01,Ground truth injected VELOCITY_BURST,None,ESCALATE,20260928,v1
TXN-SYN0000478,CASE-000020,TRUE,FRAUD,VELOCITY_BURST,MEDIUM,amount|device_id|login_failures_30m,FR-08|FR-09|FR-01,Ground truth injected VELOCITY_BURST,None,ESCALATE,20260928,v1
TXN-SYN0000479,CASE-CUS-00081,FALSE,BENIGN_ANOMALY,NONE,EASY,NONE,,Normal pattern,Counter evidence reduced score,MONITOR,20260928,v1
TXN-SYN0000480,CASE-CUS-00079,FALSE,BENIGN_ANOMALY,NONE,EASY,NONE,,Normal pattern,Counter evidence reduced score,MONITOR,20260928,v1
TXN-SYN0000481,CASE-CUS-00077,FALSE,NORMAL,NONE,EASY,NONE,,Normal pattern,Counter evidence reduced score,ALLOW,20260928,v1
TXN-SYN0000482,CASE-CUS-00009,FALSE,NORMAL,NONE,EASY,NONE,,Normal pattern,None,ALLOW,20260928,v1
TXN-SYN0000483,CASE-CUS-00047,FALSE,NORMAL,NONE,EASY,NONE,,Normal pattern,Counter evidence reduced score,ALLOW,20260928,v1
TXN-SYN0000484,CASE-CUS-00020,FALSE,NORMAL,NONE,EASY,NONE,,Normal pattern,Counter evidence reduced score,ALLOW,20260928,v1
TXN-SYN0000485,CASE-CUS-00034,FALSE,NORMAL,NONE,EASY,NONE,,Normal pattern,None,ALLOW,20260928,v1
TXN-SYN0000486,CASE-CUS-00011,FALSE,NORMAL,NONE,EASY,NONE,,Normal pattern,None,ALLOW,20260928,v1
TXN-SYN0000487,CASE-CUS-00045,FALSE,NORMAL,NONE,EASY,NONE,,Normal pattern,None,ALLOW,20260928,v1
TXN-SYN0000488,CASE-CUS-00012,FALSE,NORMAL,NONE,EASY,NONE,,Normal pattern,None,ALLOW,20260928,v1
TXN-SYN0000489,CASE-CUS-00081,FALSE,NORMAL,NONE,EASY,NONE,,Normal pattern,Counter evidence reduced score,ALLOW,20260928,v1
TXN-SYN0000490,CASE-CUS-00072,FALSE,NORMAL,NONE,EASY,NONE,,Normal pattern,Counter evidence reduced score,ALLOW,20260928,v1
TXN-SYN0000491,CASE-CUS-00107,FALSE,NORMAL,NONE,EASY,NONE,,Normal pattern,None,ALLOW,20260928,v1
TXN-SYN0000492,CASE-CUS-00119,FALSE,NORMAL,NONE,EASY,NONE,,Normal pattern,Counter evidence reduced score,ALLOW,20260928,v1
TXN-SYN0000493,CASE-CUS-00084,FALSE,NORMAL,NONE,EASY,NONE,,Normal pattern,Counter evidence reduced score,ALLOW,20260928,v1
TXN-SYN0000494,CASE-CUS-00024,FALSE,NORMAL,NONE,EASY,NONE,,Normal pattern,None,ALLOW,20260928,v1
TXN-SYN0000495,CASE-CUS-00006,FALSE,NORMAL,NONE,EASY,NONE,,Normal pattern,None,ALLOW,20260928,v1
TXN-SYN0000496,CASE-CUS-00066,FALSE,NORMAL,NONE,EASY,NONE,,Normal pattern,Counter evidence reduced score,ALLOW,20260928,v1
TXN-SYN0000497,CASE-CUS-00010,FALSE,NORMAL,NONE,EASY,NONE,,Normal pattern,None,ALLOW,20260928,v1
TXN-SYN0000498,CASE-CUS-00036,FALSE,NORMAL,NONE,EASY,NONE,,Normal pattern,None,ALLOW,20260928,v1
TXN-SYN0000499,CASE-CUS-00071,FALSE,NORMAL,NONE,EASY,NONE,,Normal pattern,Counter evidence reduced score,ALLOW,20260928,v1
TXN-SYN0000500,CASE-CUS-00044,FALSE,NORMAL,NONE,EASY,NONE,,Normal pattern,None,ALLOW,20260928,v1
TXN-SYN0000501,CASE-CUS-00086,FALSE,NORMAL,NONE,EASY,NONE,,Normal pattern,Counter evidence reduced score,ALLOW,20260928,v1
TXN-SYN0000502,CASE-CUS-00083,FALSE,NORMAL,NONE,EASY,NONE,,Normal pattern,Counter evidence reduced score,ALLOW,20260928,v1
TXN-SYN0000503,CASE-CUS-00096,FALSE,NORMAL,NONE,EASY,NONE,,Normal pattern,None,ALLOW,20260928,v1
TXN-SYN0000504,CASE-CUS-00066,FALSE,NORMAL,NONE,EASY,NONE,,Normal pattern,Counter evidence reduced score,ALLOW,20260928,v1
TXN-SYN0000505,CASE-CUS-00070,FALSE,NORMAL,NONE,EASY,NONE,,Normal pattern,Counter evidence reduced score,ALLOW,20260928,v1
TXN-SYN0000506,CASE-CUS-00035,FALSE,NORMAL,NONE,EASY,NONE,,Normal pattern,None,ALLOW,20260928,v1
TXN-SYN0000507,CASE-000019,FALSE,NORMAL,NONE,EASY,NONE,FR-08|FR-09|FR-01,Normal pattern,None,ALLOW,20260928,v1
TXN-SYN0000508,CASE-000019,FALSE,NORMAL,NONE,EASY,NONE,FR-08|FR-09|FR-01,Normal pattern,None,ALLOW,20260928,v1
TXN-SYN0000509,CASE-CUS-00001,FALSE,NORMAL,NONE,EASY,NONE,,Normal pattern,None,ALLOW,20260928,v1
TXN-SYN0000510,CASE-000019,FALSE,NORMAL,NONE,EASY,NONE,FR-08|FR-09|FR-01,Normal pattern,None,ALLOW,20260928,v1
TXN-SYN0000511,CASE-CUS-00029,FALSE,NORMAL,NONE,EASY,NONE,,Normal pattern,None,ALLOW,20260928,v1
TXN-SYN0000512,CASE-000019,TRUE,FRAUD,VELOCITY_BURST,MEDIUM,amount|device_id|login_failures_30m,FR-08|FR-09|FR-01,Ground truth injected VELOCITY_BURST,None,ESCALATE,20260928,v1
TXN-SYN0000513,CASE-CUS-00051,FALSE,NORMAL,NONE,EASY,NONE,,Normal pattern,None,ALLOW,20260928,v1
TXN-SYN0000514,CASE-000019,TRUE,FRAUD,VELOCITY_BURST,MEDIUM,amount|device_id|login_failures_30m,FR-08|FR-09|FR-01,Ground truth injected VELOCITY_BURST,None,ESCALATE,20260928,v1
TXN-SYN0000515,CASE-CUS-00029,FALSE,NORMAL,NONE,EASY,NONE,,Normal pattern,None,ALLOW,20260928,v1
TXN-SYN0000516,CASE-CUS-00074,FALSE,BENIGN_ANOMALY,NONE,EASY,NONE,,Normal pattern,None,MONITOR,20260928,v1
TXN-SYN0000517,CASE-CUS-00014,FALSE,BENIGN_ANOMALY,NONE,EASY,NONE,,Normal pattern,None,MONITOR,20260928,v1
TXN-SYN0000518,CASE-CUS-00077,FALSE,BENIGN_ANOMALY,NONE,EASY,NONE,,Normal pattern,None,MONITOR,20260928,v1
TXN-SYN0000519,CASE-CUS-00027,FALSE,NORMAL,NONE,EASY,NONE,,Normal pattern,Counter evidence reduced score,ALLOW,20260928,v1
TXN-SYN0000520,CASE-CUS-00073,FALSE,NORMAL,NONE,EASY,NONE,,Normal pattern,Counter evidence reduced score,ALLOW,20260928,v1
TXN-SYN0000521,CASE-CUS-00027,FALSE,NORMAL,NONE,EASY,NONE,,Normal pattern,Counter evidence reduced score,ALLOW,20260928,v1
TXN-SYN0000522,CASE-CUS-00082,FALSE,NORMAL,NONE,EASY,NONE,,Normal pattern,Counter evidence reduced score,ALLOW,20260928,v1
TXN-SYN0000523,CASE-CUS-00050,FALSE,NORMAL,NONE,EASY,NONE,,Normal pattern,None,ALLOW,20260928,v1
TXN-SYN0000524,CASE-CUS-00050,FALSE,NORMAL,NONE,EASY,NONE,,Normal pattern,None,ALLOW,20260928,v1
TXN-SYN0000525,CASE-CUS-00027,FALSE,NORMAL,NONE,EASY,NONE,,Normal pattern,None,ALLOW,20260928,v1
TXN-SYN0000526,CASE-CUS-00041,FALSE,NORMAL,NONE,EASY,NONE,,Normal pattern,None,ALLOW,20260928,v1
TXN-SYN0000527,CASE-CUS-00041,FALSE,NORMAL,NONE,EASY,NONE,,Normal pattern,None,ALLOW,20260928,v1
TXN-SYN0000528,CASE-CUS-00106,FALSE,NORMAL,NONE,EASY,NONE,,Normal pattern,None,ALLOW,20260928,v1
TXN-SYN0000529,CASE-CUS-00027,FALSE,NORMAL,NONE,EASY,NONE,,Normal pattern,None,ALLOW,20260928,v1
TXN-SYN0000530,CASE-CUS-00041,FALSE,NORMAL,NONE,EASY,NONE,,Normal pattern,Counter evidence reduced score,ALLOW,20260928,v1
TXN-SYN0000531,CASE-CUS-00106,FALSE,NORMAL,NONE,EASY,NONE,,Normal pattern,None,ALLOW,20260928,v1
TXN-SYN0000532,CASE-CUS-00060,FALSE,NORMAL,NONE,EASY,NONE,,Normal pattern,Counter evidence reduced score,ALLOW,20260928,v1
TXN-SYN0000533,CASE-CUS-00016,FALSE,NORMAL,NONE,EASY,NONE,,Normal pattern,None,ALLOW,20260928,v1
TXN-SYN0000534,CASE-CUS-00088,FALSE,NORMAL,NONE,EASY,NONE,,Normal pattern,Counter evidence reduced score,ALLOW,20260928,v1
TXN-SYN0000535,CASE-CUS-00008,FALSE,NORMAL,NONE,EASY,NONE,,Normal pattern,None,ALLOW,20260928,v1
TXN-SYN0000536,CASE-CUS-00085,FALSE,NORMAL,NONE,EASY,NONE,,Normal pattern,None,ALLOW,20260928,v1
TXN-SYN0000537,CASE-CUS-00059,FALSE,NORMAL,NONE,EASY,NONE,,Normal pattern,None,ALLOW,20260928,v1
TXN-SYN0000538,CASE-CUS-00107,FALSE,NORMAL,NONE,EASY,NONE,,Normal pattern,Counter evidence reduced score,ALLOW,20260928,v1
TXN-SYN0000539,CASE-CUS-00107,FALSE,NORMAL,NONE,EASY,NONE,,Normal pattern,Counter evidence reduced score,ALLOW,20260928,v1
TXN-SYN0000540,CASE-CUS-00102,FALSE,NORMAL,NONE,EASY,NONE,,Normal pattern,None,ALLOW,20260928,v1
TXN-SYN0000541,CASE-CUS-00116,FALSE,NORMAL,NONE,EASY,NONE,,Normal pattern,Counter evidence reduced score,ALLOW,20260928,v1
TXN-SYN0000542,CASE-CUS-00089,FALSE,NORMAL,NONE,EASY,NONE,,Normal pattern,None,ALLOW,20260928,v1
TXN-SYN0000543,CASE-CUS-00012,FALSE,NORMAL,NONE,EASY,NONE,,Normal pattern,None,ALLOW,20260928,v1
TXN-SYN0000544,CASE-CUS-00075,FALSE,NORMAL,NONE,EASY,NONE,,Normal pattern,Counter evidence reduced score,ALLOW,20260928,v1
TXN-SYN0000545,CASE-CUS-00058,FALSE,NORMAL,NONE,EASY,NONE,,Normal pattern,None,ALLOW,20260928,v1
TXN-SYN0000546,CASE-CUS-00082,FALSE,NORMAL,NONE,EASY,NONE,,Normal pattern,Counter evidence reduced score,ALLOW,20260928,v1
TXN-SYN0000547,CASE-CUS-00003,FALSE,NORMAL,NONE,EASY,NONE,,Normal pattern,None,ALLOW,20260928,v1
TXN-SYN0000548,CASE-CUS-00066,FALSE,NORMAL,NONE,EASY,NONE,,Normal pattern,Counter evidence reduced score,ALLOW,20260928,v1
TXN-SYN0000549,CASE-CUS-00067,FALSE,NORMAL,NONE,EASY,NONE,,Normal pattern,Counter evidence reduced score,ALLOW,20260928,v1
TXN-SYN0000550,CASE-CUS-00028,FALSE,NORMAL,NONE,EASY,NONE,,Normal pattern,None,ALLOW,20260928,v1
TXN-SYN0000551,CASE-CUS-00111,FALSE,NORMAL,NONE,EASY,NONE,,Normal pattern,Counter evidence reduced score,ALLOW,20260928,v1
TXN-SYN0000552,CASE-CUS-00031,FALSE,NORMAL,NONE,EASY,NONE,,Normal pattern,None,ALLOW,20260928,v1
TXN-SYN0000553,CASE-CUS-00074,FALSE,NORMAL,NONE,EASY,NONE,,Normal pattern,None,ALLOW,20260928,v1
TXN-SYN0000554,CASE-CUS-00086,FALSE,NORMAL,NONE,EASY,NONE,,Normal pattern,None,ALLOW,20260928,v1
TXN-SYN0000555,CASE-CUS-00115,FALSE,NORMAL,NONE,EASY,NONE,,Normal pattern,Counter evidence reduced score,ALLOW,20260928,v1
TXN-SYN0000556,CASE-CUS-00081,FALSE,NORMAL,NONE,EASY,NONE,,Normal pattern,Counter evidence reduced score,ALLOW,20260928,v1
TXN-SYN0000557,CASE-CUS-00100,FALSE,NORMAL,NONE,EASY,NONE,,Normal pattern,None,ALLOW,20260928,v1
TXN-SYN0000558,CASE-CUS-00061,FALSE,NORMAL,NONE,EASY,NONE,,Normal pattern,Counter evidence reduced score,ALLOW,20260928,v1
TXN-SYN0000559,CASE-CUS-00063,FALSE,NORMAL,NONE,EASY,NONE,,Normal pattern,Counter evidence reduced score,ALLOW,20260928,v1
TXN-SYN0000560,CASE-CUS-00056,FALSE,NORMAL,NONE,EASY,NONE,,Normal pattern,None,ALLOW,20260928,v1
TXN-SYN0000561,CASE-CUS-00022,FALSE,BENIGN_ANOMALY,NONE,EASY,NONE,,Normal pattern,None,MONITOR,20260928,v1
TXN-SYN0000562,CASE-000021,FALSE,NORMAL,NONE,EASY,NONE,FR-08|FR-09|FR-01,Normal pattern,None,ALLOW,20260928,v1
TXN-SYN0000563,CASE-000021,FALSE,NORMAL,NONE,EASY,NONE,FR-08|FR-09|FR-01,Normal pattern,None,ALLOW,20260928,v1
TXN-SYN0000564,CASE-000021,FALSE,NORMAL,NONE,EASY,NONE,FR-08|FR-09|FR-01,Normal pattern,None,ALLOW,20260928,v1
TXN-SYN0000565,CASE-000021,TRUE,FRAUD,VELOCITY_BURST,MEDIUM,amount|device_id|login_failures_30m,FR-08|FR-09|FR-01,Ground truth injected VELOCITY_BURST,None,ESCALATE,20260928,v1
TXN-SYN0000566,CASE-000021,TRUE,FRAUD,VELOCITY_BURST,MEDIUM,amount|device_id|login_failures_30m,FR-08|FR-09|FR-01,Ground truth injected VELOCITY_BURST,None,ESCALATE,20260928,v1
TXN-SYN0000567,CASE-CUS-00091,FALSE,BENIGN_ANOMALY,NONE,EASY,NONE,,Normal pattern,None,MONITOR,20260928,v1
TXN-SYN0000568,CASE-CUS-00083,FALSE,BENIGN_ANOMALY,NONE,EASY,NONE,,Normal pattern,Counter evidence reduced score,MONITOR,20260928,v1
TXN-SYN0000569,CASE-CUS-00068,FALSE,NORMAL,NONE,EASY,NONE,,Normal pattern,Counter evidence reduced score,ALLOW,20260928,v1
TXN-SYN0000570,CASE-CUS-00035,FALSE,NORMAL,NONE,EASY,NONE,,Normal pattern,None,ALLOW,20260928,v1
TXN-SYN0000571,CASE-CUS-00036,FALSE,NORMAL,NONE,EASY,NONE,,Normal pattern,None,ALLOW,20260928,v1
TXN-SYN0000572,CASE-CUS-00089,FALSE,NORMAL,NONE,EASY,NONE,,Normal pattern,None,ALLOW,20260928,v1
TXN-SYN0000573,CASE-CUS-00016,FALSE,NORMAL,NONE,EASY,NONE,,Normal pattern,None,ALLOW,20260928,v1
TXN-SYN0000574,CASE-CUS-00003,FALSE,NORMAL,NONE,EASY,NONE,,Normal pattern,None,ALLOW,20260928,v1
TXN-SYN0000575,CASE-CUS-00019,FALSE,NORMAL,NONE,EASY,NONE,,Normal pattern,None,ALLOW,20260928,v1
TXN-SYN0000576,CASE-CUS-00070,FALSE,NORMAL,NONE,EASY,NONE,,Normal pattern,Counter evidence reduced score,ALLOW,20260928,v1
TXN-SYN0000577,CASE-CUS-00080,FALSE,NORMAL,NONE,EASY,NONE,,Normal pattern,Counter evidence reduced score,ALLOW,20260928,v1
TXN-SYN0000578,CASE-CUS-00061,FALSE,NORMAL,NONE,EASY,NONE,,Normal pattern,None,ALLOW,20260928,v1
TXN-SYN0000579,CASE-CUS-00112,FALSE,NORMAL,NONE,EASY,NONE,,Normal pattern,Counter evidence reduced score,ALLOW,20260928,v1
TXN-SYN0000580,CASE-CUS-00016,FALSE,NORMAL,NONE,EASY,NONE,,Normal pattern,None,ALLOW,20260928,v1
TXN-SYN0000581,CASE-CUS-00051,FALSE,NORMAL,NONE,EASY,NONE,,Normal pattern,None,ALLOW,20260928,v1
TXN-SYN0000582,CASE-CUS-00113,FALSE,NORMAL,NONE,EASY,NONE,,Normal pattern,Counter evidence reduced score,ALLOW,20260928,v1
TXN-SYN0000583,CASE-CUS-00027,FALSE,NORMAL,NONE,EASY,NONE,,Normal pattern,None,ALLOW,20260928,v1
TXN-SYN0000584,CASE-000016,TRUE,FRAUD,NEW_BENEFICIARY_HIGH_VALUE,MEDIUM,amount|device_id|login_failures_30m,FR-01|FR-02|FR-03|FR-04|FR-17,Ground truth injected NEW_BENEFICIARY_HIGH_VALUE,None,ESCALATE,20260928,v1
TXN-SYN0000585,CASE-CUS-00008,FALSE,BENIGN_ANOMALY,NONE,EASY,NONE,,Normal pattern,None,MONITOR,20260928,v1
TXN-SYN0000586,CASE-CUS-00032,FALSE,BENIGN_ANOMALY,NONE,EASY,NONE,,Normal pattern,None,MONITOR,20260928,v1
TXN-SYN0000587,CASE-CUS-00092,FALSE,BENIGN_ANOMALY,NONE,EASY,NONE,,Normal pattern,None,MONITOR,20260928,v1
TXN-SYN0000588,CASE-000016,TRUE,FRAUD,NEW_BENEFICIARY_HIGH_VALUE,MEDIUM,amount|device_id|login_failures_30m,FR-01|FR-02|FR-03|FR-04|FR-17,Ground truth injected NEW_BENEFICIARY_HIGH_VALUE,None,ESCALATE,20260928,v1
TXN-SYN0000589,CASE-CUS-00113,FALSE,NORMAL,NONE,EASY,NONE,,Normal pattern,Counter evidence reduced score,ALLOW,20260928,v1
TXN-SYN0000590,CASE-CUS-00081,FALSE,NORMAL,NONE,EASY,NONE,,Normal pattern,Counter evidence reduced score,ALLOW,20260928,v1
TXN-SYN0000591,CASE-CUS-00005,FALSE,NORMAL,NONE,EASY,NONE,,Normal pattern,None,ALLOW,20260928,v1
TXN-SYN0000592,CASE-CUS-00050,FALSE,NORMAL,NONE,EASY,NONE,,Normal pattern,Counter evidence reduced score,ALLOW,20260928,v1
TXN-SYN0000593,CASE-CUS-00019,FALSE,NORMAL,NONE,EASY,NONE,,Normal pattern,None,ALLOW,20260928,v1
TXN-SYN0000594,CASE-CUS-00064,FALSE,NORMAL,NONE,EASY,NONE,,Normal pattern,Counter evidence reduced score,ALLOW,20260928,v1
TXN-SYN0000595,CASE-CUS-00080,FALSE,BENIGN_ANOMALY,NONE,EASY,NONE,,Normal pattern,None,MONITOR,20260928,v1
TXN-SYN0000596,CASE-CUS-00041,FALSE,NORMAL,NONE,EASY,NONE,,Normal pattern,None,ALLOW,20260928,v1
TXN-SYN0000597,CASE-CUS-00036,FALSE,NORMAL,NONE,EASY,NONE,,Normal pattern,Counter evidence reduced score,ALLOW,20260928,v1
TXN-SYN0000598,CASE-CUS-00101,FALSE,NORMAL,NONE,EASY,NONE,,Normal pattern,None,ALLOW,20260928,v1
TXN-SYN0000599,CASE-CUS-00032,FALSE,NORMAL,NONE,EASY,NONE,,Normal pattern,Counter evidence reduced score,ALLOW,20260928,v1
TXN-SYN0000600,CASE-CUS-00100,FALSE,NORMAL,NONE,EASY,NONE,,Normal pattern,None,ALLOW,20260928,v1
TXN-SYN0000601,CASE-CUS-00025,FALSE,NORMAL,NONE,EASY,NONE,,Normal pattern,None,ALLOW,20260928,v1
TXN-SYN0000602,CASE-CUS-00047,FALSE,NORMAL,NONE,EASY,NONE,,Normal pattern,None,ALLOW,20260928,v1
TXN-SYN0000603,CASE-CUS-00082,FALSE,NORMAL,NONE,EASY,NONE,,Normal pattern,Counter evidence reduced score,ALLOW,20260928,v1
TXN-SYN0000604,CASE-CUS-00071,FALSE,NORMAL,NONE,EASY,NONE,,Normal pattern,Counter evidence reduced score,ALLOW,20260928,v1
TXN-SYN0000605,CASE-CUS-00076,FALSE,NORMAL,NONE,EASY,NONE,,Normal pattern,None,ALLOW,20260928,v1
TXN-SYN0000606,CASE-CUS-00089,FALSE,NORMAL,NONE,EASY,NONE,,Normal pattern,None,ALLOW,20260928,v1
TXN-SYN0000607,CASE-CUS-00057,FALSE,NORMAL,NONE,EASY,NONE,,Normal pattern,None,ALLOW,20260928,v1
TXN-SYN0000608,CASE-CUS-00119,FALSE,NORMAL,NONE,EASY,NONE,,Normal pattern,Counter evidence reduced score,ALLOW,20260928,v1
TXN-SYN0000609,CASE-CUS-00090,FALSE,NORMAL,NONE,EASY,NONE,,Normal pattern,None,ALLOW,20260928,v1
TXN-SYN0000610,CASE-CUS-00033,FALSE,NORMAL,NONE,EASY,NONE,,Normal pattern,None,ALLOW,20260928,v1
TXN-SYN0000611,CASE-CUS-00098,FALSE,NORMAL,NONE,EASY,NONE,,Normal pattern,None,ALLOW,20260928,v1
TXN-SYN0000612,CASE-CUS-00112,FALSE,NORMAL,NONE,EASY,NONE,,Normal pattern,Counter evidence reduced score,ALLOW,20260928,v1
TXN-SYN0000613,CASE-CUS-00009,FALSE,NORMAL,NONE,EASY,NONE,,Normal pattern,None,ALLOW,20260928,v1
TXN-SYN0000614,CASE-CUS-00105,FALSE,NORMAL,NONE,EASY,NONE,,Normal pattern,None,ALLOW,20260928,v1
TXN-SYN0000615,CASE-CUS-00082,FALSE,NORMAL,NONE,EASY,NONE,,Normal pattern,Counter evidence reduced score,ALLOW,20260928,v1
TXN-SYN0000616,CASE-CUS-00040,FALSE,NORMAL,NONE,EASY,NONE,,Normal pattern,None,ALLOW,20260928,v1
TXN-SYN0000617,CASE-CUS-00101,FALSE,NORMAL,NONE,EASY,NONE,,Normal pattern,Counter evidence reduced score,ALLOW,20260928,v1
TXN-SYN0000618,CASE-CUS-00038,FALSE,NORMAL,NONE,EASY,NONE,,Normal pattern,None,ALLOW,20260928,v1
TXN-SYN0000619,CASE-CUS-00038,FALSE,BENIGN_ANOMALY,NONE,EASY,NONE,,Normal pattern,None,MONITOR,20260928,v1
TXN-SYN0000620,CASE-CUS-00082,FALSE,BENIGN_ANOMALY,NONE,EASY,NONE,,Normal pattern,Counter evidence reduced score,MONITOR,20260928,v1
TXN-SYN0000621,CASE-CUS-00111,FALSE,BENIGN_ANOMALY,NONE,EASY,NONE,,Normal pattern,Counter evidence reduced score,MONITOR,20260928,v1
TXN-SYN0000622,CASE-CUS-00019,FALSE,NORMAL,NONE,EASY,NONE,,Normal pattern,None,ALLOW,20260928,v1
TXN-SYN0000623,CASE-CUS-00109,FALSE,NORMAL,NONE,EASY,NONE,,Normal pattern,Counter evidence reduced score,ALLOW,20260928,v1
TXN-SYN0000624,CASE-CUS-00038,FALSE,NORMAL,NONE,EASY,NONE,,Normal pattern,None,ALLOW,20260928,v1
TXN-SYN0000625,CASE-CUS-00109,FALSE,NORMAL,NONE,EASY,NONE,,Normal pattern,Counter evidence reduced score,ALLOW,20260928,v1
TXN-SYN0000626,CASE-CUS-00001,FALSE,NORMAL,NONE,EASY,NONE,,Normal pattern,None,ALLOW,20260928,v1
TXN-SYN0000627,CASE-CUS-00109,FALSE,NORMAL,NONE,EASY,NONE,,Normal pattern,Counter evidence reduced score,ALLOW,20260928,v1
TXN-SYN0000628,CASE-CUS-00003,FALSE,NORMAL,NONE,EASY,NONE,,Normal pattern,None,ALLOW,20260928,v1
TXN-SYN0000629,CASE-CUS-00094,FALSE,NORMAL,NONE,EASY,NONE,,Normal pattern,None,ALLOW,20260928,v1
TXN-SYN0000630,CASE-CUS-00114,FALSE,NORMAL,NONE,EASY,NONE,,Normal pattern,Counter evidence reduced score,ALLOW,20260928,v1
TXN-SYN0000631,CASE-CUS-00112,FALSE,NORMAL,NONE,EASY,NONE,,Normal pattern,Counter evidence reduced score,ALLOW,20260928,v1
TXN-SYN0000632,CASE-CUS-00112,FALSE,NORMAL,NONE,EASY,NONE,,Normal pattern,Counter evidence reduced score,ALLOW,20260928,v1
TXN-SYN0000633,CASE-CUS-00015,FALSE,NORMAL,NONE,EASY,NONE,,Normal pattern,None,ALLOW,20260928,v1
TXN-SYN0000634,CASE-CUS-00024,FALSE,NORMAL,NONE,EASY,NONE,,Normal pattern,None,ALLOW,20260928,v1
TXN-SYN0000635,CASE-CUS-00085,FALSE,NORMAL,NONE,EASY,NONE,,Normal pattern,None,ALLOW,20260928,v1
TXN-SYN0000636,CASE-CUS-00039,FALSE,NORMAL,NONE,EASY,NONE,,Normal pattern,None,ALLOW,20260928,v1
TXN-SYN0000637,CASE-CUS-00014,FALSE,NORMAL,NONE,EASY,NONE,,Normal pattern,None,ALLOW,20260928,v1
TXN-SYN0000638,CASE-CUS-00085,FALSE,NORMAL,NONE,EASY,NONE,,Normal pattern,None,ALLOW,20260928,v1
TXN-SYN0000639,CASE-CUS-00013,FALSE,NORMAL,NONE,EASY,NONE,,Normal pattern,None,ALLOW,20260928,v1
TXN-SYN0000640,CASE-CUS-00013,FALSE,NORMAL,NONE,EASY,NONE,,Normal pattern,None,ALLOW,20260928,v1
TXN-SYN0000641,CASE-CUS-00059,FALSE,NORMAL,NONE,EASY,NONE,,Normal pattern,Counter evidence reduced score,ALLOW,20260928,v1
TXN-SYN0000642,CASE-CUS-00107,FALSE,NORMAL,NONE,EASY,NONE,,Normal pattern,None,ALLOW,20260928,v1
TXN-SYN0000643,CASE-CUS-00049,FALSE,NORMAL,NONE,EASY,NONE,,Normal pattern,None,ALLOW,20260928,v1
TXN-SYN0000644,CASE-CUS-00021,FALSE,NORMAL,NONE,EASY,NONE,,Normal pattern,None,ALLOW,20260928,v1
TXN-SYN0000645,CASE-CUS-00059,FALSE,BENIGN_ANOMALY,NONE,EASY,NONE,,Normal pattern,None,MONITOR,20260928,v1
TXN-SYN0000646,CASE-CUS-00045,FALSE,NORMAL,NONE,EASY,NONE,,Normal pattern,None,ALLOW,20260928,v1
TXN-SYN0000647,CASE-CUS-00093,FALSE,NORMAL,NONE,EASY,NONE,,Normal pattern,None,ALLOW,20260928,v1
TXN-SYN0000648,CASE-CUS-00095,FALSE,NORMAL,NONE,EASY,NONE,,Normal pattern,Counter evidence reduced score,ALLOW,20260928,v1
TXN-SYN0000649,CASE-CUS-00079,FALSE,NORMAL,NONE,EASY,NONE,,Normal pattern,Counter evidence reduced score,ALLOW,20260928,v1
TXN-SYN0000650,CASE-CUS-00079,FALSE,NORMAL,NONE,EASY,NONE,,Normal pattern,Counter evidence reduced score,ALLOW,20260928,v1
TXN-SYN0000651,CASE-CUS-00058,FALSE,NORMAL,NONE,EASY,NONE,,Normal pattern,None,ALLOW,20260928,v1
TXN-SYN0000652,CASE-000056,TRUE,FRAUD,CORPORATE_APPROVAL_ANOMALY,MEDIUM,amount|device_id|login_failures_30m,FR-20,Ground truth injected CORPORATE_APPROVAL_ANOMALY,Counter evidence reduced score,ESCALATE,20260928,v1
TXN-SYN0000653,CASE-CUS-00074,FALSE,NORMAL,NONE,EASY,NONE,,Normal pattern,Counter evidence reduced score,ALLOW,20260928,v1
TXN-SYN0000654,CASE-CUS-00026,FALSE,NORMAL,NONE,EASY,NONE,,Normal pattern,None,ALLOW,20260928,v1
TXN-SYN0000655,CASE-CUS-00102,FALSE,NORMAL,NONE,EASY,NONE,,Normal pattern,Counter evidence reduced score,ALLOW,20260928,v1
TXN-SYN0000656,CASE-CUS-00026,FALSE,NORMAL,NONE,EASY,NONE,,Normal pattern,None,ALLOW,20260928,v1
TXN-SYN0000657,CASE-CUS-00112,FALSE,NORMAL,NONE,EASY,NONE,,Normal pattern,Counter evidence reduced score,ALLOW,20260928,v1
TXN-SYN0000658,CASE-CUS-00082,FALSE,NORMAL,NONE,EASY,NONE,,Normal pattern,Counter evidence reduced score,ALLOW,20260928,v1
TXN-SYN0000659,CASE-CUS-00112,FALSE,NORMAL,NONE,EASY,NONE,,Normal pattern,Counter evidence reduced score,ALLOW,20260928,v1
TXN-SYN0000660,CASE-CUS-00010,FALSE,NORMAL,NONE,EASY,NONE,,Normal pattern,None,ALLOW,20260928,v1
TXN-SYN0000661,CASE-CUS-00093,FALSE,NORMAL,NONE,EASY,NONE,,Normal pattern,None,ALLOW,20260928,v1
TXN-SYN0000662,CASE-CUS-00056,FALSE,NORMAL,NONE,EASY,NONE,,Normal pattern,None,ALLOW,20260928,v1
TXN-SYN0000663,CASE-CUS-00057,FALSE,NORMAL,NONE,EASY,NONE,,Normal pattern,None,ALLOW,20260928,v1
TXN-SYN0000664,CASE-CUS-00114,FALSE,NORMAL,NONE,EASY,NONE,,Normal pattern,Counter evidence reduced score,ALLOW,20260928,v1
TXN-SYN0000665,CASE-CUS-00012,FALSE,NORMAL,NONE,EASY,NONE,,Normal pattern,None,ALLOW,20260928,v1
TXN-SYN0000666,CASE-CUS-00090,FALSE,NORMAL,NONE,EASY,NONE,,Normal pattern,Counter evidence reduced score,ALLOW,20260928,v1
TXN-SYN0000667,CASE-000051,TRUE,FRAUD,CORPORATE_APPROVAL_ANOMALY,MEDIUM,amount|device_id|login_failures_30m,FR-20,Ground truth injected CORPORATE_APPROVAL_ANOMALY,None,ESCALATE,20260928,v1
TXN-SYN0000668,CASE-CUS-00096,FALSE,NORMAL,NONE,EASY,NONE,,Normal pattern,Counter evidence reduced score,ALLOW,20260928,v1
TXN-SYN0000669,CASE-CUS-00106,FALSE,NORMAL,NONE,EASY,NONE,,Normal pattern,None,ALLOW,20260928,v1
TXN-SYN0000670,CASE-CUS-00053,FALSE,NORMAL,NONE,EASY,NONE,,Normal pattern,None,ALLOW,20260928,v1
TXN-SYN0000671,CASE-CUS-00096,FALSE,NORMAL,NONE,EASY,NONE,,Normal pattern,None,ALLOW,20260928,v1
TXN-SYN0000672,CASE-CUS-00002,FALSE,BENIGN_ANOMALY,NONE,EASY,NONE,,Normal pattern,None,MONITOR,20260928,v1
TXN-SYN0000673,CASE-CUS-00045,FALSE,NORMAL,NONE,EASY,NONE,,Normal pattern,None,ALLOW,20260928,v1
TXN-SYN0000674,CASE-CUS-00007,FALSE,NORMAL,NONE,EASY,NONE,,Normal pattern,Counter evidence reduced score,ALLOW,20260928,v1
TXN-SYN0000675,CASE-CUS-00059,FALSE,BENIGN_ANOMALY,NONE,EASY,NONE,,Normal pattern,None,MONITOR,20260928,v1
TXN-SYN0000676,CASE-CUS-00064,FALSE,BENIGN_ANOMALY,NONE,EASY,NONE,,Normal pattern,None,MONITOR,20260928,v1
TXN-SYN0000677,CASE-CUS-00098,FALSE,NORMAL,NONE,EASY,NONE,,Normal pattern,None,ALLOW,20260928,v1
TXN-SYN0000678,CASE-CUS-00107,FALSE,NORMAL,NONE,EASY,NONE,,Normal pattern,None,ALLOW,20260928,v1
TXN-SYN0000679,CASE-CUS-00069,FALSE,NORMAL,NONE,EASY,NONE,,Normal pattern,Counter evidence reduced score,ALLOW,20260928,v1
TXN-SYN0000680,CASE-CUS-00022,FALSE,NORMAL,NONE,EASY,NONE,,Normal pattern,None,ALLOW,20260928,v1
TXN-SYN0000681,CASE-CUS-00070,FALSE,NORMAL,NONE,EASY,NONE,,Normal pattern,Counter evidence reduced score,ALLOW,20260928,v1
TXN-SYN0000682,CASE-CUS-00026,FALSE,NORMAL,NONE,EASY,NONE,,Normal pattern,None,ALLOW,20260928,v1
TXN-SYN0000683,CASE-CUS-00044,FALSE,NORMAL,NONE,EASY,NONE,,Normal pattern,Counter evidence reduced score,ALLOW,20260928,v1
TXN-SYN0000684,CASE-CUS-00098,FALSE,NORMAL,NONE,EASY,NONE,,Normal pattern,None,ALLOW,20260928,v1
TXN-SYN0000685,CASE-CUS-00092,FALSE,NORMAL,NONE,EASY,NONE,,Normal pattern,None,ALLOW,20260928,v1
TXN-SYN0000686,CASE-CUS-00079,FALSE,NORMAL,NONE,EASY,NONE,,Normal pattern,Counter evidence reduced score,ALLOW,20260928,v1
TXN-SYN0000687,CASE-CUS-00031,FALSE,NORMAL,NONE,EASY,NONE,,Normal pattern,None,ALLOW,20260928,v1
TXN-SYN0000688,CASE-CUS-00072,FALSE,NORMAL,NONE,EASY,NONE,,Normal pattern,None,ALLOW,20260928,v1
TXN-SYN0000689,CASE-CUS-00032,FALSE,BENIGN_ANOMALY,NONE,EASY,NONE,,Normal pattern,None,MONITOR,20260928,v1
TXN-SYN0000690,CASE-CUS-00108,FALSE,NORMAL,NONE,EASY,NONE,,Normal pattern,None,ALLOW,20260928,v1
TXN-SYN0000691,CASE-CUS-00051,FALSE,NORMAL,NONE,EASY,NONE,,Normal pattern,None,ALLOW,20260928,v1
TXN-SYN0000692,CASE-CUS-00074,FALSE,NORMAL,NONE,EASY,NONE,,Normal pattern,Counter evidence reduced score,ALLOW,20260928,v1
TXN-SYN0000693,CASE-CUS-00099,FALSE,NORMAL,NONE,EASY,NONE,,Normal pattern,None,ALLOW,20260928,v1
TXN-SYN0000694,CASE-CUS-00052,FALSE,NORMAL,NONE,EASY,NONE,,Normal pattern,None,ALLOW,20260928,v1
TXN-SYN0000695,CASE-CUS-00027,FALSE,NORMAL,NONE,EASY,NONE,,Normal pattern,None,ALLOW,20260928,v1
TXN-SYN0000696,CASE-CUS-00044,FALSE,BENIGN_ANOMALY,NONE,EASY,NONE,,Normal pattern,None,MONITOR,20260928,v1
TXN-SYN0000697,CASE-CUS-00052,FALSE,NORMAL,NONE,EASY,NONE,,Normal pattern,None,ALLOW,20260928,v1
TXN-SYN0000698,CASE-CUS-00058,FALSE,NORMAL,NONE,EASY,NONE,,Normal pattern,None,ALLOW,20260928,v1
TXN-SYN0000699,CASE-CUS-00058,FALSE,NORMAL,NONE,EASY,NONE,,Normal pattern,None,ALLOW,20260928,v1
TXN-SYN0000700,CASE-CUS-00039,FALSE,NORMAL,NONE,EASY,NONE,,Normal pattern,None,ALLOW,20260928,v1
TXN-SYN0000701,CASE-CUS-00023,FALSE,NORMAL,NONE,EASY,NONE,,Normal pattern,None,ALLOW,20260928,v1
TXN-SYN0000702,CASE-CUS-00096,FALSE,NORMAL,NONE,EASY,NONE,,Normal pattern,Counter evidence reduced score,ALLOW,20260928,v1
TXN-SYN0000703,CASE-CUS-00023,FALSE,NORMAL,NONE,EASY,NONE,,Normal pattern,None,ALLOW,20260928,v1
TXN-SYN0000704,CASE-CUS-00083,FALSE,NORMAL,NONE,EASY,NONE,,Normal pattern,Counter evidence reduced score,ALLOW,20260928,v1
TXN-SYN0000705,CASE-CUS-00065,FALSE,NORMAL,NONE,EASY,NONE,,Normal pattern,Counter evidence reduced score,ALLOW,20260928,v1
TXN-SYN0000706,CASE-CUS-00018,FALSE,NORMAL,NONE,EASY,NONE,,Normal pattern,Counter evidence reduced score,ALLOW,20260928,v1
TXN-SYN0000707,CASE-CUS-00067,FALSE,NORMAL,NONE,EASY,NONE,,Normal pattern,Counter evidence reduced score,ALLOW,20260928,v1
TXN-SYN0000708,CASE-CUS-00072,FALSE,NORMAL,NONE,EASY,NONE,,Normal pattern,Counter evidence reduced score,ALLOW,20260928,v1
TXN-SYN0000709,CASE-CUS-00055,FALSE,NORMAL,NONE,EASY,NONE,,Normal pattern,None,ALLOW,20260928,v1
TXN-SYN0000710,CASE-CUS-00046,FALSE,NORMAL,NONE,EASY,NONE,,Normal pattern,None,ALLOW,20260928,v1
TXN-SYN0000711,CASE-CUS-00078,FALSE,NORMAL,NONE,EASY,NONE,,Normal pattern,Counter evidence reduced score,ALLOW,20260928,v1
TXN-SYN0000712,CASE-CUS-00105,FALSE,NORMAL,NONE,EASY,NONE,,Normal pattern,Counter evidence reduced score,ALLOW,20260928,v1
TXN-SYN0000713,CASE-CUS-00025,FALSE,NORMAL,NONE,EASY,NONE,,Normal pattern,None,ALLOW,20260928,v1
TXN-SYN0000714,CASE-CUS-00060,FALSE,NORMAL,NONE,EASY,NONE,,Normal pattern,Counter evidence reduced score,ALLOW,20260928,v1
TXN-SYN0000715,CASE-CUS-00060,FALSE,NORMAL,NONE,EASY,NONE,,Normal pattern,Counter evidence reduced score,ALLOW,20260928,v1
TXN-SYN0000716,CASE-CUS-00111,FALSE,NORMAL,NONE,EASY,NONE,,Normal pattern,Counter evidence reduced score,ALLOW,20260928,v1
TXN-SYN0000717,CASE-CUS-00005,FALSE,NORMAL,NONE,EASY,NONE,,Normal pattern,None,ALLOW,20260928,v1
TXN-SYN0000718,CASE-CUS-00047,FALSE,BENIGN_ANOMALY,NONE,EASY,NONE,,Normal pattern,None,MONITOR,20260928,v1
TXN-SYN0000719,CASE-CUS-00007,FALSE,BENIGN_ANOMALY,NONE,EASY,NONE,,Normal pattern,None,MONITOR,20260928,v1
TXN-SYN0000720,CASE-CUS-00013,FALSE,NORMAL,NONE,EASY,NONE,,Normal pattern,None,ALLOW,20260928,v1
TXN-SYN0000721,CASE-CUS-00114,FALSE,NORMAL,NONE,EASY,NONE,,Normal pattern,Counter evidence reduced score,ALLOW,20260928,v1
TXN-SYN0000722,CASE-CUS-00009,FALSE,NORMAL,NONE,EASY,NONE,,Normal pattern,None,ALLOW,20260928,v1
TXN-SYN0000723,CASE-CUS-00029,FALSE,NORMAL,NONE,EASY,NONE,,Normal pattern,None,ALLOW,20260928,v1
TXN-SYN0000724,CASE-CUS-00029,FALSE,NORMAL,NONE,EASY,NONE,,Normal pattern,None,ALLOW,20260928,v1
TXN-SYN0000725,CASE-CUS-00032,FALSE,BENIGN_ANOMALY,NONE,EASY,NONE,,Normal pattern,None,MONITOR,20260928,v1
TXN-SYN0000726,CASE-CUS-00029,FALSE,NORMAL,NONE,EASY,NONE,,Normal pattern,None,ALLOW,20260928,v1
TXN-SYN0000727,CASE-CUS-00089,FALSE,NORMAL,NONE,EASY,NONE,,Normal pattern,Counter evidence reduced score,ALLOW,20260928,v1
TXN-SYN0000728,CASE-000056,TRUE,FRAUD,CORPORATE_APPROVAL_ANOMALY,MEDIUM,amount|device_id|login_failures_30m,FR-20,Ground truth injected CORPORATE_APPROVAL_ANOMALY,Counter evidence reduced score,ESCALATE,20260928,v1
TXN-SYN0000729,CASE-CUS-00095,FALSE,BENIGN_ANOMALY,NONE,EASY,NONE,,Normal pattern,None,MONITOR,20260928,v1
TXN-SYN0000730,CASE-000009,TRUE,FRAUD,NEW_BENEFICIARY_HIGH_VALUE,MEDIUM,amount|device_id|login_failures_30m,FR-01|FR-02|FR-03|FR-04|FR-17,Ground truth injected NEW_BENEFICIARY_HIGH_VALUE,None,ESCALATE,20260928,v1
TXN-SYN0000731,CASE-CUS-00056,FALSE,BENIGN_ANOMALY,NONE,EASY,NONE,,Normal pattern,None,MONITOR,20260928,v1
TXN-SYN0000732,CASE-000009,TRUE,FRAUD,NEW_BENEFICIARY_HIGH_VALUE,MEDIUM,amount|device_id|login_failures_30m,FR-01|FR-02|FR-03|FR-04|FR-17,Ground truth injected NEW_BENEFICIARY_HIGH_VALUE,None,ESCALATE,20260928,v1
TXN-SYN0000733,CASE-CUS-00071,FALSE,BENIGN_ANOMALY,NONE,EASY,NONE,,Normal pattern,Counter evidence reduced score,MONITOR,20260928,v1
TXN-SYN0000734,CASE-CUS-00036,FALSE,NORMAL,NONE,EASY,NONE,,Normal pattern,None,ALLOW,20260928,v1
TXN-SYN0000735,CASE-CUS-00086,FALSE,NORMAL,NONE,EASY,NONE,,Normal pattern,None,ALLOW,20260928,v1
TXN-SYN0000736,CASE-CUS-00114,FALSE,NORMAL,NONE,EASY,NONE,,Normal pattern,Counter evidence reduced score,ALLOW,20260928,v1
TXN-SYN0000737,CASE-CUS-00029,FALSE,NORMAL,NONE,EASY,NONE,,Normal pattern,Counter evidence reduced score,ALLOW,20260928,v1
TXN-SYN0000738,CASE-CUS-00048,FALSE,NORMAL,NONE,EASY,NONE,,Normal pattern,Counter evidence reduced score,ALLOW,20260928,v1
TXN-SYN0000739,CASE-CUS-00092,FALSE,NORMAL,NONE,EASY,NONE,,Normal pattern,Counter evidence reduced score,ALLOW,20260928,v1
TXN-SYN0000740,CASE-CUS-00055,FALSE,NORMAL,NONE,EASY,NONE,,Normal pattern,None,ALLOW,20260928,v1
TXN-SYN0000741,CASE-CUS-00100,FALSE,NORMAL,NONE,EASY,NONE,,Normal pattern,None,ALLOW,20260928,v1
TXN-SYN0000742,CASE-CUS-00094,FALSE,NORMAL,NONE,EASY,NONE,,Normal pattern,None,ALLOW,20260928,v1
TXN-SYN0000743,CASE-CUS-00084,FALSE,NORMAL,NONE,EASY,NONE,,Normal pattern,Counter evidence reduced score,ALLOW,20260928,v1
TXN-SYN0000744,CASE-CUS-00052,FALSE,NORMAL,NONE,EASY,NONE,,Normal pattern,Counter evidence reduced score,ALLOW,20260928,v1
TXN-SYN0000745,CASE-CUS-00037,FALSE,NORMAL,NONE,EASY,NONE,,Normal pattern,None,ALLOW,20260928,v1
TXN-SYN0000746,CASE-CUS-00117,FALSE,NORMAL,NONE,EASY,NONE,,Normal pattern,Counter evidence reduced score,ALLOW,20260928,v1
TXN-SYN0000747,CASE-CUS-00016,FALSE,NORMAL,NONE,EASY,NONE,,Normal pattern,None,ALLOW,20260928,v1
TXN-SYN0000748,CASE-CUS-00057,FALSE,NORMAL,NONE,EASY,NONE,,Normal pattern,Counter evidence reduced score,ALLOW,20260928,v1
TXN-SYN0000749,CASE-000051,TRUE,FRAUD,CORPORATE_APPROVAL_ANOMALY,MEDIUM,amount|device_id|login_failures_30m,FR-20,Ground truth injected CORPORATE_APPROVAL_ANOMALY,None,ESCALATE,20260928,v1
TXN-SYN0000750,CASE-CUS-00062,FALSE,NORMAL,NONE,EASY,NONE,,Normal pattern,Counter evidence reduced score,ALLOW,20260928,v1
TXN-SYN0000751,CASE-CUS-00026,FALSE,NORMAL,NONE,EASY,NONE,,Normal pattern,Counter evidence reduced score,ALLOW,20260928,v1
TXN-SYN0000752,CASE-CUS-00015,FALSE,NORMAL,NONE,EASY,NONE,,Normal pattern,None,ALLOW,20260928,v1
TXN-SYN0000753,CASE-CUS-00023,FALSE,NORMAL,NONE,EASY,NONE,,Normal pattern,None,ALLOW,20260928,v1
TXN-SYN0000754,CASE-CUS-00018,FALSE,NORMAL,NONE,EASY,NONE,,Normal pattern,None,ALLOW,20260928,v1
TXN-SYN0000755,CASE-CUS-00081,FALSE,BENIGN_ANOMALY,NONE,EASY,NONE,,Normal pattern,Counter evidence reduced score,MONITOR,20260928,v1
TXN-SYN0000756,CASE-CUS-00079,FALSE,NORMAL,NONE,EASY,NONE,,Normal pattern,None,ALLOW,20260928,v1
TXN-SYN0000757,CASE-000030,TRUE,FRAUD,IMPOSSIBLE_TRAVEL,MEDIUM,amount|device_id|login_failures_30m,FR-10|FR-11|FR-01,Ground truth injected IMPOSSIBLE_TRAVEL,None,ESCALATE,20260928,v1
TXN-SYN0000758,CASE-CUS-00072,FALSE,NORMAL,NONE,EASY,NONE,,Normal pattern,Counter evidence reduced score,ALLOW,20260928,v1
TXN-SYN0000759,CASE-CUS-00113,FALSE,NORMAL,NONE,EASY,NONE,,Normal pattern,Counter evidence reduced score,ALLOW,20260928,v1
TXN-SYN0000760,CASE-CUS-00007,FALSE,NORMAL,NONE,EASY,NONE,,Normal pattern,None,ALLOW,20260928,v1
TXN-SYN0000761,CASE-CUS-00062,FALSE,NORMAL,NONE,EASY,NONE,,Normal pattern,None,ALLOW,20260928,v1
TXN-SYN0000762,CASE-CUS-00042,FALSE,NORMAL,NONE,EASY,NONE,,Normal pattern,Counter evidence reduced score,ALLOW,20260928,v1
TXN-SYN0000763,CASE-CUS-00028,FALSE,NORMAL,NONE,EASY,NONE,,Normal pattern,None,ALLOW,20260928,v1
TXN-SYN0000764,CASE-CUS-00110,FALSE,NORMAL,NONE,EASY,NONE,,Normal pattern,Counter evidence reduced score,ALLOW,20260928,v1
TXN-SYN0000765,CASE-CUS-00035,FALSE,NORMAL,NONE,EASY,NONE,,Normal pattern,None,ALLOW,20260928,v1
TXN-SYN0000766,CASE-CUS-00048,FALSE,NORMAL,NONE,EASY,NONE,,Normal pattern,Counter evidence reduced score,ALLOW,20260928,v1
TXN-SYN0000767,CASE-CUS-00069,FALSE,NORMAL,NONE,EASY,NONE,,Normal pattern,Counter evidence reduced score,ALLOW,20260928,v1
TXN-SYN0000768,CASE-CUS-00109,FALSE,NORMAL,NONE,EASY,NONE,,Normal pattern,Counter evidence reduced score,ALLOW,20260928,v1
TXN-SYN0000769,CASE-CUS-00097,FALSE,NORMAL,NONE,EASY,NONE,,Normal pattern,None,ALLOW,20260928,v1
TXN-SYN0000770,CASE-CUS-00024,FALSE,NORMAL,NONE,EASY,NONE,,Normal pattern,None,ALLOW,20260928,v1
TXN-SYN0000771,CASE-CUS-00005,FALSE,BENIGN_ANOMALY,NONE,EASY,NONE,,Normal pattern,None,MONITOR,20260928,v1
TXN-SYN0000772,CASE-CUS-00109,FALSE,NORMAL,NONE,EASY,NONE,,Normal pattern,Counter evidence reduced score,ALLOW,20260928,v1
TXN-SYN0000773,CASE-CUS-00035,FALSE,NORMAL,NONE,EASY,NONE,,Normal pattern,None,ALLOW,20260928,v1
TXN-SYN0000774,CASE-CUS-00087,FALSE,NORMAL,NONE,EASY,NONE,,Normal pattern,None,ALLOW,20260928,v1
TXN-SYN0000775,CASE-CUS-00109,FALSE,NORMAL,NONE,EASY,NONE,,Normal pattern,Counter evidence reduced score,ALLOW,20260928,v1
TXN-SYN0000776,CASE-CUS-00088,FALSE,NORMAL,NONE,EASY,NONE,,Normal pattern,Counter evidence reduced score,ALLOW,20260928,v1
TXN-SYN0000777,CASE-CUS-00109,FALSE,NORMAL,NONE,EASY,NONE,,Normal pattern,Counter evidence reduced score,ALLOW,20260928,v1
TXN-SYN0000778,CASE-000054,TRUE,FRAUD,CORPORATE_APPROVAL_ANOMALY,MEDIUM,amount|device_id|login_failures_30m,FR-20,Ground truth injected CORPORATE_APPROVAL_ANOMALY,None,ESCALATE,20260928,v1
TXN-SYN0000779,CASE-CUS-00104,FALSE,BENIGN_ANOMALY,NONE,EASY,NONE,,Normal pattern,None,MONITOR,20260928,v1
TXN-SYN0000780,CASE-CUS-00087,FALSE,BENIGN_ANOMALY,NONE,EASY,NONE,,Normal pattern,None,MONITOR,20260928,v1
TXN-SYN0000781,CASE-CUS-00074,FALSE,BENIGN_ANOMALY,NONE,EASY,NONE,,Normal pattern,None,MONITOR,20260928,v1
TXN-SYN0000782,CASE-CUS-00064,FALSE,BENIGN_ANOMALY,NONE,EASY,NONE,,Normal pattern,None,MONITOR,20260928,v1
TXN-SYN0000783,CASE-CUS-00014,FALSE,BENIGN_ANOMALY,NONE,EASY,NONE,,Normal pattern,None,MONITOR,20260928,v1
TXN-SYN0000784,CASE-CUS-00077,FALSE,BENIGN_ANOMALY,NONE,EASY,NONE,,Normal pattern,None,MONITOR,20260928,v1
TXN-SYN0000785,CASE-CUS-00083,FALSE,NORMAL,NONE,EASY,NONE,,Normal pattern,Counter evidence reduced score,ALLOW,20260928,v1
TXN-SYN0000786,CASE-CUS-00014,FALSE,NORMAL,NONE,EASY,NONE,,Normal pattern,None,ALLOW,20260928,v1
TXN-SYN0000787,CASE-CUS-00012,FALSE,NORMAL,NONE,EASY,NONE,,Normal pattern,None,ALLOW,20260928,v1
TXN-SYN0000788,CASE-CUS-00055,FALSE,NORMAL,NONE,EASY,NONE,,Normal pattern,None,ALLOW,20260928,v1
TXN-SYN0000789,CASE-CUS-00019,FALSE,NORMAL,NONE,EASY,NONE,,Normal pattern,None,ALLOW,20260928,v1
TXN-SYN0000790,CASE-CUS-00019,FALSE,NORMAL,NONE,EASY,NONE,,Normal pattern,None,ALLOW,20260928,v1
TXN-SYN0000791,CASE-CUS-00033,FALSE,NORMAL,NONE,EASY,NONE,,Normal pattern,None,ALLOW,20260928,v1
TXN-SYN0000792,CASE-CUS-00103,FALSE,NORMAL,NONE,EASY,NONE,,Normal pattern,None,MONITOR,20260928,v1
TXN-SYN0000793,CASE-CUS-00055,FALSE,NORMAL,NONE,EASY,NONE,,Normal pattern,Counter evidence reduced score,ALLOW,20260928,v1
TXN-SYN0000794,CASE-CUS-00055,FALSE,NORMAL,NONE,EASY,NONE,,Normal pattern,Counter evidence reduced score,ALLOW,20260928,v1
TXN-SYN0000795,CASE-CUS-00083,FALSE,NORMAL,NONE,EASY,NONE,,Normal pattern,Counter evidence reduced score,ALLOW,20260928,v1
TXN-SYN0000796,CASE-CUS-00019,FALSE,NORMAL,NONE,EASY,NONE,,Normal pattern,Counter evidence reduced score,ALLOW,20260928,v1
TXN-SYN0000797,CASE-CUS-00068,FALSE,NORMAL,NONE,EASY,NONE,,Normal pattern,Counter evidence reduced score,ALLOW,20260928,v1
TXN-SYN0000798,CASE-CUS-00001,FALSE,NORMAL,NONE,EASY,NONE,,Normal pattern,None,ALLOW,20260928,v1
TXN-SYN0000799,CASE-CUS-00102,FALSE,NORMAL,NONE,EASY,NONE,,Normal pattern,None,ALLOW,20260928,v1
TXN-SYN0000800,CASE-CUS-00043,FALSE,NORMAL,NONE,EASY,NONE,,Normal pattern,None,ALLOW,20260928,v1
TXN-SYN0000801,CASE-CUS-00017,FALSE,NORMAL,NONE,EASY,NONE,,Normal pattern,None,ALLOW,20260928,v1
TXN-SYN0000802,CASE-CUS-00056,FALSE,BENIGN_ANOMALY,NONE,EASY,NONE,,Normal pattern,None,MONITOR,20260928,v1
TXN-SYN0000803,CASE-CUS-00009,FALSE,NORMAL,NONE,EASY,NONE,,Normal pattern,None,ALLOW,20260928,v1
TXN-SYN0000804,CASE-CUS-00046,FALSE,NORMAL,NONE,EASY,NONE,,Normal pattern,Counter evidence reduced score,ALLOW,20260928,v1
TXN-SYN0000805,CASE-CUS-00030,FALSE,NORMAL,NONE,EASY,NONE,,Normal pattern,None,ALLOW,20260928,v1
TXN-SYN0000806,CASE-CUS-00021,FALSE,NORMAL,NONE,EASY,NONE,,Normal pattern,Counter evidence reduced score,ALLOW,20260928,v1
TXN-SYN0000807,CASE-CUS-00113,FALSE,NORMAL,NONE,EASY,NONE,,Normal pattern,Counter evidence reduced score,ALLOW,20260928,v1
TXN-SYN0000808,CASE-CUS-00106,FALSE,NORMAL,NONE,EASY,NONE,,Normal pattern,None,ALLOW,20260928,v1
TXN-SYN0000809,CASE-CUS-00100,FALSE,NORMAL,NONE,EASY,NONE,,Normal pattern,None,ALLOW,20260928,v1
TXN-SYN0000810,CASE-CUS-00014,FALSE,NORMAL,NONE,EASY,NONE,,Normal pattern,Counter evidence reduced score,ALLOW,20260928,v1
TXN-SYN0000811,CASE-CUS-00003,FALSE,BENIGN_ANOMALY,NONE,EASY,NONE,,Normal pattern,None,MONITOR,20260928,v1
TXN-SYN0000812,CASE-CUS-00024,FALSE,NORMAL,NONE,EASY,NONE,,Normal pattern,None,ALLOW,20260928,v1
TXN-SYN0000813,CASE-CUS-00014,FALSE,NORMAL,NONE,EASY,NONE,,Normal pattern,Counter evidence reduced score,ALLOW,20260928,v1
TXN-SYN0000814,CASE-CUS-00026,FALSE,NORMAL,NONE,EASY,NONE,,Normal pattern,Counter evidence reduced score,ALLOW,20260928,v1
TXN-SYN0000815,CASE-CUS-00049,FALSE,NORMAL,NONE,EASY,NONE,,Normal pattern,None,ALLOW,20260928,v1
TXN-SYN0000816,CASE-CUS-00094,FALSE,NORMAL,NONE,EASY,NONE,,Normal pattern,None,ALLOW,20260928,v1
TXN-SYN0000817,CASE-CUS-00004,FALSE,NORMAL,NONE,EASY,NONE,,Normal pattern,None,ALLOW,20260928,v1
TXN-SYN0000818,CASE-CUS-00118,FALSE,NORMAL,NONE,EASY,NONE,,Normal pattern,Counter evidence reduced score,ALLOW,20260928,v1
TXN-SYN0000819,CASE-CUS-00060,FALSE,NORMAL,NONE,EASY,NONE,,Normal pattern,Counter evidence reduced score,ALLOW,20260928,v1
TXN-SYN0000820,CASE-CUS-00016,FALSE,NORMAL,NONE,EASY,NONE,,Normal pattern,None,ALLOW,20260928,v1
TXN-SYN0000821,CASE-CUS-00112,FALSE,NORMAL,NONE,EASY,NONE,,Normal pattern,Counter evidence reduced score,ALLOW,20260928,v1
TXN-SYN0000822,CASE-CUS-00020,FALSE,NORMAL,NONE,EASY,NONE,,Normal pattern,None,ALLOW,20260928,v1
TXN-SYN0000823,CASE-CUS-00010,FALSE,NORMAL,NONE,EASY,NONE,,Normal pattern,None,ALLOW,20260928,v1
TXN-SYN0000824,CASE-CUS-00111,FALSE,NORMAL,NONE,EASY,NONE,,Normal pattern,Counter evidence reduced score,ALLOW,20260928,v1
TXN-SYN0000825,CASE-CUS-00090,FALSE,NORMAL,NONE,EASY,NONE,,Normal pattern,None,ALLOW,20260928,v1
TXN-SYN0000826,CASE-CUS-00068,FALSE,BENIGN_ANOMALY,NONE,EASY,NONE,,Normal pattern,None,MONITOR,20260928,v1
TXN-SYN0000827,CASE-CUS-00080,FALSE,NORMAL,NONE,EASY,NONE,,Normal pattern,Counter evidence reduced score,ALLOW,20260928,v1
TXN-SYN0000828,CASE-CUS-00082,FALSE,BENIGN_ANOMALY,NONE,EASY,NONE,,Normal pattern,Counter evidence reduced score,MONITOR,20260928,v1
TXN-SYN0000829,CASE-CUS-00105,FALSE,NORMAL,NONE,EASY,NONE,,Normal pattern,None,ALLOW,20260928,v1
TXN-SYN0000830,CASE-CUS-00072,FALSE,BENIGN_ANOMALY,NONE,EASY,NONE,,Normal pattern,None,MONITOR,20260928,v1
TXN-SYN0000831,CASE-CUS-00080,FALSE,BENIGN_ANOMALY,NONE,EASY,NONE,,Normal pattern,Counter evidence reduced score,MONITOR,20260928,v1
TXN-SYN0000832,CASE-CUS-00084,FALSE,BENIGN_ANOMALY,NONE,EASY,NONE,,Normal pattern,Counter evidence reduced score,MONITOR,20260928,v1
TXN-SYN0000833,CASE-CUS-00084,FALSE,BENIGN_ANOMALY,NONE,EASY,NONE,,Normal pattern,Counter evidence reduced score,MONITOR,20260928,v1
TXN-SYN0000834,CASE-CUS-00108,FALSE,NORMAL,NONE,EASY,NONE,,Normal pattern,None,ALLOW,20260928,v1
TXN-SYN0000835,CASE-CUS-00028,FALSE,NORMAL,NONE,EASY,NONE,,Normal pattern,Counter evidence reduced score,ALLOW,20260928,v1
TXN-SYN0000836,CASE-CUS-00007,FALSE,NORMAL,NONE,EASY,NONE,,Normal pattern,None,ALLOW,20260928,v1
TXN-SYN0000837,CASE-CUS-00104,FALSE,NORMAL,NONE,EASY,NONE,,Normal pattern,None,ALLOW,20260928,v1
TXN-SYN0000838,CASE-CUS-00025,FALSE,NORMAL,NONE,EASY,NONE,,Normal pattern,None,ALLOW,20260928,v1
TXN-SYN0000839,CASE-CUS-00067,FALSE,NORMAL,NONE,EASY,NONE,,Normal pattern,None,ALLOW,20260928,v1
TXN-SYN0000840,CASE-CUS-00017,FALSE,NORMAL,NONE,EASY,NONE,,Normal pattern,None,ALLOW,20260928,v1
TXN-SYN0000841,CASE-CUS-00039,FALSE,NORMAL,NONE,EASY,NONE,,Normal pattern,None,ALLOW,20260928,v1
TXN-SYN0000842,CASE-CUS-00100,FALSE,NORMAL,NONE,EASY,NONE,,Normal pattern,None,ALLOW,20260928,v1
TXN-SYN0000843,CASE-CUS-00005,FALSE,NORMAL,NONE,EASY,NONE,,Normal pattern,None,ALLOW,20260928,v1
TXN-SYN0000844,CASE-CUS-00113,FALSE,NORMAL,NONE,EASY,NONE,,Normal pattern,Counter evidence reduced score,ALLOW,20260928,v1
TXN-SYN0000845,CASE-CUS-00065,FALSE,NORMAL,NONE,EASY,NONE,,Normal pattern,None,ALLOW,20260928,v1
TXN-SYN0000846,CASE-CUS-00096,FALSE,NORMAL,NONE,EASY,NONE,,Normal pattern,None,ALLOW,20260928,v1
TXN-SYN0000847,CASE-CUS-00006,FALSE,NORMAL,NONE,EASY,NONE,,Normal pattern,Counter evidence reduced score,ALLOW,20260928,v1
TXN-SYN0000848,CASE-CUS-00086,FALSE,NORMAL,NONE,EASY,NONE,,Normal pattern,None,ALLOW,20260928,v1
TXN-SYN0000849,CASE-CUS-00102,FALSE,NORMAL,NONE,EASY,NONE,,Normal pattern,None,ALLOW,20260928,v1
TXN-SYN0000850,CASE-CUS-00015,FALSE,NORMAL,NONE,EASY,NONE,,Normal pattern,None,ALLOW,20260928,v1
TXN-SYN0000851,CASE-CUS-00089,FALSE,NORMAL,NONE,EASY,NONE,,Normal pattern,None,ALLOW,20260928,v1
TXN-SYN0000852,CASE-000055,TRUE,FRAUD,CORPORATE_APPROVAL_ANOMALY,MEDIUM,amount|device_id|login_failures_30m,FR-20,Ground truth injected CORPORATE_APPROVAL_ANOMALY,None,ESCALATE,20260928,v1
TXN-SYN0000853,CASE-CUS-00028,FALSE,BENIGN_ANOMALY,NONE,EASY,NONE,,Normal pattern,None,MONITOR,20260928,v1
TXN-SYN0000854,CASE-CUS-00089,FALSE,NORMAL,NONE,EASY,NONE,,Normal pattern,None,ALLOW,20260928,v1
TXN-SYN0000855,CASE-CUS-00027,FALSE,NORMAL,NONE,EASY,NONE,,Normal pattern,Counter evidence reduced score,ALLOW,20260928,v1
TXN-SYN0000856,CASE-CUS-00027,FALSE,NORMAL,NONE,EASY,NONE,,Normal pattern,Counter evidence reduced score,ALLOW,20260928,v1
TXN-SYN0000857,CASE-CUS-00015,FALSE,NORMAL,NONE,EASY,NONE,,Normal pattern,None,ALLOW,20260928,v1
TXN-SYN0000858,CASE-CUS-00004,FALSE,NORMAL,NONE,EASY,NONE,,Normal pattern,None,ALLOW,20260928,v1
TXN-SYN0000859,CASE-CUS-00094,FALSE,NORMAL,NONE,EASY,NONE,,Normal pattern,None,ALLOW,20260928,v1
TXN-SYN0000860,CASE-CUS-00053,FALSE,BENIGN_ANOMALY,NONE,EASY,NONE,,Normal pattern,None,MONITOR,20260928,v1
TXN-SYN0000861,CASE-CUS-00095,FALSE,NORMAL,NONE,EASY,NONE,,Normal pattern,None,ALLOW,20260928,v1
TXN-SYN0000862,CASE-CUS-00006,FALSE,NORMAL,NONE,EASY,NONE,,Normal pattern,None,ALLOW,20260928,v1
TXN-SYN0000863,CASE-CUS-00082,FALSE,BENIGN_ANOMALY,NONE,EASY,NONE,,Normal pattern,Counter evidence reduced score,MONITOR,20260928,v1
TXN-SYN0000864,CASE-CUS-00022,FALSE,NORMAL,NONE,EASY,NONE,,Normal pattern,None,ALLOW,20260928,v1
TXN-SYN0000865,CASE-000054,TRUE,FRAUD,CORPORATE_APPROVAL_ANOMALY,MEDIUM,amount|device_id|login_failures_30m,FR-20,Ground truth injected CORPORATE_APPROVAL_ANOMALY,None,ESCALATE,20260928,v1
TXN-SYN0000866,CASE-CUS-00079,FALSE,BENIGN_ANOMALY,NONE,EASY,NONE,,Normal pattern,Counter evidence reduced score,MONITOR,20260928,v1
TXN-SYN0000867,CASE-000014,TRUE,FRAUD,NEW_BENEFICIARY_HIGH_VALUE,MEDIUM,amount|device_id|login_failures_30m,FR-01|FR-02|FR-03|FR-04|FR-17,Ground truth injected NEW_BENEFICIARY_HIGH_VALUE,None,ESCALATE,20260928,v1
TXN-SYN0000868,CASE-CUS-00040,FALSE,BENIGN_ANOMALY,NONE,EASY,NONE,,Normal pattern,None,MONITOR,20260928,v1
TXN-SYN0000869,CASE-000014,TRUE,FRAUD,NEW_BENEFICIARY_HIGH_VALUE,MEDIUM,amount|device_id|login_failures_30m,FR-01|FR-02|FR-03|FR-04|FR-17,Ground truth injected NEW_BENEFICIARY_HIGH_VALUE,None,ESCALATE,20260928,v1
TXN-SYN0000870,CASE-CUS-00070,FALSE,NORMAL,NONE,EASY,NONE,,Normal pattern,Counter evidence reduced score,ALLOW,20260928,v1
TXN-SYN0000871,CASE-CUS-00101,FALSE,NORMAL,NONE,EASY,NONE,,Normal pattern,None,ALLOW,20260928,v1
TXN-SYN0000872,CASE-CUS-00028,FALSE,NORMAL,NONE,EASY,NONE,,Normal pattern,Counter evidence reduced score,ALLOW,20260928,v1
TXN-SYN0000873,CASE-CUS-00078,FALSE,NORMAL,NONE,EASY,NONE,,Normal pattern,Counter evidence reduced score,ALLOW,20260928,v1
TXN-SYN0000874,CASE-CUS-00065,FALSE,NORMAL,NONE,EASY,NONE,,Normal pattern,Counter evidence reduced score,ALLOW,20260928,v1
TXN-SYN0000875,CASE-CUS-00105,FALSE,NORMAL,NONE,EASY,NONE,,Normal pattern,None,ALLOW,20260928,v1
TXN-SYN0000876,CASE-CUS-00102,FALSE,NORMAL,NONE,EASY,NONE,,Normal pattern,None,ALLOW,20260928,v1
TXN-SYN0000877,CASE-CUS-00118,FALSE,NORMAL,NONE,EASY,NONE,,Normal pattern,Counter evidence reduced score,ALLOW,20260928,v1
TXN-SYN0000878,CASE-CUS-00026,FALSE,NORMAL,NONE,EASY,NONE,,Normal pattern,Counter evidence reduced score,ALLOW,20260928,v1
TXN-SYN0000879,CASE-CUS-00032,FALSE,NORMAL,NONE,EASY,NONE,,Normal pattern,None,ALLOW,20260928,v1
TXN-SYN0000880,CASE-CUS-00038,FALSE,BENIGN_ANOMALY,NONE,EASY,NONE,,Normal pattern,None,MONITOR,20260928,v1
TXN-SYN0000881,CASE-CUS-00055,FALSE,NORMAL,NONE,EASY,NONE,,Normal pattern,None,ALLOW,20260928,v1
TXN-SYN0000882,CASE-CUS-00115,FALSE,NORMAL,NONE,EASY,NONE,,Normal pattern,Counter evidence reduced score,ALLOW,20260928,v1
TXN-SYN0000883,CASE-CUS-00115,FALSE,NORMAL,NONE,EASY,NONE,,Normal pattern,Counter evidence reduced score,ALLOW,20260928,v1
TXN-SYN0000884,CASE-CUS-00095,FALSE,NORMAL,NONE,EASY,NONE,,Normal pattern,None,ALLOW,20260928,v1
TXN-SYN0000885,CASE-CUS-00009,FALSE,NORMAL,NONE,EASY,NONE,,Normal pattern,Counter evidence reduced score,ALLOW,20260928,v1
TXN-SYN0000886,CASE-CUS-00088,FALSE,BENIGN_ANOMALY,NONE,EASY,NONE,,Normal pattern,None,MONITOR,20260928,v1
TXN-SYN0000887,CASE-CUS-00107,FALSE,NORMAL,NONE,EASY,NONE,,Normal pattern,None,ALLOW,20260928,v1
TXN-SYN0000888,CASE-CUS-00059,FALSE,NORMAL,NONE,EASY,NONE,,Normal pattern,None,ALLOW,20260928,v1
TXN-SYN0000889,CASE-CUS-00095,FALSE,NORMAL,NONE,EASY,NONE,,Normal pattern,None,ALLOW,20260928,v1
TXN-SYN0000890,CASE-CUS-00080,FALSE,BENIGN_ANOMALY,NONE,EASY,NONE,,Normal pattern,None,MONITOR,20260928,v1
TXN-SYN0000891,CASE-CUS-00104,FALSE,BENIGN_ANOMALY,NONE,EASY,NONE,,Normal pattern,None,MONITOR,20260928,v1
TXN-SYN0000892,CASE-CUS-00082,FALSE,BENIGN_ANOMALY,NONE,EASY,NONE,,Normal pattern,Counter evidence reduced score,MONITOR,20260928,v1
TXN-SYN0000893,CASE-CUS-00010,FALSE,NORMAL,NONE,EASY,NONE,,Normal pattern,Counter evidence reduced score,ALLOW,20260928,v1
TXN-SYN0000894,CASE-000042,TRUE,FRAUD,CARD_NOT_PRESENT,MEDIUM,amount|device_id|login_failures_30m,FR-15|FR-11|FR-12|FR-16|FR-01,Ground truth injected CARD_NOT_PRESENT,None,ESCALATE,20260928,v1
TXN-SYN0000895,CASE-000042,TRUE,FRAUD,CARD_NOT_PRESENT,MEDIUM,amount|device_id|login_failures_30m,FR-15|FR-11|FR-12|FR-16|FR-01,Ground truth injected CARD_NOT_PRESENT,None,ESCALATE,20260928,v1
TXN-SYN0000896,CASE-CUS-00087,FALSE,NORMAL,NONE,EASY,NONE,,Normal pattern,None,ALLOW,20260928,v1
TXN-SYN0000897,CASE-CUS-00091,FALSE,NORMAL,NONE,EASY,NONE,,Normal pattern,None,ALLOW,20260928,v1
TXN-SYN0000898,CASE-CUS-00042,FALSE,NORMAL,NONE,EASY,NONE,,Normal pattern,None,ALLOW,20260928,v1
TXN-SYN0000899,CASE-CUS-00090,FALSE,NORMAL,NONE,EASY,NONE,,Normal pattern,Counter evidence reduced score,ALLOW,20260928,v1
TXN-SYN0000900,CASE-CUS-00106,FALSE,NORMAL,NONE,EASY,NONE,,Normal pattern,None,ALLOW,20260928,v1
TXN-SYN0000901,CASE-CUS-00008,FALSE,NORMAL,NONE,EASY,NONE,,Normal pattern,Counter evidence reduced score,ALLOW,20260928,v1
TXN-SYN0000902,CASE-CUS-00057,FALSE,NORMAL,NONE,EASY,NONE,,Normal pattern,None,ALLOW,20260928,v1
TXN-SYN0000903,CASE-CUS-00008,FALSE,NORMAL,NONE,EASY,NONE,,Normal pattern,Counter evidence reduced score,ALLOW,20260928,v1
TXN-SYN0000904,CASE-CUS-00076,FALSE,NORMAL,NONE,EASY,NONE,,Normal pattern,Counter evidence reduced score,ALLOW,20260928,v1
TXN-SYN0000905,CASE-CUS-00055,FALSE,NORMAL,NONE,EASY,NONE,,Normal pattern,None,ALLOW,20260928,v1
TXN-SYN0000906,CASE-CUS-00105,FALSE,NORMAL,NONE,EASY,NONE,,Normal pattern,None,ALLOW,20260928,v1
TXN-SYN0000907,CASE-CUS-00036,FALSE,NORMAL,NONE,EASY,NONE,,Normal pattern,Counter evidence reduced score,ALLOW,20260928,v1
TXN-SYN0000908,CASE-CUS-00056,FALSE,BENIGN_ANOMALY,NONE,EASY,NONE,,Normal pattern,None,MONITOR,20260928,v1
TXN-SYN0000909,CASE-CUS-00022,FALSE,NORMAL,NONE,EASY,NONE,,Normal pattern,Counter evidence reduced score,ALLOW,20260928,v1
TXN-SYN0000910,CASE-CUS-00006,FALSE,NORMAL,NONE,EASY,NONE,,Normal pattern,None,ALLOW,20260928,v1
TXN-SYN0000911,CASE-CUS-00060,FALSE,NORMAL,NONE,EASY,NONE,,Normal pattern,Counter evidence reduced score,ALLOW,20260928,v1
TXN-SYN0000912,CASE-CUS-00027,FALSE,BENIGN_ANOMALY,NONE,EASY,NONE,,Normal pattern,None,MONITOR,20260928,v1
TXN-SYN0000913,CASE-CUS-00013,FALSE,NORMAL,NONE,EASY,NONE,,Normal pattern,None,MONITOR,20260928,v1
TXN-SYN0000914,CASE-CUS-00030,FALSE,NORMAL,NONE,EASY,NONE,,Normal pattern,None,ALLOW,20260928,v1
TXN-SYN0000915,CASE-CUS-00079,FALSE,NORMAL,NONE,EASY,NONE,,Normal pattern,Counter evidence reduced score,ALLOW,20260928,v1
TXN-SYN0000916,CASE-CUS-00035,FALSE,NORMAL,NONE,EASY,NONE,,Normal pattern,None,ALLOW,20260928,v1
TXN-SYN0000917,CASE-000011,TRUE,FRAUD,NEW_BENEFICIARY_HIGH_VALUE,MEDIUM,amount|device_id|login_failures_30m,FR-01|FR-02|FR-03|FR-04|FR-17,Ground truth injected NEW_BENEFICIARY_HIGH_VALUE,None,ESCALATE,20260928,v1
TXN-SYN0000918,CASE-CUS-00026,FALSE,BENIGN_ANOMALY,NONE,EASY,NONE,,Normal pattern,None,MONITOR,20260928,v1
TXN-SYN0000919,CASE-CUS-00071,FALSE,BENIGN_ANOMALY,NONE,EASY,NONE,,Normal pattern,None,MONITOR,20260928,v1
TXN-SYN0000920,CASE-000011,TRUE,FRAUD,NEW_BENEFICIARY_HIGH_VALUE,MEDIUM,amount|device_id|login_failures_30m,FR-01|FR-02|FR-03|FR-04|FR-17,Ground truth injected NEW_BENEFICIARY_HIGH_VALUE,None,ESCALATE,20260928,v1
TXN-SYN0000921,CASE-000053,TRUE,FRAUD,CORPORATE_APPROVAL_ANOMALY,MEDIUM,amount|device_id|login_failures_30m,FR-20,Ground truth injected CORPORATE_APPROVAL_ANOMALY,None,ESCALATE,20260928,v1
TXN-SYN0000922,CASE-000063,TRUE,FRAUD,CROSS_BORDER_ANOMALY,MEDIUM,amount|device_id|login_failures_30m,FR-19|FR-03|FR-11|FR-12|FR-01,Ground truth injected CROSS_BORDER_ANOMALY,None,ESCALATE,20260928,v1
TXN-SYN0000923,CASE-CUS-00026,FALSE,NORMAL,NONE,EASY,NONE,,Normal pattern,None,ALLOW,20260928,v1
TXN-SYN0000924,CASE-CUS-00068,FALSE,NORMAL,NONE,EASY,NONE,,Normal pattern,Counter evidence reduced score,ALLOW,20260928,v1
TXN-SYN0000925,CASE-CUS-00095,FALSE,NORMAL,NONE,EASY,NONE,,Normal pattern,None,ALLOW,20260928,v1
TXN-SYN0000926,CASE-CUS-00110,FALSE,NORMAL,NONE,EASY,NONE,,Normal pattern,Counter evidence reduced score,ALLOW,20260928,v1
TXN-SYN0000927,CASE-CUS-00090,FALSE,NORMAL,NONE,EASY,NONE,,Normal pattern,Counter evidence reduced score,ALLOW,20260928,v1
TXN-SYN0000928,CASE-CUS-00005,FALSE,NORMAL,NONE,EASY,NONE,,Normal pattern,None,ALLOW,20260928,v1
TXN-SYN0000929,CASE-CUS-00081,FALSE,NORMAL,NONE,EASY,NONE,,Normal pattern,Counter evidence reduced score,ALLOW,20260928,v1
TXN-SYN0000930,CASE-CUS-00051,FALSE,NORMAL,NONE,EASY,NONE,,Normal pattern,None,ALLOW,20260928,v1
TXN-SYN0000931,CASE-CUS-00046,FALSE,NORMAL,NONE,EASY,NONE,,Normal pattern,None,ALLOW,20260928,v1
TXN-SYN0000932,CASE-CUS-00046,FALSE,NORMAL,NONE,EASY,NONE,,Normal pattern,None,ALLOW,20260928,v1
TXN-SYN0000933,CASE-000055,TRUE,FRAUD,CORPORATE_APPROVAL_ANOMALY,MEDIUM,amount|device_id|login_failures_30m,FR-20,Ground truth injected CORPORATE_APPROVAL_ANOMALY,None,ESCALATE,20260928,v1
TXN-SYN0000934,CASE-CUS-00062,FALSE,NORMAL,NONE,EASY,NONE,,Normal pattern,Counter evidence reduced score,ALLOW,20260928,v1
TXN-SYN0000935,CASE-CUS-00044,FALSE,NORMAL,NONE,EASY,NONE,,Normal pattern,None,ALLOW,20260928,v1
TXN-SYN0000936,CASE-CUS-00044,FALSE,NORMAL,NONE,EASY,NONE,,Normal pattern,None,ALLOW,20260928,v1
TXN-SYN0000937,CASE-CUS-00002,FALSE,BENIGN_ANOMALY,NONE,EASY,NONE,,Normal pattern,None,MONITOR,20260928,v1
TXN-SYN0000938,CASE-CUS-00068,FALSE,BENIGN_ANOMALY,NONE,EASY,NONE,,Normal pattern,None,MONITOR,20260928,v1
TXN-SYN0000939,CASE-CUS-00059,FALSE,BENIGN_ANOMALY,NONE,EASY,NONE,,Normal pattern,None,MONITOR,20260928,v1
TXN-SYN0000940,CASE-CUS-00040,FALSE,NORMAL,NONE,EASY,NONE,,Normal pattern,None,ALLOW,20260928,v1
TXN-SYN0000941,CASE-CUS-00068,FALSE,BENIGN_ANOMALY,NONE,EASY,NONE,,Normal pattern,None,MONITOR,20260928,v1
TXN-SYN0000942,CASE-CUS-00053,FALSE,NORMAL,NONE,EASY,NONE,,Normal pattern,None,ALLOW,20260928,v1
TXN-SYN0000943,CASE-CUS-00066,FALSE,NORMAL,NONE,EASY,NONE,,Normal pattern,Counter evidence reduced score,ALLOW,20260928,v1
TXN-SYN0000944,CASE-CUS-00045,FALSE,NORMAL,NONE,EASY,NONE,,Normal pattern,Counter evidence reduced score,ALLOW,20260928,v1
TXN-SYN0000945,CASE-CUS-00040,FALSE,NORMAL,NONE,EASY,NONE,,Normal pattern,None,ALLOW,20260928,v1
TXN-SYN0000946,CASE-CUS-00099,FALSE,NORMAL,NONE,EASY,NONE,,Normal pattern,None,ALLOW,20260928,v1
TXN-SYN0000947,CASE-CUS-00002,FALSE,NORMAL,NONE,EASY,NONE,,Normal pattern,Counter evidence reduced score,ALLOW,20260928,v1
TXN-SYN0000948,CASE-CUS-00102,FALSE,NORMAL,NONE,EASY,NONE,,Normal pattern,Counter evidence reduced score,ALLOW,20260928,v1
TXN-SYN0000949,CASE-CUS-00115,FALSE,NORMAL,NONE,EASY,NONE,,Normal pattern,Counter evidence reduced score,ALLOW,20260928,v1
TXN-SYN0000950,CASE-CUS-00112,FALSE,NORMAL,NONE,EASY,NONE,,Normal pattern,Counter evidence reduced score,ALLOW,20260928,v1
TXN-SYN0000951,CASE-CUS-00115,FALSE,NORMAL,NONE,EASY,NONE,,Normal pattern,Counter evidence reduced score,ALLOW,20260928,v1
TXN-SYN0000952,CASE-CUS-00046,FALSE,NORMAL,NONE,EASY,NONE,,Normal pattern,None,ALLOW,20260928,v1
TXN-SYN0000953,CASE-CUS-00028,FALSE,NORMAL,NONE,EASY,NONE,,Normal pattern,None,ALLOW,20260928,v1
TXN-SYN0000954,CASE-CUS-00079,FALSE,NORMAL,NONE,EASY,NONE,,Normal pattern,Counter evidence reduced score,ALLOW,20260928,v1
TXN-SYN0000955,CASE-CUS-00008,FALSE,NORMAL,NONE,EASY,NONE,,Normal pattern,None,ALLOW,20260928,v1
TXN-SYN0000956,CASE-CUS-00053,FALSE,NORMAL,NONE,EASY,NONE,,Normal pattern,None,ALLOW,20260928,v1
TXN-SYN0000957,CASE-CUS-00053,FALSE,NORMAL,NONE,EASY,NONE,,Normal pattern,None,ALLOW,20260928,v1
TXN-SYN0000958,CASE-CUS-00028,FALSE,BENIGN_ANOMALY,NONE,EASY,NONE,,Normal pattern,None,MONITOR,20260928,v1
TXN-SYN0000959,CASE-CUS-00084,FALSE,BENIGN_ANOMALY,NONE,EASY,NONE,,Normal pattern,Counter evidence reduced score,MONITOR,20260928,v1
TXN-SYN0000960,CASE-CUS-00064,FALSE,NORMAL,NONE,EASY,NONE,,Normal pattern,Counter evidence reduced score,ALLOW,20260928,v1
TXN-SYN0000961,CASE-CUS-00076,FALSE,NORMAL,NONE,EASY,NONE,,Normal pattern,Counter evidence reduced score,ALLOW,20260928,v1
TXN-SYN0000962,CASE-CUS-00104,FALSE,NORMAL,NONE,EASY,NONE,,Normal pattern,Counter evidence reduced score,ALLOW,20260928,v1
TXN-SYN0000963,CASE-CUS-00104,FALSE,NORMAL,NONE,EASY,NONE,,Normal pattern,Counter evidence reduced score,ALLOW,20260928,v1
TXN-SYN0000964,CASE-CUS-00095,FALSE,BENIGN_ANOMALY,NONE,EASY,NONE,,Normal pattern,None,MONITOR,20260928,v1
TXN-SYN0000965,CASE-CUS-00091,FALSE,NORMAL,NONE,EASY,NONE,,Normal pattern,None,ALLOW,20260928,v1
TXN-SYN0000966,CASE-CUS-00027,FALSE,NORMAL,NONE,EASY,NONE,,Normal pattern,None,ALLOW,20260928,v1
TXN-SYN0000967,CASE-CUS-00094,FALSE,NORMAL,NONE,EASY,NONE,,Normal pattern,Counter evidence reduced score,ALLOW,20260928,v1
TXN-SYN0000968,CASE-CUS-00044,FALSE,BENIGN_ANOMALY,NONE,EASY,NONE,,Normal pattern,None,MONITOR,20260928,v1
TXN-SYN0000969,CASE-CUS-00027,FALSE,NORMAL,NONE,EASY,NONE,,Normal pattern,None,ALLOW,20260928,v1
TXN-SYN0000970,CASE-CUS-00059,FALSE,NORMAL,NONE,EASY,NONE,,Normal pattern,Counter evidence reduced score,ALLOW,20260928,v1
TXN-SYN0000971,CASE-CUS-00040,FALSE,BENIGN_ANOMALY,NONE,EASY,NONE,,Normal pattern,None,MONITOR,20260928,v1
TXN-SYN0000972,CASE-000063,TRUE,FRAUD,CROSS_BORDER_ANOMALY,MEDIUM,amount|device_id|login_failures_30m,FR-19|FR-03|FR-11|FR-12|FR-01,Ground truth injected CROSS_BORDER_ANOMALY,None,ESCALATE,20260928,v1
TXN-SYN0000973,CASE-CUS-00078,FALSE,NORMAL,NONE,EASY,NONE,,Normal pattern,Counter evidence reduced score,ALLOW,20260928,v1
TXN-SYN0000974,CASE-CUS-00017,FALSE,NORMAL,NONE,EASY,NONE,,Normal pattern,Counter evidence reduced score,ALLOW,20260928,v1
TXN-SYN0000975,CASE-CUS-00016,FALSE,NORMAL,NONE,EASY,NONE,,Normal pattern,None,ALLOW,20260928,v1
TXN-SYN0000976,CASE-CUS-00018,FALSE,NORMAL,NONE,EASY,NONE,,Normal pattern,None,ALLOW,20260928,v1
TXN-SYN0000977,CASE-CUS-00094,FALSE,NORMAL,NONE,EASY,NONE,,Normal pattern,None,ALLOW,20260928,v1
TXN-SYN0000978,CASE-CUS-00115,FALSE,NORMAL,NONE,EASY,NONE,,Normal pattern,Counter evidence reduced score,ALLOW,20260928,v1
TXN-SYN0000979,CASE-CUS-00026,FALSE,NORMAL,NONE,EASY,NONE,,Normal pattern,Counter evidence reduced score,ALLOW,20260928,v1
TXN-SYN0000980,CASE-CUS-00045,FALSE,NORMAL,NONE,EASY,NONE,,Normal pattern,None,ALLOW,20260928,v1
TXN-SYN0000981,CASE-CUS-00042,FALSE,NORMAL,NONE,EASY,NONE,,Normal pattern,None,ALLOW,20260928,v1
TXN-SYN0000982,CASE-CUS-00065,FALSE,NORMAL,NONE,EASY,NONE,,Normal pattern,None,ALLOW,20260928,v1
TXN-SYN0000983,CASE-000040,TRUE,FRAUD,CARD_NOT_PRESENT,MEDIUM,amount|device_id|login_failures_30m,FR-15|FR-11|FR-12|FR-16|FR-01,Ground truth injected CARD_NOT_PRESENT,None,ESCALATE,20260928,v1
TXN-SYN0000984,CASE-000040,TRUE,FRAUD,CARD_NOT_PRESENT,MEDIUM,amount|device_id|login_failures_30m,FR-15|FR-11|FR-12|FR-16|FR-01,Ground truth injected CARD_NOT_PRESENT,None,ESCALATE,20260928,v1
TXN-SYN0000985,CASE-CUS-00108,FALSE,NORMAL,NONE,EASY,NONE,,Normal pattern,None,ALLOW,20260928,v1
TXN-SYN0000986,CASE-CUS-00096,FALSE,NORMAL,NONE,EASY,NONE,,Normal pattern,None,ALLOW,20260928,v1
TXN-SYN0000987,CASE-CUS-00093,FALSE,NORMAL,NONE,EASY,NONE,,Normal pattern,None,ALLOW,20260928,v1
TXN-SYN0000988,CASE-CUS-00091,FALSE,NORMAL,NONE,EASY,NONE,,Normal pattern,None,ALLOW,20260928,v1
TXN-SYN0000989,CASE-CUS-00025,FALSE,NORMAL,NONE,EASY,NONE,,Normal pattern,Counter evidence reduced score,ALLOW,20260928,v1
TXN-SYN0000990,CASE-CUS-00073,FALSE,NORMAL,NONE,EASY,NONE,,Normal pattern,None,ALLOW,20260928,v1
TXN-SYN0000991,CASE-CUS-00083,FALSE,NORMAL,NONE,EASY,NONE,,Normal pattern,Counter evidence reduced score,ALLOW,20260928,v1
TXN-SYN0000992,CASE-CUS-00093,FALSE,NORMAL,NONE,EASY,NONE,,Normal pattern,None,ALLOW,20260928,v1
TXN-SYN0000993,CASE-CUS-00013,FALSE,NORMAL,NONE,EASY,NONE,,Normal pattern,Counter evidence reduced score,ALLOW,20260928,v1
TXN-SYN0000994,CASE-CUS-00009,FALSE,NORMAL,NONE,EASY,NONE,,Normal pattern,None,ALLOW,20260928,v1
TXN-SYN0000995,CASE-CUS-00047,FALSE,BENIGN_ANOMALY,NONE,EASY,NONE,,Normal pattern,None,MONITOR,20260928,v1
TXN-SYN0000996,CASE-CUS-00118,FALSE,NORMAL,NONE,EASY,NONE,,Normal pattern,Counter evidence reduced score,ALLOW,20260928,v1
TXN-SYN0000997,CASE-CUS-00100,FALSE,BENIGN_ANOMALY,NONE,EASY,NONE,,Normal pattern,None,MONITOR,20260928,v1
TXN-SYN0000998,CASE-CUS-00016,FALSE,NORMAL,NONE,EASY,NONE,,Normal pattern,None,ALLOW,20260928,v1
TXN-SYN0000999,CASE-CUS-00103,FALSE,NORMAL,NONE,EASY,NONE,,Normal pattern,None,MONITOR,20260928,v1
TXN-SYN0001000,CASE-CUS-00044,FALSE,NORMAL,NONE,EASY,NONE,,Normal pattern,Counter evidence reduced score,ALLOW,20260928,v1
TXN-SYN0001001,CASE-CUS-00093,FALSE,NORMAL,NONE,EASY,NONE,,Normal pattern,None,ALLOW,20260928,v1
TXN-SYN0001002,CASE-CUS-00032,FALSE,BENIGN_ANOMALY,NONE,EASY,NONE,,Normal pattern,None,MONITOR,20260928,v1
TXN-SYN0001003,CASE-CUS-00088,FALSE,BENIGN_ANOMALY,NONE,EASY,NONE,,Normal pattern,None,MONITOR,20260928,v1
TXN-SYN0001004,CASE-CUS-00061,FALSE,NORMAL,NONE,EASY,NONE,,Normal pattern,None,ALLOW,20260928,v1
TXN-SYN0001005,CASE-CUS-00029,FALSE,BENIGN_ANOMALY,NONE,EASY,NONE,,Normal pattern,None,MONITOR,20260928,v1
TXN-SYN0001006,CASE-CUS-00050,FALSE,NORMAL,NONE,EASY,NONE,,Normal pattern,None,ALLOW,20260928,v1
TXN-SYN0001007,CASE-000028,TRUE,FRAUD,IMPOSSIBLE_TRAVEL,MEDIUM,amount|device_id|login_failures_30m,FR-10|FR-11|FR-01,Ground truth injected IMPOSSIBLE_TRAVEL,None,ESCALATE,20260928,v1
TXN-SYN0001008,CASE-000053,TRUE,FRAUD,CORPORATE_APPROVAL_ANOMALY,MEDIUM,amount|device_id|login_failures_30m,FR-20,Ground truth injected CORPORATE_APPROVAL_ANOMALY,None,ESCALATE,20260928,v1
TXN-SYN0001009,CASE-CUS-00056,FALSE,BENIGN_ANOMALY,NONE,EASY,NONE,,Normal pattern,None,MONITOR,20260928,v1
TXN-SYN0001010,CASE-CUS-00089,FALSE,BENIGN_ANOMALY,NONE,EASY,NONE,,Normal pattern,None,MONITOR,20260928,v1
TXN-SYN0001011,CASE-CUS-00107,FALSE,NORMAL,NONE,EASY,NONE,,Normal pattern,None,ALLOW,20260928,v1
TXN-SYN0001012,CASE-CUS-00092,FALSE,NORMAL,NONE,EASY,NONE,,Normal pattern,Counter evidence reduced score,ALLOW,20260928,v1
TXN-SYN0001013,CASE-CUS-00052,FALSE,NORMAL,NONE,EASY,NONE,,Normal pattern,Counter evidence reduced score,ALLOW,20260928,v1
TXN-SYN0001014,CASE-CUS-00106,FALSE,NORMAL,NONE,EASY,NONE,,Normal pattern,None,ALLOW,20260928,v1
TXN-SYN0001015,CASE-CUS-00061,FALSE,NORMAL,NONE,EASY,NONE,,Normal pattern,Counter evidence reduced score,ALLOW,20260928,v1
TXN-SYN0001016,CASE-CUS-00109,FALSE,NORMAL,NONE,EASY,NONE,,Normal pattern,Counter evidence reduced score,ALLOW,20260928,v1
TXN-SYN0001017,CASE-CUS-00109,FALSE,NORMAL,NONE,EASY,NONE,,Normal pattern,Counter evidence reduced score,ALLOW,20260928,v1
TXN-SYN0001018,CASE-CUS-00003,FALSE,NORMAL,NONE,EASY,NONE,,Normal pattern,Counter evidence reduced score,ALLOW,20260928,v1
TXN-SYN0001019,CASE-CUS-00105,FALSE,NORMAL,NONE,EASY,NONE,,Normal pattern,None,ALLOW,20260928,v1
TXN-SYN0001020,CASE-CUS-00101,FALSE,NORMAL,NONE,EASY,NONE,,Normal pattern,None,ALLOW,20260928,v1
TXN-SYN0001021,CASE-CUS-00041,FALSE,NORMAL,NONE,EASY,NONE,,Normal pattern,None,ALLOW,20260928,v1
TXN-SYN0001022,CASE-CUS-00044,FALSE,NORMAL,NONE,EASY,NONE,,Normal pattern,None,ALLOW,20260928,v1
TXN-SYN0001023,CASE-CUS-00053,FALSE,NORMAL,NONE,EASY,NONE,,Normal pattern,None,ALLOW,20260928,v1
TXN-SYN0001024,CASE-CUS-00096,FALSE,NORMAL,NONE,EASY,NONE,,Normal pattern,None,ALLOW,20260928,v1
TXN-SYN0001025,CASE-CUS-00046,FALSE,NORMAL,NONE,EASY,NONE,,Normal pattern,Counter evidence reduced score,ALLOW,20260928,v1
TXN-SYN0001026,CASE-CUS-00002,FALSE,NORMAL,NONE,EASY,NONE,,Normal pattern,None,ALLOW,20260928,v1
TXN-SYN0001027,CASE-CUS-00073,FALSE,NORMAL,NONE,EASY,NONE,,Normal pattern,Counter evidence reduced score,ALLOW,20260928,v1
TXN-SYN0001028,CASE-CUS-00091,FALSE,NORMAL,NONE,EASY,NONE,,Normal pattern,None,ALLOW,20260928,v1
TXN-SYN0001029,CASE-CUS-00102,FALSE,NORMAL,NONE,EASY,NONE,,Normal pattern,Counter evidence reduced score,ALLOW,20260928,v1
TXN-SYN0001030,CASE-000062,TRUE,FRAUD,CROSS_BORDER_ANOMALY,MEDIUM,amount|device_id|login_failures_30m,FR-19|FR-03|FR-11|FR-12|FR-01,Ground truth injected CROSS_BORDER_ANOMALY,None,ESCALATE,20260928,v1
TXN-SYN0001031,CASE-CUS-00054,FALSE,NORMAL,NONE,EASY,NONE,,Normal pattern,Counter evidence reduced score,ALLOW,20260928,v1
TXN-SYN0001032,CASE-CUS-00086,FALSE,NORMAL,NONE,EASY,NONE,,Normal pattern,None,ALLOW,20260928,v1
TXN-SYN0001033,CASE-000047,TRUE,FRAUD,CREDENTIAL_RESET_ABUSE,MEDIUM,amount|device_id|login_failures_30m,FR-06|FR-04|FR-18|FR-01,Ground truth injected CREDENTIAL_RESET_ABUSE,None,ESCALATE,20260928,v1
TXN-SYN0001034,CASE-000047,TRUE,FRAUD,CREDENTIAL_RESET_ABUSE,MEDIUM,amount|device_id|login_failures_30m,FR-06|FR-04|FR-18|FR-01,Ground truth injected CREDENTIAL_RESET_ABUSE,None,ESCALATE,20260928,v1
TXN-SYN0001035,CASE-CUS-00062,FALSE,BENIGN_ANOMALY,NONE,EASY,NONE,,Normal pattern,Counter evidence reduced score,MONITOR,20260928,v1
TXN-SYN0001036,CASE-CUS-00086,FALSE,BENIGN_ANOMALY,NONE,EASY,NONE,,Normal pattern,None,MONITOR,20260928,v1
TXN-SYN0001037,CASE-CUS-00057,FALSE,NORMAL,NONE,EASY,NONE,,Normal pattern,Counter evidence reduced score,ALLOW,20260928,v1
TXN-SYN0001038,CASE-CUS-00083,FALSE,NORMAL,NONE,EASY,NONE,,Normal pattern,Counter evidence reduced score,ALLOW,20260928,v1
TXN-SYN0001039,CASE-CUS-00117,FALSE,NORMAL,NONE,EASY,NONE,,Normal pattern,Counter evidence reduced score,ALLOW,20260928,v1
TXN-SYN0001040,CASE-CUS-00083,FALSE,NORMAL,NONE,EASY,NONE,,Normal pattern,Counter evidence reduced score,ALLOW,20260928,v1
TXN-SYN0001041,CASE-CUS-00077,FALSE,NORMAL,NONE,EASY,NONE,,Normal pattern,Counter evidence reduced score,ALLOW,20260928,v1
TXN-SYN0001042,CASE-CUS-00002,FALSE,NORMAL,NONE,EASY,NONE,,Normal pattern,None,ALLOW,20260928,v1
TXN-SYN0001043,CASE-CUS-00098,FALSE,NORMAL,NONE,EASY,NONE,,Normal pattern,None,ALLOW,20260928,v1
TXN-SYN0001044,CASE-CUS-00089,FALSE,NORMAL,NONE,EASY,NONE,,Normal pattern,Counter evidence reduced score,ALLOW,20260928,v1
TXN-SYN0001045,CASE-CUS-00013,FALSE,NORMAL,NONE,EASY,NONE,,Normal pattern,None,ALLOW,20260928,v1
TXN-SYN0001046,CASE-CUS-00032,FALSE,NORMAL,NONE,EASY,NONE,,Normal pattern,None,ALLOW,20260928,v1
TXN-SYN0001047,CASE-CUS-00094,FALSE,NORMAL,NONE,EASY,NONE,,Normal pattern,None,ALLOW,20260928,v1
TXN-SYN0001048,CASE-CUS-00027,FALSE,NORMAL,NONE,EASY,NONE,,Normal pattern,None,ALLOW,20260928,v1
TXN-SYN0001049,CASE-CUS-00063,FALSE,NORMAL,NONE,EASY,NONE,,Normal pattern,Counter evidence reduced score,ALLOW,20260928,v1
TXN-SYN0001050,CASE-CUS-00056,FALSE,NORMAL,NONE,EASY,NONE,,Normal pattern,Counter evidence reduced score,ALLOW,20260928,v1
TXN-SYN0001051,CASE-CUS-00091,FALSE,NORMAL,NONE,EASY,NONE,,Normal pattern,None,ALLOW,20260928,v1
TXN-SYN0001052,CASE-CUS-00005,FALSE,BENIGN_ANOMALY,NONE,EASY,NONE,,Normal pattern,None,MONITOR,20260928,v1
TXN-SYN0001053,CASE-CUS-00086,FALSE,NORMAL,NONE,EASY,NONE,,Normal pattern,Counter evidence reduced score,ALLOW,20260928,v1
TXN-SYN0001054,CASE-CUS-00039,FALSE,NORMAL,NONE,EASY,NONE,,Normal pattern,None,ALLOW,20260928,v1
TXN-SYN0001055,CASE-CUS-00038,FALSE,NORMAL,NONE,EASY,NONE,,Normal pattern,None,ALLOW,20260928,v1
TXN-SYN0001056,CASE-CUS-00070,FALSE,NORMAL,NONE,EASY,NONE,,Normal pattern,Counter evidence reduced score,ALLOW,20260928,v1
TXN-SYN0001057,CASE-CUS-00040,FALSE,NORMAL,NONE,EASY,NONE,,Normal pattern,Counter evidence reduced score,ALLOW,20260928,v1
TXN-SYN0001058,CASE-CUS-00106,FALSE,NORMAL,NONE,EASY,NONE,,Normal pattern,None,ALLOW,20260928,v1
TXN-SYN0001059,CASE-CUS-00086,FALSE,NORMAL,NONE,EASY,NONE,,Normal pattern,None,ALLOW,20260928,v1
TXN-SYN0001060,CASE-CUS-00082,FALSE,BENIGN_ANOMALY,NONE,EASY,NONE,,Normal pattern,Counter evidence reduced score,MONITOR,20260928,v1
TXN-SYN0001061,CASE-CUS-00115,FALSE,NORMAL,NONE,EASY,NONE,,Normal pattern,Counter evidence reduced score,ALLOW,20260928,v1
TXN-SYN0001062,CASE-CUS-00104,FALSE,NORMAL,NONE,EASY,NONE,,Normal pattern,None,ALLOW,20260928,v1
TXN-SYN0001063,CASE-CUS-00042,FALSE,NORMAL,NONE,EASY,NONE,,Normal pattern,None,ALLOW,20260928,v1
TXN-SYN0001064,CASE-CUS-00058,FALSE,NORMAL,NONE,EASY,NONE,,Normal pattern,None,ALLOW,20260928,v1
TXN-SYN0001065,CASE-CUS-00027,FALSE,NORMAL,NONE,EASY,NONE,,Normal pattern,None,ALLOW,20260928,v1
TXN-SYN0001066,CASE-CUS-00086,FALSE,NORMAL,NONE,EASY,NONE,,Normal pattern,None,ALLOW,20260928,v1
TXN-SYN0001067,CASE-CUS-00012,FALSE,NORMAL,NONE,EASY,NONE,,Normal pattern,None,ALLOW,20260928,v1
TXN-SYN0001068,CASE-CUS-00001,FALSE,NORMAL,NONE,EASY,NONE,,Normal pattern,None,ALLOW,20260928,v1
TXN-SYN0001069,CASE-CUS-00064,FALSE,NORMAL,NONE,EASY,NONE,,Normal pattern,Counter evidence reduced score,ALLOW,20260928,v1
TXN-SYN0001070,CASE-CUS-00001,FALSE,NORMAL,NONE,EASY,NONE,,Normal pattern,None,ALLOW,20260928,v1
TXN-SYN0001071,CASE-CUS-00019,FALSE,NORMAL,NONE,EASY,NONE,,Normal pattern,Counter evidence reduced score,ALLOW,20260928,v1
TXN-SYN0001072,CASE-CUS-00009,FALSE,NORMAL,NONE,EASY,NONE,,Normal pattern,None,ALLOW,20260928,v1
TXN-SYN0001073,CASE-CUS-00069,FALSE,NORMAL,NONE,EASY,NONE,,Normal pattern,None,ALLOW,20260928,v1
TXN-SYN0001074,CASE-CUS-00011,FALSE,NORMAL,NONE,EASY,NONE,,Normal pattern,None,ALLOW,20260928,v1
TXN-SYN0001075,CASE-CUS-00094,FALSE,NORMAL,NONE,EASY,NONE,,Normal pattern,None,ALLOW,20260928,v1
TXN-SYN0001076,CASE-CUS-00083,FALSE,BENIGN_ANOMALY,NONE,EASY,NONE,,Normal pattern,Counter evidence reduced score,MONITOR,20260928,v1
TXN-SYN0001077,CASE-CUS-00083,FALSE,NORMAL,NONE,EASY,NONE,,Normal pattern,Counter evidence reduced score,MONITOR,20260928,v1
TXN-SYN0001078,CASE-000062,TRUE,FRAUD,CROSS_BORDER_ANOMALY,MEDIUM,amount|device_id|login_failures_30m,FR-19|FR-03|FR-11|FR-12|FR-01,Ground truth injected CROSS_BORDER_ANOMALY,None,ESCALATE,20260928,v1
TXN-SYN0001079,CASE-CUS-00020,FALSE,BENIGN_ANOMALY,NONE,EASY,NONE,,Normal pattern,None,MONITOR,20260928,v1
TXN-SYN0001080,CASE-CUS-00083,FALSE,BENIGN_ANOMALY,NONE,EASY,NONE,,Normal pattern,Counter evidence reduced score,MONITOR,20260928,v1
TXN-SYN0001081,CASE-CUS-00083,FALSE,BENIGN_ANOMALY,NONE,EASY,NONE,,Normal pattern,Counter evidence reduced score,MONITOR,20260928,v1
TXN-SYN0001082,CASE-CUS-00075,FALSE,BENIGN_ANOMALY,NONE,EASY,NONE,,Normal pattern,Counter evidence reduced score,MONITOR,20260928,v1
TXN-SYN0001083,CASE-CUS-00081,FALSE,BENIGN_ANOMALY,NONE,EASY,NONE,,Normal pattern,Counter evidence reduced score,MONITOR,20260928,v1
TXN-SYN0001084,CASE-CUS-00033,FALSE,NORMAL,NONE,EASY,NONE,,Normal pattern,Counter evidence reduced score,ALLOW,20260928,v1
TXN-SYN0001085,CASE-CUS-00104,FALSE,NORMAL,NONE,EASY,NONE,,Normal pattern,None,ALLOW,20260928,v1
TXN-SYN0001086,CASE-CUS-00075,FALSE,NORMAL,NONE,EASY,NONE,,Normal pattern,Counter evidence reduced score,ALLOW,20260928,v1
TXN-SYN0001087,CASE-CUS-00067,FALSE,NORMAL,NONE,EASY,NONE,,Normal pattern,Counter evidence reduced score,ALLOW,20260928,v1
TXN-SYN0001088,CASE-CUS-00096,FALSE,NORMAL,NONE,EASY,NONE,,Normal pattern,None,ALLOW,20260928,v1
TXN-SYN0001089,CASE-CUS-00117,FALSE,NORMAL,NONE,EASY,NONE,,Normal pattern,Counter evidence reduced score,ALLOW,20260928,v1
TXN-SYN0001090,CASE-CUS-00117,FALSE,NORMAL,NONE,EASY,NONE,,Normal pattern,Counter evidence reduced score,ALLOW,20260928,v1
TXN-SYN0001091,CASE-CUS-00118,FALSE,NORMAL,NONE,EASY,NONE,,Normal pattern,Counter evidence reduced score,ALLOW,20260928,v1
TXN-SYN0001092,CASE-CUS-00021,FALSE,NORMAL,NONE,EASY,NONE,,Normal pattern,None,ALLOW,20260928,v1
TXN-SYN0001093,CASE-CUS-00021,FALSE,NORMAL,NONE,EASY,NONE,,Normal pattern,None,ALLOW,20260928,v1
TXN-SYN0001094,CASE-CUS-00010,FALSE,NORMAL,NONE,EASY,NONE,,Normal pattern,Counter evidence reduced score,ALLOW,20260928,v1
TXN-SYN0001095,CASE-CUS-00100,FALSE,NORMAL,NONE,EASY,NONE,,Normal pattern,None,ALLOW,20260928,v1
TXN-SYN0001096,CASE-CUS-00054,FALSE,NORMAL,NONE,EASY,NONE,,Normal pattern,Counter evidence reduced score,ALLOW,20260928,v1
TXN-SYN0001097,CASE-CUS-00088,FALSE,NORMAL,NONE,EASY,NONE,,Normal pattern,None,ALLOW,20260928,v1
TXN-SYN0001098,CASE-CUS-00008,FALSE,NORMAL,NONE,EASY,NONE,,Normal pattern,None,ALLOW,20260928,v1
TXN-SYN0001099,CASE-CUS-00113,FALSE,NORMAL,NONE,EASY,NONE,,Normal pattern,Counter evidence reduced score,ALLOW,20260928,v1
TXN-SYN0001100,CASE-CUS-00057,FALSE,NORMAL,NONE,EASY,NONE,,Normal pattern,None,ALLOW,20260928,v1
TXN-SYN0001101,CASE-CUS-00019,FALSE,NORMAL,NONE,EASY,NONE,,Normal pattern,Counter evidence reduced score,ALLOW,20260928,v1
TXN-SYN0001102,CASE-CUS-00100,FALSE,BENIGN_ANOMALY,NONE,EASY,NONE,,Normal pattern,None,MONITOR,20260928,v1
TXN-SYN0001103,CASE-CUS-00002,FALSE,NORMAL,NONE,EASY,NONE,,Normal pattern,None,ALLOW,20260928,v1
TXN-SYN0001104,CASE-CUS-00006,FALSE,NORMAL,NONE,EASY,NONE,,Normal pattern,None,ALLOW,20260928,v1
TXN-SYN0001105,CASE-CUS-00098,FALSE,NORMAL,NONE,EASY,NONE,,Normal pattern,None,ALLOW,20260928,v1
TXN-SYN0001106,CASE-CUS-00002,FALSE,NORMAL,NONE,EASY,NONE,,Normal pattern,None,ALLOW,20260928,v1
TXN-SYN0001107,CASE-CUS-00116,FALSE,NORMAL,NONE,EASY,NONE,,Normal pattern,Counter evidence reduced score,ALLOW,20260928,v1
TXN-SYN0001108,CASE-CUS-00098,FALSE,NORMAL,NONE,EASY,NONE,,Normal pattern,None,ALLOW,20260928,v1
TXN-SYN0001109,CASE-CUS-00010,FALSE,NORMAL,NONE,EASY,NONE,,Normal pattern,None,ALLOW,20260928,v1
TXN-SYN0001110,CASE-CUS-00025,FALSE,NORMAL,NONE,EASY,NONE,,Normal pattern,Counter evidence reduced score,ALLOW,20260928,v1
TXN-SYN0001111,CASE-CUS-00049,FALSE,NORMAL,NONE,EASY,NONE,,Normal pattern,None,ALLOW,20260928,v1
TXN-SYN0001112,CASE-CUS-00096,FALSE,NORMAL,NONE,EASY,NONE,,Normal pattern,None,ALLOW,20260928,v1
TXN-SYN0001113,CASE-CUS-00030,FALSE,NORMAL,NONE,EASY,NONE,,Normal pattern,None,ALLOW,20260928,v1
TXN-SYN0001114,CASE-CUS-00050,FALSE,NORMAL,NONE,EASY,NONE,,Normal pattern,None,ALLOW,20260928,v1
TXN-SYN0001115,CASE-CUS-00100,FALSE,NORMAL,NONE,EASY,NONE,,Normal pattern,Counter evidence reduced score,ALLOW,20260928,v1
TXN-SYN0001116,CASE-CUS-00103,FALSE,NORMAL,NONE,EASY,NONE,,Normal pattern,None,ALLOW,20260928,v1
TXN-SYN0001117,CASE-CUS-00103,FALSE,NORMAL,NONE,EASY,NONE,,Normal pattern,None,ALLOW,20260928,v1
TXN-SYN0001118,CASE-CUS-00070,FALSE,NORMAL,NONE,EASY,NONE,,Normal pattern,Counter evidence reduced score,ALLOW,20260928,v1
TXN-SYN0001119,CASE-CUS-00050,FALSE,NORMAL,NONE,EASY,NONE,,Normal pattern,None,ALLOW,20260928,v1
TXN-SYN0001120,CASE-CUS-00061,FALSE,NORMAL,NONE,EASY,NONE,,Normal pattern,Counter evidence reduced score,ALLOW,20260928,v1
TXN-SYN0001121,CASE-CUS-00007,FALSE,NORMAL,NONE,EASY,NONE,,Normal pattern,None,ALLOW,20260928,v1
TXN-SYN0001122,CASE-CUS-00068,FALSE,NORMAL,NONE,EASY,NONE,,Normal pattern,Counter evidence reduced score,ALLOW,20260928,v1
TXN-SYN0001123,CASE-CUS-00078,FALSE,NORMAL,NONE,EASY,NONE,,Normal pattern,Counter evidence reduced score,ALLOW,20260928,v1
TXN-SYN0001124,CASE-CUS-00010,FALSE,NORMAL,NONE,EASY,NONE,,Normal pattern,None,ALLOW,20260928,v1
TXN-SYN0001125,CASE-CUS-00100,FALSE,NORMAL,NONE,EASY,NONE,,Normal pattern,None,ALLOW,20260928,v1
TXN-SYN0001126,CASE-CUS-00060,FALSE,NORMAL,NONE,EASY,NONE,,Normal pattern,Counter evidence reduced score,ALLOW,20260928,v1
TXN-SYN0001127,CASE-CUS-00031,FALSE,NORMAL,NONE,EASY,NONE,,Normal pattern,Counter evidence reduced score,ALLOW,20260928,v1
TXN-SYN0001128,CASE-CUS-00047,FALSE,NORMAL,NONE,EASY,NONE,,Normal pattern,None,ALLOW,20260928,v1
TXN-SYN0001129,CASE-CUS-00055,FALSE,NORMAL,NONE,EASY,NONE,,Normal pattern,None,ALLOW,20260928,v1
TXN-SYN0001130,CASE-CUS-00084,FALSE,NORMAL,NONE,EASY,NONE,,Normal pattern,Counter evidence reduced score,ALLOW,20260928,v1
TXN-SYN0001131,CASE-CUS-00075,FALSE,NORMAL,NONE,EASY,NONE,,Normal pattern,Counter evidence reduced score,ALLOW,20260928,v1
TXN-SYN0001132,CASE-CUS-00053,FALSE,BENIGN_ANOMALY,NONE,EASY,NONE,,Normal pattern,None,MONITOR,20260928,v1
TXN-SYN0001133,CASE-CUS-00054,FALSE,NORMAL,NONE,EASY,NONE,,Normal pattern,None,ALLOW,20260928,v1
TXN-SYN0001134,CASE-CUS-00049,FALSE,NORMAL,NONE,EASY,NONE,,Normal pattern,None,ALLOW,20260928,v1
TXN-SYN0001135,CASE-000012,TRUE,FRAUD,NEW_BENEFICIARY_HIGH_VALUE,MEDIUM,amount|device_id|login_failures_30m,FR-01|FR-02|FR-03|FR-04|FR-17,Ground truth injected NEW_BENEFICIARY_HIGH_VALUE,None,ESCALATE,20260928,v1
TXN-SYN0001136,CASE-CUS-00060,FALSE,NORMAL,NONE,EASY,NONE,,Normal pattern,Counter evidence reduced score,ALLOW,20260928,v1
TXN-SYN0001137,CASE-000012,TRUE,FRAUD,NEW_BENEFICIARY_HIGH_VALUE,MEDIUM,amount|device_id|login_failures_30m,FR-01|FR-02|FR-03|FR-04|FR-17,Ground truth injected NEW_BENEFICIARY_HIGH_VALUE,None,ESCALATE,20260928,v1
TXN-SYN0001138,CASE-CUS-00006,FALSE,NORMAL,NONE,EASY,NONE,,Normal pattern,None,ALLOW,20260928,v1
TXN-SYN0001139,CASE-CUS-00079,FALSE,NORMAL,NONE,EASY,NONE,,Normal pattern,Counter evidence reduced score,ALLOW,20260928,v1
TXN-SYN0001140,CASE-000010,TRUE,FRAUD,NEW_BENEFICIARY_HIGH_VALUE,MEDIUM,amount|device_id|login_failures_30m,FR-01|FR-02|FR-03|FR-04|FR-17,Ground truth injected NEW_BENEFICIARY_HIGH_VALUE,None,ESCALATE,20260928,v1
TXN-SYN0001141,CASE-CUS-00012,FALSE,BENIGN_ANOMALY,NONE,EASY,NONE,,Normal pattern,None,MONITOR,20260928,v1
TXN-SYN0001142,CASE-CUS-00043,FALSE,BENIGN_ANOMALY,NONE,EASY,NONE,,Normal pattern,None,MONITOR,20260928,v1
TXN-SYN0001143,CASE-000010,TRUE,FRAUD,NEW_BENEFICIARY_HIGH_VALUE,MEDIUM,amount|device_id|login_failures_30m,FR-01|FR-02|FR-03|FR-04|FR-17,Ground truth injected NEW_BENEFICIARY_HIGH_VALUE,None,ESCALATE,20260928,v1
TXN-SYN0001144,CASE-CUS-00084,FALSE,BENIGN_ANOMALY,NONE,EASY,NONE,,Normal pattern,Counter evidence reduced score,MONITOR,20260928,v1
TXN-SYN0001145,CASE-CUS-00097,FALSE,NORMAL,NONE,EASY,NONE,,Normal pattern,None,ALLOW,20260928,v1
TXN-SYN0001146,CASE-CUS-00039,FALSE,NORMAL,NONE,EASY,NONE,,Normal pattern,None,ALLOW,20260928,v1
TXN-SYN0001147,CASE-CUS-00027,FALSE,NORMAL,NONE,EASY,NONE,,Normal pattern,Counter evidence reduced score,ALLOW,20260928,v1
TXN-SYN0001148,CASE-CUS-00084,FALSE,NORMAL,NONE,EASY,NONE,,Normal pattern,Counter evidence reduced score,ALLOW,20260928,v1
TXN-SYN0001149,CASE-CUS-00023,FALSE,NORMAL,NONE,EASY,NONE,,Normal pattern,Counter evidence reduced score,ALLOW,20260928,v1
TXN-SYN0001150,CASE-CUS-00062,FALSE,NORMAL,NONE,EASY,NONE,,Normal pattern,Counter evidence reduced score,ALLOW,20260928,v1
TXN-SYN0001151,CASE-CUS-00107,FALSE,NORMAL,NONE,EASY,NONE,,Normal pattern,Counter evidence reduced score,ALLOW,20260928,v1
TXN-SYN0001152,CASE-CUS-00082,FALSE,NORMAL,NONE,EASY,NONE,,Normal pattern,Counter evidence reduced score,ALLOW,20260928,v1
TXN-SYN0001153,CASE-000001,TRUE,FRAUD,ACCOUNT_TAKEOVER,MEDIUM,amount|device_id|login_failures_30m,FR-01|FR-02|FR-03|FR-04|FR-05|FR-06|FR-07|FR-12|FR-17|FR-18,Ground truth injected ACCOUNT_TAKEOVER,None,ESCALATE,20260928,v1
TXN-SYN0001154,CASE-000001,TRUE,FRAUD,ACCOUNT_TAKEOVER,MEDIUM,amount|device_id|login_failures_30m,FR-01|FR-02|FR-03|FR-04|FR-05|FR-06|FR-07|FR-12|FR-17|FR-18,Ground truth injected ACCOUNT_TAKEOVER,None,ESCALATE,20260928,v1
TXN-SYN0001155,CASE-000001,TRUE,FRAUD,ACCOUNT_TAKEOVER,MEDIUM,amount|device_id|login_failures_30m,FR-01|FR-02|FR-03|FR-04|FR-05|FR-06|FR-07|FR-12|FR-17|FR-18,Ground truth injected ACCOUNT_TAKEOVER,None,ESCALATE,20260928,v1
TXN-SYN0001156,CASE-CUS-00087,FALSE,NORMAL,NONE,EASY,NONE,,Normal pattern,None,ALLOW,20260928,v1
TXN-SYN0001157,CASE-CUS-00089,FALSE,NORMAL,NONE,EASY,NONE,,Normal pattern,None,ALLOW,20260928,v1
TXN-SYN0001158,CASE-CUS-00088,FALSE,NORMAL,NONE,EASY,NONE,,Normal pattern,None,ALLOW,20260928,v1
TXN-SYN0001159,CASE-CUS-00009,FALSE,NORMAL,NONE,EASY,NONE,,Normal pattern,Counter evidence reduced score,ALLOW,20260928,v1
TXN-SYN0001160,CASE-CUS-00001,FALSE,NORMAL,NONE,EASY,NONE,,Normal pattern,None,ALLOW,20260928,v1
TXN-SYN0001161,CASE-CUS-00081,FALSE,NORMAL,NONE,EASY,NONE,,Normal pattern,Counter evidence reduced score,ALLOW,20260928,v1
TXN-SYN0001162,CASE-CUS-00022,FALSE,NORMAL,NONE,EASY,NONE,,Normal pattern,None,ALLOW,20260928,v1
TXN-SYN0001163,CASE-CUS-00102,FALSE,NORMAL,NONE,EASY,NONE,,Normal pattern,None,ALLOW,20260928,v1
TXN-SYN0001164,CASE-CUS-00069,FALSE,NORMAL,NONE,EASY,NONE,,Normal pattern,None,ALLOW,20260928,v1
TXN-SYN0001165,CASE-CUS-00019,FALSE,NORMAL,NONE,EASY,NONE,,Normal pattern,None,ALLOW,20260928,v1
TXN-SYN0001166,CASE-CUS-00088,FALSE,NORMAL,NONE,EASY,NONE,,Normal pattern,None,ALLOW,20260928,v1
TXN-SYN0001167,CASE-CUS-00095,FALSE,NORMAL,NONE,EASY,NONE,,Normal pattern,None,ALLOW,20260928,v1
TXN-SYN0001168,CASE-CUS-00108,FALSE,NORMAL,NONE,EASY,NONE,,Normal pattern,None,ALLOW,20260928,v1
TXN-SYN0001169,CASE-CUS-00110,FALSE,NORMAL,NONE,EASY,NONE,,Normal pattern,Counter evidence reduced score,ALLOW,20260928,v1
TXN-SYN0001170,CASE-CUS-00084,FALSE,NORMAL,NONE,EASY,NONE,,Normal pattern,Counter evidence reduced score,ALLOW,20260928,v1
TXN-SYN0001171,CASE-CUS-00119,FALSE,NORMAL,NONE,EASY,NONE,,Normal pattern,Counter evidence reduced score,ALLOW,20260928,v1
TXN-SYN0001172,CASE-000058,TRUE,FRAUD,CROSS_BORDER_ANOMALY,MEDIUM,amount|device_id|login_failures_30m,FR-19|FR-03|FR-11|FR-12|FR-01,Ground truth injected CROSS_BORDER_ANOMALY,None,ESCALATE,20260928,v1
TXN-SYN0001173,CASE-CUS-00065,FALSE,NORMAL,NONE,EASY,NONE,,Normal pattern,None,ALLOW,20260928,v1
TXN-SYN0001174,CASE-CUS-00050,FALSE,NORMAL,NONE,EASY,NONE,,Normal pattern,None,ALLOW,20260928,v1
TXN-SYN0001175,CASE-000059,TRUE,FRAUD,CROSS_BORDER_ANOMALY,MEDIUM,amount|device_id|login_failures_30m,FR-19|FR-03|FR-11|FR-12|FR-01,Ground truth injected CROSS_BORDER_ANOMALY,None,ESCALATE,20260928,v1
TXN-SYN0001176,CASE-CUS-00096,FALSE,BENIGN_ANOMALY,NONE,EASY,NONE,,Normal pattern,None,MONITOR,20260928,v1
TXN-SYN0001177,CASE-CUS-00049,FALSE,NORMAL,NONE,EASY,NONE,,Normal pattern,Counter evidence reduced score,ALLOW,20260928,v1
TXN-SYN0001178,CASE-000045,TRUE,FRAUD,CREDENTIAL_RESET_ABUSE,MEDIUM,amount|device_id|login_failures_30m,FR-06|FR-04|FR-18|FR-01,Ground truth injected CREDENTIAL_RESET_ABUSE,None,ESCALATE,20260928,v1
TXN-SYN0001179,CASE-CUS-00049,FALSE,NORMAL,NONE,EASY,NONE,,Normal pattern,None,ALLOW,20260928,v1
TXN-SYN0001180,CASE-000045,TRUE,FRAUD,CREDENTIAL_RESET_ABUSE,MEDIUM,amount|device_id|login_failures_30m,FR-06|FR-04|FR-18|FR-01,Ground truth injected CREDENTIAL_RESET_ABUSE,None,ESCALATE,20260928,v1
TXN-SYN0001181,CASE-CUS-00057,FALSE,NORMAL,NONE,EASY,NONE,,Normal pattern,None,ALLOW,20260928,v1
TXN-SYN0001182,CASE-CUS-00049,FALSE,NORMAL,NONE,EASY,NONE,,Normal pattern,None,ALLOW,20260928,v1
TXN-SYN0001183,CASE-CUS-00049,FALSE,NORMAL,NONE,EASY,NONE,,Normal pattern,Counter evidence reduced score,ALLOW,20260928,v1
TXN-SYN0001184,CASE-CUS-00001,FALSE,NORMAL,NONE,EASY,NONE,,Normal pattern,None,ALLOW,20260928,v1
TXN-SYN0001185,CASE-CUS-00029,FALSE,NORMAL,NONE,EASY,NONE,,Normal pattern,None,ALLOW,20260928,v1
TXN-SYN0001186,CASE-CUS-00049,FALSE,NORMAL,NONE,EASY,NONE,,Normal pattern,Counter evidence reduced score,ALLOW,20260928,v1
TXN-SYN0001187,CASE-CUS-00049,FALSE,NORMAL,NONE,EASY,NONE,,Normal pattern,Counter evidence reduced score,ALLOW,20260928,v1
TXN-SYN0001188,CASE-CUS-00002,FALSE,NORMAL,NONE,EASY,NONE,,Normal pattern,None,ALLOW,20260928,v1
TXN-SYN0001189,CASE-CUS-00080,FALSE,BENIGN_ANOMALY,NONE,EASY,NONE,,Normal pattern,None,MONITOR,20260928,v1
TXN-SYN0001190,CASE-CUS-00114,FALSE,NORMAL,NONE,EASY,NONE,,Normal pattern,Counter evidence reduced score,ALLOW,20260928,v1
TXN-SYN0001191,CASE-CUS-00106,FALSE,NORMAL,NONE,EASY,NONE,,Normal pattern,None,ALLOW,20260928,v1
TXN-SYN0001192,CASE-CUS-00107,FALSE,NORMAL,NONE,EASY,NONE,,Normal pattern,Counter evidence reduced score,ALLOW,20260928,v1
TXN-SYN0001193,CASE-CUS-00076,FALSE,NORMAL,NONE,EASY,NONE,,Normal pattern,Counter evidence reduced score,ALLOW,20260928,v1
TXN-SYN0001194,CASE-CUS-00069,FALSE,NORMAL,NONE,EASY,NONE,,Normal pattern,Counter evidence reduced score,ALLOW,20260928,v1
TXN-SYN0001195,CASE-CUS-00069,FALSE,NORMAL,NONE,EASY,NONE,,Normal pattern,Counter evidence reduced score,ALLOW,20260928,v1
TXN-SYN0001196,CASE-CUS-00118,FALSE,NORMAL,NONE,EASY,NONE,,Normal pattern,Counter evidence reduced score,ALLOW,20260928,v1
TXN-SYN0001197,CASE-CUS-00093,FALSE,NORMAL,NONE,EASY,NONE,,Normal pattern,Counter evidence reduced score,ALLOW,20260928,v1
TXN-SYN0001198,CASE-CUS-00081,FALSE,NORMAL,NONE,EASY,NONE,,Normal pattern,Counter evidence reduced score,ALLOW,20260928,v1
TXN-SYN0001199,CASE-CUS-00022,FALSE,NORMAL,NONE,EASY,NONE,,Normal pattern,None,ALLOW,20260928,v1
TXN-SYN0001200,CASE-CUS-00045,FALSE,NORMAL,NONE,EASY,NONE,,Normal pattern,None,ALLOW,20260928,v1
TXN-SYN0001201,CASE-CUS-00025,FALSE,NORMAL,NONE,EASY,NONE,,Normal pattern,None,ALLOW,20260928,v1
TXN-SYN0001202,CASE-CUS-00108,FALSE,NORMAL,NONE,EASY,NONE,,Normal pattern,None,ALLOW,20260928,v1
TXN-SYN0001203,CASE-CUS-00113,FALSE,NORMAL,NONE,EASY,NONE,,Normal pattern,Counter evidence reduced score,ALLOW,20260928,v1
TXN-SYN0001204,CASE-CUS-00117,FALSE,NORMAL,NONE,EASY,NONE,,Normal pattern,Counter evidence reduced score,ALLOW,20260928,v1
TXN-SYN0001205,CASE-CUS-00117,FALSE,NORMAL,NONE,EASY,NONE,,Normal pattern,Counter evidence reduced score,ALLOW,20260928,v1
TXN-SYN0001206,CASE-CUS-00028,FALSE,NORMAL,NONE,EASY,NONE,,Normal pattern,None,ALLOW,20260928,v1
TXN-SYN0001207,CASE-CUS-00060,FALSE,NORMAL,NONE,EASY,NONE,,Normal pattern,Counter evidence reduced score,ALLOW,20260928,v1
TXN-SYN0001208,CASE-CUS-00111,FALSE,NORMAL,NONE,EASY,NONE,,Normal pattern,Counter evidence reduced score,ALLOW,20260928,v1
TXN-SYN0001209,CASE-CUS-00051,FALSE,BENIGN_ANOMALY,NONE,EASY,NONE,,Normal pattern,None,MONITOR,20260928,v1
TXN-SYN0001210,CASE-CUS-00083,FALSE,NORMAL,NONE,EASY,NONE,,Normal pattern,Counter evidence reduced score,ALLOW,20260928,v1
TXN-SYN0001211,CASE-CUS-00026,FALSE,BENIGN_ANOMALY,NONE,EASY,NONE,,Normal pattern,None,MONITOR,20260928,v1
TXN-SYN0001212,CASE-CUS-00071,FALSE,BENIGN_ANOMALY,NONE,EASY,NONE,,Normal pattern,None,MONITOR,20260928,v1
TXN-SYN0001213,CASE-CUS-00081,FALSE,BENIGN_ANOMALY,NONE,EASY,NONE,,Normal pattern,Counter evidence reduced score,MONITOR,20260928,v1
TXN-SYN0001214,CASE-CUS-00080,FALSE,BENIGN_ANOMALY,NONE,EASY,NONE,,Normal pattern,Counter evidence reduced score,MONITOR,20260928,v1
TXN-SYN0001215,CASE-CUS-00012,FALSE,NORMAL,NONE,EASY,NONE,,Normal pattern,None,ALLOW,20260928,v1
TXN-SYN0001216,CASE-CUS-00062,FALSE,NORMAL,NONE,EASY,NONE,,Normal pattern,Counter evidence reduced score,ALLOW,20260928,v1
TXN-SYN0001217,CASE-CUS-00041,FALSE,NORMAL,NONE,EASY,NONE,,Normal pattern,Counter evidence reduced score,ALLOW,20260928,v1
TXN-SYN0001218,CASE-CUS-00016,FALSE,NORMAL,NONE,EASY,NONE,,Normal pattern,None,ALLOW,20260928,v1
TXN-SYN0001219,CASE-CUS-00013,FALSE,NORMAL,NONE,EASY,NONE,,Normal pattern,None,ALLOW,20260928,v1
TXN-SYN0001220,CASE-CUS-00045,FALSE,NORMAL,NONE,EASY,NONE,,Normal pattern,None,ALLOW,20260928,v1
TXN-SYN0001221,CASE-CUS-00008,FALSE,NORMAL,NONE,EASY,NONE,,Normal pattern,None,ALLOW,20260928,v1
TXN-SYN0001222,CASE-CUS-00041,FALSE,NORMAL,NONE,EASY,NONE,,Normal pattern,None,ALLOW,20260928,v1
TXN-SYN0001223,CASE-CUS-00021,FALSE,NORMAL,NONE,EASY,NONE,,Normal pattern,None,ALLOW,20260928,v1
TXN-SYN0001224,CASE-CUS-00038,FALSE,NORMAL,NONE,EASY,NONE,,Normal pattern,None,ALLOW,20260928,v1
TXN-SYN0001225,CASE-CUS-00015,FALSE,NORMAL,NONE,EASY,NONE,,Normal pattern,None,ALLOW,20260928,v1
TXN-SYN0001226,CASE-CUS-00014,FALSE,NORMAL,NONE,EASY,NONE,,Normal pattern,None,ALLOW,20260928,v1
TXN-SYN0001227,CASE-CUS-00103,FALSE,NORMAL,NONE,EASY,NONE,,Normal pattern,None,ALLOW,20260928,v1
TXN-SYN0001228,CASE-CUS-00014,FALSE,NORMAL,NONE,EASY,NONE,,Normal pattern,None,ALLOW,20260928,v1
TXN-SYN0001229,CASE-CUS-00099,FALSE,NORMAL,NONE,EASY,NONE,,Normal pattern,None,ALLOW,20260928,v1
TXN-SYN0001230,CASE-000058,TRUE,FRAUD,CROSS_BORDER_ANOMALY,MEDIUM,amount|device_id|login_failures_30m,FR-19|FR-03|FR-11|FR-12|FR-01,Ground truth injected CROSS_BORDER_ANOMALY,None,ESCALATE,20260928,v1
TXN-SYN0001231,CASE-CUS-00020,FALSE,BENIGN_ANOMALY,NONE,EASY,NONE,,Normal pattern,None,MONITOR,20260928,v1
TXN-SYN0001232,CASE-CUS-00086,FALSE,NORMAL,NONE,EASY,NONE,,Normal pattern,None,ALLOW,20260928,v1
TXN-SYN0001233,CASE-000059,TRUE,FRAUD,CROSS_BORDER_ANOMALY,MEDIUM,amount|device_id|login_failures_30m,FR-19|FR-03|FR-11|FR-12|FR-01,Ground truth injected CROSS_BORDER_ANOMALY,None,ESCALATE,20260928,v1
TXN-SYN0001234,CASE-CUS-00115,FALSE,NORMAL,NONE,EASY,NONE,,Normal pattern,Counter evidence reduced score,ALLOW,20260928,v1
TXN-SYN0001235,CASE-CUS-00036,FALSE,BENIGN_ANOMALY,NONE,EASY,NONE,,Normal pattern,None,MONITOR,20260928,v1
TXN-SYN0001236,CASE-CUS-00068,FALSE,BENIGN_ANOMALY,NONE,EASY,NONE,,Normal pattern,None,MONITOR,20260928,v1
TXN-SYN0001237,CASE-CUS-00079,FALSE,BENIGN_ANOMALY,NONE,EASY,NONE,,Normal pattern,Counter evidence reduced score,MONITOR,20260928,v1
TXN-SYN0001238,CASE-CUS-00085,FALSE,NORMAL,NONE,EASY,NONE,,Normal pattern,None,ALLOW,20260928,v1
TXN-SYN0001239,CASE-CUS-00022,FALSE,NORMAL,NONE,EASY,NONE,,Normal pattern,Counter evidence reduced score,ALLOW,20260928,v1
TXN-SYN0001240,CASE-CUS-00008,FALSE,NORMAL,NONE,EASY,NONE,,Normal pattern,None,ALLOW,20260928,v1
TXN-SYN0001241,CASE-CUS-00023,FALSE,NORMAL,NONE,EASY,NONE,,Normal pattern,None,ALLOW,20260928,v1
TXN-SYN0001242,CASE-CUS-00049,FALSE,NORMAL,NONE,EASY,NONE,,Normal pattern,None,ALLOW,20260928,v1
TXN-SYN0001243,CASE-CUS-00058,FALSE,NORMAL,NONE,EASY,NONE,,Normal pattern,None,ALLOW,20260928,v1
TXN-SYN0001244,CASE-CUS-00022,FALSE,NORMAL,NONE,EASY,NONE,,Normal pattern,Counter evidence reduced score,ALLOW,20260928,v1
TXN-SYN0001245,CASE-CUS-00072,FALSE,NORMAL,NONE,EASY,NONE,,Normal pattern,Counter evidence reduced score,ALLOW,20260928,v1
TXN-SYN0001246,CASE-CUS-00112,FALSE,NORMAL,NONE,EASY,NONE,,Normal pattern,Counter evidence reduced score,ALLOW,20260928,v1
TXN-SYN0001247,CASE-000008,TRUE,FRAUD,ACCOUNT_TAKEOVER,MEDIUM,amount|device_id|login_failures_30m,FR-01|FR-02|FR-03|FR-04|FR-05|FR-06|FR-07|FR-12|FR-17|FR-18,Ground truth injected ACCOUNT_TAKEOVER,None,ESCALATE,20260928,v1
TXN-SYN0001248,CASE-000008,TRUE,FRAUD,ACCOUNT_TAKEOVER,MEDIUM,amount|device_id|login_failures_30m,FR-01|FR-02|FR-03|FR-04|FR-05|FR-06|FR-07|FR-12|FR-17|FR-18,Ground truth injected ACCOUNT_TAKEOVER,None,ESCALATE,20260928,v1
TXN-SYN0001249,CASE-000008,TRUE,FRAUD,ACCOUNT_TAKEOVER,MEDIUM,amount|device_id|login_failures_30m,FR-01|FR-02|FR-03|FR-04|FR-05|FR-06|FR-07|FR-12|FR-17|FR-18,Ground truth injected ACCOUNT_TAKEOVER,None,ESCALATE,20260928,v1
TXN-SYN0001250,CASE-CUS-00100,FALSE,NORMAL,NONE,EASY,NONE,,Normal pattern,None,ALLOW,20260928,v1
TXN-SYN0001251,CASE-CUS-00072,FALSE,NORMAL,NONE,EASY,NONE,,Normal pattern,Counter evidence reduced score,ALLOW,20260928,v1
TXN-SYN0001252,CASE-CUS-00088,FALSE,NORMAL,NONE,EASY,NONE,,Normal pattern,None,ALLOW,20260928,v1
TXN-SYN0001253,CASE-CUS-00033,FALSE,NORMAL,NONE,EASY,NONE,,Normal pattern,None,ALLOW,20260928,v1
TXN-SYN0001254,CASE-CUS-00027,FALSE,NORMAL,NONE,EASY,NONE,,Normal pattern,None,ALLOW,20260928,v1
TXN-SYN0001255,CASE-CUS-00027,FALSE,NORMAL,NONE,EASY,NONE,,Normal pattern,None,ALLOW,20260928,v1
TXN-SYN0001256,CASE-CUS-00099,FALSE,NORMAL,NONE,EASY,NONE,,Normal pattern,None,ALLOW,20260928,v1
TXN-SYN0001257,CASE-CUS-00074,FALSE,NORMAL,NONE,EASY,NONE,,Normal pattern,Counter evidence reduced score,ALLOW,20260928,v1
TXN-SYN0001258,CASE-CUS-00029,FALSE,NORMAL,NONE,EASY,NONE,,Normal pattern,Counter evidence reduced score,ALLOW,20260928,v1
TXN-SYN0001259,CASE-CUS-00080,FALSE,NORMAL,NONE,EASY,NONE,,Normal pattern,Counter evidence reduced score,ALLOW,20260928,v1
TXN-SYN0001260,CASE-CUS-00078,FALSE,NORMAL,NONE,EASY,NONE,,Normal pattern,None,ALLOW,20260928,v1
TXN-SYN0001261,CASE-CUS-00102,FALSE,NORMAL,NONE,EASY,NONE,,Normal pattern,None,ALLOW,20260928,v1
TXN-SYN0001262,CASE-CUS-00085,FALSE,NORMAL,NONE,EASY,NONE,,Normal pattern,None,ALLOW,20260928,v1
TXN-SYN0001263,CASE-CUS-00030,FALSE,NORMAL,NONE,EASY,NONE,,Normal pattern,None,ALLOW,20260928,v1
TXN-SYN0001264,CASE-CUS-00095,FALSE,BENIGN_ANOMALY,NONE,EASY,NONE,,Normal pattern,None,MONITOR,20260928,v1
TXN-SYN0001265,CASE-CUS-00027,FALSE,BENIGN_ANOMALY,NONE,EASY,NONE,,Normal pattern,None,MONITOR,20260928,v1
TXN-SYN0001266,CASE-CUS-00067,FALSE,BENIGN_ANOMALY,NONE,EASY,NONE,,Normal pattern,None,MONITOR,20260928,v1
TXN-SYN0001267,CASE-CUS-00081,FALSE,NORMAL,NONE,EASY,NONE,,Normal pattern,Counter evidence reduced score,ALLOW,20260928,v1
TXN-SYN0001268,CASE-CUS-00063,FALSE,NORMAL,NONE,EASY,NONE,,Normal pattern,Counter evidence reduced score,ALLOW,20260928,v1
TXN-SYN0001269,CASE-CUS-00107,FALSE,NORMAL,NONE,EASY,NONE,,Normal pattern,None,ALLOW,20260928,v1
TXN-SYN0001270,CASE-CUS-00114,FALSE,NORMAL,NONE,EASY,NONE,,Normal pattern,Counter evidence reduced score,ALLOW,20260928,v1
TXN-SYN0001271,CASE-CUS-00012,FALSE,BENIGN_ANOMALY,NONE,EASY,NONE,,Normal pattern,None,MONITOR,20260928,v1
TXN-SYN0001272,CASE-CUS-00079,FALSE,BENIGN_ANOMALY,NONE,EASY,NONE,,Normal pattern,Counter evidence reduced score,MONITOR,20260928,v1
TXN-SYN0001273,CASE-000061,TRUE,FRAUD,CROSS_BORDER_ANOMALY,MEDIUM,amount|device_id|login_failures_30m,FR-19|FR-03|FR-11|FR-12|FR-01,Ground truth injected CROSS_BORDER_ANOMALY,None,ESCALATE,20260928,v1
TXN-SYN0001274,CASE-CUS-00077,FALSE,NORMAL,NONE,EASY,NONE,,Normal pattern,Counter evidence reduced score,ALLOW,20260928,v1
TXN-SYN0001275,CASE-CUS-00067,FALSE,NORMAL,NONE,EASY,NONE,,Normal pattern,Counter evidence reduced score,ALLOW,20260928,v1
TXN-SYN0001276,CASE-CUS-00009,FALSE,NORMAL,NONE,EASY,NONE,,Normal pattern,None,ALLOW,20260928,v1
TXN-SYN0001277,CASE-000041,TRUE,FRAUD,CARD_NOT_PRESENT,MEDIUM,amount|device_id|login_failures_30m,FR-15|FR-11|FR-12|FR-16|FR-01,Ground truth injected CARD_NOT_PRESENT,None,ESCALATE,20260928,v1
TXN-SYN0001278,CASE-000041,TRUE,FRAUD,CARD_NOT_PRESENT,MEDIUM,amount|device_id|login_failures_30m,FR-15|FR-11|FR-12|FR-16|FR-01,Ground truth injected CARD_NOT_PRESENT,None,ESCALATE,20260928,v1
TXN-SYN0001279,CASE-CUS-00072,FALSE,NORMAL,NONE,EASY,NONE,,Normal pattern,Counter evidence reduced score,ALLOW,20260928,v1
TXN-SYN0001280,CASE-CUS-00014,FALSE,NORMAL,NONE,EASY,NONE,,Normal pattern,None,ALLOW,20260928,v1
TXN-SYN0001281,CASE-CUS-00050,FALSE,NORMAL,NONE,EASY,NONE,,Normal pattern,None,ALLOW,20260928,v1
TXN-SYN0001282,CASE-CUS-00110,FALSE,NORMAL,NONE,EASY,NONE,,Normal pattern,Counter evidence reduced score,ALLOW,20260928,v1
TXN-SYN0001283,CASE-CUS-00015,FALSE,NORMAL,NONE,EASY,NONE,,Normal pattern,None,ALLOW,20260928,v1
TXN-SYN0001284,CASE-CUS-00060,FALSE,NORMAL,NONE,EASY,NONE,,Normal pattern,Counter evidence reduced score,ALLOW,20260928,v1
TXN-SYN0001285,CASE-CUS-00097,FALSE,NORMAL,NONE,EASY,NONE,,Normal pattern,None,ALLOW,20260928,v1
TXN-SYN0001286,CASE-CUS-00110,FALSE,NORMAL,NONE,EASY,NONE,,Normal pattern,Counter evidence reduced score,ALLOW,20260928,v1
TXN-SYN0001287,CASE-CUS-00052,FALSE,NORMAL,NONE,EASY,NONE,,Normal pattern,Counter evidence reduced score,ALLOW,20260928,v1
TXN-SYN0001288,CASE-CUS-00012,FALSE,NORMAL,NONE,EASY,NONE,,Normal pattern,None,ALLOW,20260928,v1
TXN-SYN0001289,CASE-CUS-00055,FALSE,NORMAL,NONE,EASY,NONE,,Normal pattern,None,ALLOW,20260928,v1
TXN-SYN0001290,CASE-CUS-00105,FALSE,NORMAL,NONE,EASY,NONE,,Normal pattern,None,ALLOW,20260928,v1
TXN-SYN0001291,CASE-CUS-00035,FALSE,NORMAL,NONE,EASY,NONE,,Normal pattern,None,ALLOW,20260928,v1
TXN-SYN0001292,CASE-CUS-00096,FALSE,BENIGN_ANOMALY,NONE,EASY,NONE,,Normal pattern,None,MONITOR,20260928,v1
TXN-SYN0001293,CASE-CUS-00085,FALSE,NORMAL,NONE,EASY,NONE,,Normal pattern,Counter evidence reduced score,ALLOW,20260928,v1
TXN-SYN0001294,CASE-CUS-00085,FALSE,NORMAL,NONE,EASY,NONE,,Normal pattern,Counter evidence reduced score,ALLOW,20260928,v1
TXN-SYN0001295,CASE-CUS-00075,FALSE,NORMAL,NONE,EASY,NONE,,Normal pattern,None,ALLOW,20260928,v1
TXN-SYN0001296,CASE-CUS-00029,FALSE,BENIGN_ANOMALY,NONE,EASY,NONE,,Normal pattern,None,MONITOR,20260928,v1
TXN-SYN0001297,CASE-CUS-00017,FALSE,BENIGN_ANOMALY,NONE,EASY,NONE,,Normal pattern,None,MONITOR,20260928,v1
TXN-SYN0001298,CASE-CUS-00089,FALSE,BENIGN_ANOMALY,NONE,EASY,NONE,,Normal pattern,None,MONITOR,20260928,v1
TXN-SYN0001299,CASE-CUS-00008,FALSE,BENIGN_ANOMALY,NONE,EASY,NONE,,Normal pattern,None,MONITOR,20260928,v1
TXN-SYN0001300,CASE-CUS-00095,FALSE,NORMAL,NONE,EASY,NONE,,Normal pattern,None,ALLOW,20260928,v1
TXN-SYN0001301,CASE-CUS-00001,FALSE,NORMAL,NONE,EASY,NONE,,Normal pattern,None,ALLOW,20260928,v1
TXN-SYN0001302,CASE-CUS-00043,FALSE,NORMAL,NONE,EASY,NONE,,Normal pattern,None,ALLOW,20260928,v1
TXN-SYN0001303,CASE-CUS-00102,FALSE,NORMAL,NONE,EASY,NONE,,Normal pattern,None,ALLOW,20260928,v1
TXN-SYN0001304,CASE-CUS-00100,FALSE,NORMAL,NONE,EASY,NONE,,Normal pattern,None,ALLOW,20260928,v1
TXN-SYN0001305,CASE-CUS-00038,FALSE,NORMAL,NONE,EASY,NONE,,Normal pattern,None,ALLOW,20260928,v1
TXN-SYN0001306,CASE-CUS-00042,FALSE,NORMAL,NONE,EASY,NONE,,Normal pattern,None,ALLOW,20260928,v1
TXN-SYN0001307,CASE-CUS-00053,FALSE,NORMAL,NONE,EASY,NONE,,Normal pattern,None,ALLOW,20260928,v1
TXN-SYN0001308,CASE-CUS-00108,FALSE,NORMAL,NONE,EASY,NONE,,Normal pattern,None,ALLOW,20260928,v1
TXN-SYN0001309,CASE-CUS-00075,FALSE,NORMAL,NONE,EASY,NONE,,Normal pattern,Counter evidence reduced score,ALLOW,20260928,v1
TXN-SYN0001310,CASE-000002,TRUE,FRAUD,ACCOUNT_TAKEOVER,MEDIUM,amount|device_id|login_failures_30m,FR-01|FR-02|FR-03|FR-04|FR-05|FR-06|FR-07|FR-12|FR-17|FR-18,Ground truth injected ACCOUNT_TAKEOVER,None,ESCALATE,20260928,v1
TXN-SYN0001311,CASE-000002,TRUE,FRAUD,ACCOUNT_TAKEOVER,MEDIUM,amount|device_id|login_failures_30m,FR-01|FR-02|FR-03|FR-04|FR-05|FR-06|FR-07|FR-12|FR-17|FR-18,Ground truth injected ACCOUNT_TAKEOVER,None,ESCALATE,20260928,v1
TXN-SYN0001312,CASE-000002,TRUE,FRAUD,ACCOUNT_TAKEOVER,MEDIUM,amount|device_id|login_failures_30m,FR-01|FR-02|FR-03|FR-04|FR-05|FR-06|FR-07|FR-12|FR-17|FR-18,Ground truth injected ACCOUNT_TAKEOVER,None,ESCALATE,20260928,v1
TXN-SYN0001313,CASE-CUS-00018,FALSE,NORMAL,NONE,EASY,NONE,,Normal pattern,None,ALLOW,20260928,v1
TXN-SYN0001314,CASE-CUS-00076,FALSE,NORMAL,NONE,EASY,NONE,,Normal pattern,Counter evidence reduced score,ALLOW,20260928,v1
TXN-SYN0001315,CASE-CUS-00076,FALSE,NORMAL,NONE,EASY,NONE,,Normal pattern,Counter evidence reduced score,ALLOW,20260928,v1
TXN-SYN0001316,CASE-CUS-00083,FALSE,NORMAL,NONE,EASY,NONE,,Normal pattern,Counter evidence reduced score,ALLOW,20260928,v1
TXN-SYN0001317,CASE-CUS-00034,FALSE,NORMAL,NONE,EASY,NONE,,Normal pattern,None,ALLOW,20260928,v1
TXN-SYN0001318,CASE-CUS-00039,FALSE,NORMAL,NONE,EASY,NONE,,Normal pattern,None,ALLOW,20260928,v1
TXN-SYN0001319,CASE-CUS-00096,FALSE,NORMAL,NONE,EASY,NONE,,Normal pattern,None,ALLOW,20260928,v1
TXN-SYN0001320,CASE-CUS-00028,FALSE,NORMAL,NONE,EASY,NONE,,Normal pattern,None,ALLOW,20260928,v1
TXN-SYN0001321,CASE-CUS-00038,FALSE,NORMAL,NONE,EASY,NONE,,Normal pattern,None,ALLOW,20260928,v1
TXN-SYN0001322,CASE-000034,FALSE,NORMAL,NONE,EASY,NONE,FR-14|FR-03|FR-01,Normal pattern,None,ALLOW,20260928,v1
TXN-SYN0001323,CASE-CUS-00067,FALSE,NORMAL,NONE,EASY,NONE,,Normal pattern,Counter evidence reduced score,ALLOW,20260928,v1
TXN-SYN0001324,CASE-CUS-00008,FALSE,NORMAL,NONE,EASY,NONE,,Normal pattern,None,ALLOW,20260928,v1
TXN-SYN0001325,CASE-CUS-00047,FALSE,NORMAL,NONE,EASY,NONE,,Normal pattern,Counter evidence reduced score,ALLOW,20260928,v1
TXN-SYN0001326,CASE-000034,FALSE,NORMAL,NONE,EASY,NONE,FR-14|FR-03|FR-01,Normal pattern,None,ALLOW,20260928,v1
TXN-SYN0001327,CASE-CUS-00090,FALSE,NORMAL,NONE,EASY,NONE,,Normal pattern,Counter evidence reduced score,ALLOW,20260928,v1
TXN-SYN0001328,CASE-CUS-00045,FALSE,NORMAL,NONE,EASY,NONE,,Normal pattern,Counter evidence reduced score,ALLOW,20260928,v1
TXN-SYN0001329,CASE-CUS-00067,FALSE,NORMAL,NONE,EASY,NONE,,Normal pattern,Counter evidence reduced score,ALLOW,20260928,v1
TXN-SYN0001330,CASE-CUS-00083,FALSE,BENIGN_ANOMALY,NONE,EASY,NONE,,Normal pattern,Counter evidence reduced score,MONITOR,20260928,v1
TXN-SYN0001331,CASE-000034,FALSE,NORMAL,NONE,EASY,NONE,FR-14|FR-03|FR-01,Normal pattern,None,ALLOW,20260928,v1
TXN-SYN0001332,CASE-CUS-00062,FALSE,BENIGN_ANOMALY,NONE,EASY,NONE,,Normal pattern,None,MONITOR,20260928,v1
TXN-SYN0001333,CASE-CUS-00086,FALSE,BENIGN_ANOMALY,NONE,EASY,NONE,,Normal pattern,None,MONITOR,20260928,v1
TXN-SYN0001334,CASE-000061,TRUE,FRAUD,CROSS_BORDER_ANOMALY,MEDIUM,amount|device_id|login_failures_30m,FR-19|FR-03|FR-11|FR-12|FR-01,Ground truth injected CROSS_BORDER_ANOMALY,None,ESCALATE,20260928,v1
TXN-SYN0001335,CASE-CUS-00110,FALSE,NORMAL,NONE,EASY,NONE,,Normal pattern,Counter evidence reduced score,ALLOW,20260928,v1
TXN-SYN0001336,CASE-CUS-00073,FALSE,NORMAL,NONE,EASY,NONE,,Normal pattern,Counter evidence reduced score,ALLOW,20260928,v1
TXN-SYN0001337,CASE-CUS-00040,FALSE,NORMAL,NONE,EASY,NONE,,Normal pattern,None,ALLOW,20260928,v1
TXN-SYN0001338,CASE-CUS-00072,FALSE,NORMAL,NONE,EASY,NONE,,Normal pattern,Counter evidence reduced score,ALLOW,20260928,v1
TXN-SYN0001339,CASE-CUS-00039,FALSE,NORMAL,NONE,EASY,NONE,,Normal pattern,None,ALLOW,20260928,v1
TXN-SYN0001340,CASE-CUS-00056,FALSE,NORMAL,NONE,EASY,NONE,,Normal pattern,None,ALLOW,20260928,v1
TXN-SYN0001341,CASE-CUS-00039,FALSE,NORMAL,NONE,EASY,NONE,,Normal pattern,None,ALLOW,20260928,v1
TXN-SYN0001342,CASE-CUS-00076,FALSE,NORMAL,NONE,EASY,NONE,,Normal pattern,Counter evidence reduced score,ALLOW,20260928,v1
TXN-SYN0001343,CASE-CUS-00083,FALSE,NORMAL,NONE,EASY,NONE,,Normal pattern,Counter evidence reduced score,ALLOW,20260928,v1
TXN-SYN0001344,CASE-CUS-00056,FALSE,NORMAL,NONE,EASY,NONE,,Normal pattern,None,ALLOW,20260928,v1
TXN-SYN0001345,CASE-CUS-00065,FALSE,NORMAL,NONE,EASY,NONE,,Normal pattern,None,ALLOW,20260928,v1
TXN-SYN0001346,CASE-CUS-00106,FALSE,NORMAL,NONE,EASY,NONE,,Normal pattern,None,ALLOW,20260928,v1
TXN-SYN0001347,CASE-CUS-00071,FALSE,NORMAL,NONE,EASY,NONE,,Normal pattern,Counter evidence reduced score,ALLOW,20260928,v1
TXN-SYN0001348,CASE-CUS-00043,FALSE,NORMAL,NONE,EASY,NONE,,Normal pattern,Counter evidence reduced score,ALLOW,20260928,v1
TXN-SYN0001349,CASE-CUS-00036,FALSE,NORMAL,NONE,EASY,NONE,,Normal pattern,None,ALLOW,20260928,v1
TXN-SYN0001350,CASE-CUS-00075,FALSE,NORMAL,NONE,EASY,NONE,,Normal pattern,Counter evidence reduced score,ALLOW,20260928,v1
TXN-SYN0001351,CASE-CUS-00035,FALSE,NORMAL,NONE,EASY,NONE,,Normal pattern,None,ALLOW,20260928,v1
TXN-SYN0001352,CASE-CUS-00108,FALSE,NORMAL,NONE,EASY,NONE,,Normal pattern,Counter evidence reduced score,ALLOW,20260928,v1
TXN-SYN0001353,CASE-CUS-00017,FALSE,NORMAL,NONE,EASY,NONE,,Normal pattern,None,ALLOW,20260928,v1
TXN-SYN0001354,CASE-CUS-00117,FALSE,NORMAL,NONE,EASY,NONE,,Normal pattern,Counter evidence reduced score,ALLOW,20260928,v1
TXN-SYN0001355,CASE-CUS-00020,FALSE,BENIGN_ANOMALY,NONE,EASY,NONE,,Normal pattern,None,MONITOR,20260928,v1
TXN-SYN0001356,CASE-CUS-00004,FALSE,NORMAL,NONE,EASY,NONE,,Normal pattern,None,ALLOW,20260928,v1
TXN-SYN0001357,CASE-CUS-00062,FALSE,NORMAL,NONE,EASY,NONE,,Normal pattern,Counter evidence reduced score,ALLOW,20260928,v1
TXN-SYN0001358,CASE-CUS-00079,FALSE,NORMAL,NONE,EASY,NONE,,Normal pattern,Counter evidence reduced score,ALLOW,20260928,v1
TXN-SYN0001359,CASE-CUS-00082,FALSE,NORMAL,NONE,EASY,NONE,,Normal pattern,Counter evidence reduced score,ALLOW,20260928,v1
TXN-SYN0001360,CASE-CUS-00016,FALSE,NORMAL,NONE,EASY,NONE,,Normal pattern,None,ALLOW,20260928,v1
TXN-SYN0001361,CASE-CUS-00023,FALSE,BENIGN_ANOMALY,NONE,EASY,NONE,,Normal pattern,None,MONITOR,20260928,v1
TXN-SYN0001362,CASE-CUS-00016,FALSE,NORMAL,NONE,EASY,NONE,,Normal pattern,None,ALLOW,20260928,v1
TXN-SYN0001363,CASE-CUS-00104,FALSE,NORMAL,NONE,EASY,NONE,,Normal pattern,None,ALLOW,20260928,v1
TXN-SYN0001364,CASE-000043,TRUE,FRAUD,CREDENTIAL_RESET_ABUSE,MEDIUM,amount|device_id|login_failures_30m,FR-06|FR-04|FR-18|FR-01,Ground truth injected CREDENTIAL_RESET_ABUSE,None,ESCALATE,20260928,v1
TXN-SYN0001365,CASE-CUS-00047,FALSE,NORMAL,NONE,EASY,NONE,,Normal pattern,Counter evidence reduced score,ALLOW,20260928,v1
TXN-SYN0001366,CASE-CUS-00022,FALSE,NORMAL,NONE,EASY,NONE,,Normal pattern,Counter evidence reduced score,ALLOW,20260928,v1
TXN-SYN0001367,CASE-000043,TRUE,FRAUD,CREDENTIAL_RESET_ABUSE,MEDIUM,amount|device_id|login_failures_30m,FR-06|FR-04|FR-18|FR-01,Ground truth injected CREDENTIAL_RESET_ABUSE,None,ESCALATE,20260928,v1
TXN-SYN0001368,CASE-CUS-00036,FALSE,BENIGN_ANOMALY,NONE,EASY,NONE,,Normal pattern,None,MONITOR,20260928,v1
TXN-SYN0001369,CASE-CUS-00083,FALSE,BENIGN_ANOMALY,NONE,EASY,NONE,,Normal pattern,Counter evidence reduced score,MONITOR,20260928,v1
TXN-SYN0001370,CASE-CUS-00091,FALSE,NORMAL,NONE,EASY,NONE,,Normal pattern,None,ALLOW,20260928,v1
TXN-SYN0001371,CASE-CUS-00013,FALSE,NORMAL,NONE,EASY,NONE,,Normal pattern,None,ALLOW,20260928,v1
TXN-SYN0001372,CASE-CUS-00102,FALSE,NORMAL,NONE,EASY,NONE,,Normal pattern,Counter evidence reduced score,ALLOW,20260928,v1
TXN-SYN0001373,CASE-CUS-00062,FALSE,NORMAL,NONE,EASY,NONE,,Normal pattern,Counter evidence reduced score,ALLOW,20260928,v1
TXN-SYN0001374,CASE-CUS-00037,FALSE,NORMAL,NONE,EASY,NONE,,Normal pattern,None,ALLOW,20260928,v1
TXN-SYN0001375,CASE-CUS-00105,FALSE,NORMAL,NONE,EASY,NONE,,Normal pattern,None,ALLOW,20260928,v1
TXN-SYN0001376,CASE-CUS-00107,FALSE,NORMAL,NONE,EASY,NONE,,Normal pattern,Counter evidence reduced score,ALLOW,20260928,v1
TXN-SYN0001377,CASE-CUS-00111,FALSE,NORMAL,NONE,EASY,NONE,,Normal pattern,Counter evidence reduced score,ALLOW,20260928,v1
TXN-SYN0001378,CASE-CUS-00004,FALSE,NORMAL,NONE,EASY,NONE,,Normal pattern,None,ALLOW,20260928,v1
TXN-SYN0001379,CASE-CUS-00057,FALSE,NORMAL,NONE,EASY,NONE,,Normal pattern,Counter evidence reduced score,ALLOW,20260928,v1
TXN-SYN0001380,CASE-000036,TRUE,FRAUD,CARD_NOT_PRESENT,MEDIUM,amount|device_id|login_failures_30m,FR-15|FR-11|FR-12|FR-16|FR-01,Ground truth injected CARD_NOT_PRESENT,None,ESCALATE,20260928,v1
TXN-SYN0001381,CASE-CUS-00078,FALSE,NORMAL,NONE,EASY,NONE,,Normal pattern,None,ALLOW,20260928,v1
TXN-SYN0001382,CASE-000036,TRUE,FRAUD,CARD_NOT_PRESENT,MEDIUM,amount|device_id|login_failures_30m,FR-15|FR-11|FR-12|FR-16|FR-01,Ground truth injected CARD_NOT_PRESENT,None,ESCALATE,20260928,v1
TXN-SYN0001383,CASE-CUS-00008,FALSE,NORMAL,NONE,EASY,NONE,,Normal pattern,None,ALLOW,20260928,v1
TXN-SYN0001384,CASE-CUS-00090,FALSE,NORMAL,NONE,EASY,NONE,,Normal pattern,Counter evidence reduced score,ALLOW,20260928,v1
TXN-SYN0001385,CASE-CUS-00089,FALSE,NORMAL,NONE,EASY,NONE,,Normal pattern,None,ALLOW,20260928,v1
TXN-SYN0001386,CASE-CUS-00070,FALSE,NORMAL,NONE,EASY,NONE,,Normal pattern,Counter evidence reduced score,ALLOW,20260928,v1
TXN-SYN0001387,CASE-CUS-00030,FALSE,NORMAL,NONE,EASY,NONE,,Normal pattern,None,ALLOW,20260928,v1
TXN-SYN0001388,CASE-CUS-00032,FALSE,NORMAL,NONE,EASY,NONE,,Normal pattern,None,ALLOW,20260928,v1
TXN-SYN0001389,CASE-CUS-00105,FALSE,NORMAL,NONE,EASY,NONE,,Normal pattern,None,ALLOW,20260928,v1
TXN-SYN0001390,CASE-CUS-00004,FALSE,NORMAL,NONE,EASY,NONE,,Normal pattern,None,ALLOW,20260928,v1
TXN-SYN0001391,CASE-CUS-00004,FALSE,NORMAL,NONE,EASY,NONE,,Normal pattern,None,ALLOW,20260928,v1
TXN-SYN0001392,CASE-CUS-00043,FALSE,NORMAL,NONE,EASY,NONE,,Normal pattern,Counter evidence reduced score,ALLOW,20260928,v1
TXN-SYN0001393,CASE-CUS-00088,FALSE,NORMAL,NONE,EASY,NONE,,Normal pattern,None,ALLOW,20260928,v1
TXN-SYN0001394,CASE-CUS-00004,FALSE,NORMAL,NONE,EASY,NONE,,Normal pattern,None,ALLOW,20260928,v1
TXN-SYN0001395,CASE-000034,FALSE,NORMAL,NONE,EASY,NONE,FR-14|FR-03|FR-01,Normal pattern,None,ALLOW,20260928,v1
TXN-SYN0001396,CASE-CUS-00091,FALSE,NORMAL,NONE,EASY,NONE,,Normal pattern,None,ALLOW,20260928,v1
TXN-SYN0001397,CASE-CUS-00050,FALSE,NORMAL,NONE,EASY,NONE,,Normal pattern,Counter evidence reduced score,ALLOW,20260928,v1
TXN-SYN0001398,CASE-CUS-00041,FALSE,NORMAL,NONE,EASY,NONE,,Normal pattern,None,ALLOW,20260928,v1
TXN-SYN0001399,CASE-000060,TRUE,FRAUD,CROSS_BORDER_ANOMALY,MEDIUM,amount|device_id|login_failures_30m,FR-19|FR-03|FR-11|FR-12|FR-01,Ground truth injected CROSS_BORDER_ANOMALY,None,ESCALATE,20260928,v1
TXN-SYN0001400,CASE-CUS-00086,FALSE,NORMAL,NONE,EASY,NONE,,Normal pattern,None,ALLOW,20260928,v1
TXN-SYN0001401,CASE-000034,FALSE,NORMAL,NONE,EASY,NONE,FR-14|FR-03|FR-01,Normal pattern,None,ALLOW,20260928,v1
TXN-SYN0001402,CASE-CUS-00020,FALSE,BENIGN_ANOMALY,NONE,EASY,NONE,,Normal pattern,None,MONITOR,20260928,v1
TXN-SYN0001403,CASE-000034,FALSE,NORMAL,NONE,EASY,NONE,FR-14|FR-03|FR-01,Normal pattern,None,ALLOW,20260928,v1
TXN-SYN0001404,CASE-CUS-00084,FALSE,BENIGN_ANOMALY,NONE,EASY,NONE,,Normal pattern,Counter evidence reduced score,MONITOR,20260928,v1
TXN-SYN0001405,CASE-CUS-00032,FALSE,NORMAL,NONE,EASY,NONE,,Normal pattern,Counter evidence reduced score,ALLOW,20260928,v1
TXN-SYN0001406,CASE-CUS-00095,FALSE,NORMAL,NONE,EASY,NONE,,Normal pattern,None,ALLOW,20260928,v1
TXN-SYN0001407,CASE-CUS-00032,FALSE,NORMAL,NONE,EASY,NONE,,Normal pattern,Counter evidence reduced score,ALLOW,20260928,v1
TXN-SYN0001408,CASE-CUS-00097,FALSE,NORMAL,NONE,EASY,NONE,,Normal pattern,Counter evidence reduced score,ALLOW,20260928,v1
TXN-SYN0001409,CASE-CUS-00035,FALSE,NORMAL,NONE,EASY,NONE,,Normal pattern,None,ALLOW,20260928,v1
TXN-SYN0001410,CASE-CUS-00074,FALSE,NORMAL,NONE,EASY,NONE,,Normal pattern,Counter evidence reduced score,ALLOW,20260928,v1
TXN-SYN0001411,CASE-CUS-00048,FALSE,NORMAL,NONE,EASY,NONE,,Normal pattern,None,ALLOW,20260928,v1
TXN-SYN0001412,CASE-CUS-00118,FALSE,NORMAL,NONE,EASY,NONE,,Normal pattern,Counter evidence reduced score,ALLOW,20260928,v1
TXN-SYN0001413,CASE-CUS-00118,FALSE,NORMAL,NONE,EASY,NONE,,Normal pattern,Counter evidence reduced score,ALLOW,20260928,v1
TXN-SYN0001414,CASE-CUS-00050,FALSE,NORMAL,NONE,EASY,NONE,,Normal pattern,Counter evidence reduced score,ALLOW,20260928,v1
TXN-SYN0001415,CASE-CUS-00050,FALSE,NORMAL,NONE,EASY,NONE,,Normal pattern,Counter evidence reduced score,ALLOW,20260928,v1
TXN-SYN0001416,CASE-CUS-00063,FALSE,NORMAL,NONE,EASY,NONE,,Normal pattern,Counter evidence reduced score,ALLOW,20260928,v1
TXN-SYN0001417,CASE-CUS-00051,FALSE,NORMAL,NONE,EASY,NONE,,Normal pattern,None,ALLOW,20260928,v1
TXN-SYN0001418,CASE-CUS-00022,FALSE,NORMAL,NONE,EASY,NONE,,Normal pattern,None,ALLOW,20260928,v1
TXN-SYN0001419,CASE-CUS-00052,FALSE,NORMAL,NONE,EASY,NONE,,Normal pattern,None,ALLOW,20260928,v1
TXN-SYN0001420,CASE-CUS-00013,FALSE,NORMAL,NONE,EASY,NONE,,Normal pattern,None,ALLOW,20260928,v1
TXN-SYN0001421,CASE-CUS-00089,FALSE,NORMAL,NONE,EASY,NONE,,Normal pattern,Counter evidence reduced score,ALLOW,20260928,v1
TXN-SYN0001422,CASE-CUS-00041,FALSE,NORMAL,NONE,EASY,NONE,,Normal pattern,None,ALLOW,20260928,v1
TXN-SYN0001423,CASE-CUS-00052,FALSE,NORMAL,NONE,EASY,NONE,,Normal pattern,None,ALLOW,20260928,v1
TXN-SYN0001424,CASE-CUS-00089,FALSE,NORMAL,NONE,EASY,NONE,,Normal pattern,Counter evidence reduced score,ALLOW,20260928,v1
TXN-SYN0001425,CASE-CUS-00090,FALSE,NORMAL,NONE,EASY,NONE,,Normal pattern,Counter evidence reduced score,ALLOW,20260928,v1
TXN-SYN0001426,CASE-CUS-00107,FALSE,BENIGN_ANOMALY,NONE,EASY,NONE,,Normal pattern,None,MONITOR,20260928,v1
TXN-SYN0001427,CASE-CUS-00028,FALSE,NORMAL,NONE,EASY,NONE,,Normal pattern,Counter evidence reduced score,ALLOW,20260928,v1
TXN-SYN0001428,CASE-CUS-00013,FALSE,NORMAL,NONE,EASY,NONE,,Normal pattern,None,ALLOW,20260928,v1
TXN-SYN0001429,CASE-CUS-00105,FALSE,NORMAL,NONE,EASY,NONE,,Normal pattern,None,ALLOW,20260928,v1
TXN-SYN0001430,CASE-CUS-00110,FALSE,NORMAL,NONE,EASY,NONE,,Normal pattern,Counter evidence reduced score,ALLOW,20260928,v1
TXN-SYN0001431,CASE-CUS-00103,FALSE,NORMAL,NONE,EASY,NONE,,Normal pattern,None,ALLOW,20260928,v1
TXN-SYN0001432,CASE-CUS-00044,FALSE,BENIGN_ANOMALY,NONE,EASY,NONE,,Normal pattern,None,MONITOR,20260928,v1
TXN-SYN0001433,CASE-CUS-00081,FALSE,BENIGN_ANOMALY,NONE,EASY,NONE,,Normal pattern,Counter evidence reduced score,MONITOR,20260928,v1
TXN-SYN0001434,CASE-CUS-00026,FALSE,NORMAL,NONE,EASY,NONE,,Normal pattern,None,ALLOW,20260928,v1
TXN-SYN0001435,CASE-CUS-00016,FALSE,NORMAL,NONE,EASY,NONE,,Normal pattern,Counter evidence reduced score,ALLOW,20260928,v1
TXN-SYN0001436,CASE-CUS-00016,FALSE,NORMAL,NONE,EASY,NONE,,Normal pattern,Counter evidence reduced score,ALLOW,20260928,v1
TXN-SYN0001437,CASE-CUS-00004,FALSE,NORMAL,NONE,EASY,NONE,,Normal pattern,None,ALLOW,20260928,v1
TXN-SYN0001438,CASE-000004,TRUE,FRAUD,ACCOUNT_TAKEOVER,MEDIUM,amount|device_id|login_failures_30m,FR-01|FR-02|FR-03|FR-04|FR-05|FR-06|FR-07|FR-12|FR-17|FR-18,Ground truth injected ACCOUNT_TAKEOVER,None,ESCALATE,20260928,v1
TXN-SYN0001439,CASE-000004,TRUE,FRAUD,ACCOUNT_TAKEOVER,MEDIUM,amount|device_id|login_failures_30m,FR-01|FR-02|FR-03|FR-04|FR-05|FR-06|FR-07|FR-12|FR-17|FR-18,Ground truth injected ACCOUNT_TAKEOVER,None,ESCALATE,20260928,v1
TXN-SYN0001440,CASE-000004,TRUE,FRAUD,ACCOUNT_TAKEOVER,MEDIUM,amount|device_id|login_failures_30m,FR-01|FR-02|FR-03|FR-04|FR-05|FR-06|FR-07|FR-12|FR-17|FR-18,Ground truth injected ACCOUNT_TAKEOVER,None,ESCALATE,20260928,v1
TXN-SYN0001441,CASE-CUS-00016,FALSE,NORMAL,NONE,EASY,NONE,,Normal pattern,None,ALLOW,20260928,v1
TXN-SYN0001442,CASE-CUS-00092,FALSE,NORMAL,NONE,EASY,NONE,,Normal pattern,None,ALLOW,20260928,v1
TXN-SYN0001443,CASE-CUS-00102,FALSE,NORMAL,NONE,EASY,NONE,,Normal pattern,None,ALLOW,20260928,v1
TXN-SYN0001444,CASE-CUS-00084,FALSE,NORMAL,NONE,EASY,NONE,,Normal pattern,Counter evidence reduced score,ALLOW,20260928,v1
TXN-SYN0001445,CASE-CUS-00065,FALSE,NORMAL,NONE,EASY,NONE,,Normal pattern,Counter evidence reduced score,ALLOW,20260928,v1
TXN-SYN0001446,CASE-CUS-00099,FALSE,NORMAL,NONE,EASY,NONE,,Normal pattern,None,ALLOW,20260928,v1
TXN-SYN0001447,CASE-CUS-00099,FALSE,NORMAL,NONE,EASY,NONE,,Normal pattern,None,ALLOW,20260928,v1
TXN-SYN0001448,CASE-CUS-00082,FALSE,NORMAL,NONE,EASY,NONE,,Normal pattern,Counter evidence reduced score,ALLOW,20260928,v1
TXN-SYN0001449,CASE-CUS-00082,FALSE,NORMAL,NONE,EASY,NONE,,Normal pattern,Counter evidence reduced score,ALLOW,20260928,v1
TXN-SYN0001450,CASE-CUS-00028,FALSE,NORMAL,NONE,EASY,NONE,,Normal pattern,None,ALLOW,20260928,v1
TXN-SYN0001451,CASE-CUS-00001,FALSE,NORMAL,NONE,EASY,NONE,,Normal pattern,Counter evidence reduced score,ALLOW,20260928,v1
TXN-SYN0001452,CASE-CUS-00058,FALSE,NORMAL,NONE,EASY,NONE,,Normal pattern,None,ALLOW,20260928,v1
TXN-SYN0001453,CASE-000034,FALSE,NORMAL,NONE,EASY,NONE,FR-14|FR-03|FR-01,Normal pattern,None,ALLOW,20260928,v1
TXN-SYN0001454,CASE-CUS-00084,FALSE,BENIGN_ANOMALY,NONE,EASY,NONE,,Normal pattern,None,MONITOR,20260928,v1
TXN-SYN0001455,CASE-CUS-00110,FALSE,NORMAL,NONE,EASY,NONE,,Normal pattern,Counter evidence reduced score,ALLOW,20260928,v1
TXN-SYN0001456,CASE-000060,TRUE,FRAUD,CROSS_BORDER_ANOMALY,MEDIUM,amount|device_id|login_failures_30m,FR-19|FR-03|FR-11|FR-12|FR-01,Ground truth injected CROSS_BORDER_ANOMALY,None,ESCALATE,20260928,v1
TXN-SYN0001457,CASE-000022,FALSE,NORMAL,NONE,EASY,NONE,FR-08|FR-09|FR-01,Normal pattern,None,ALLOW,20260928,v1
TXN-SYN0001458,CASE-000022,FALSE,NORMAL,NONE,EASY,NONE,FR-08|FR-09|FR-01,Normal pattern,None,ALLOW,20260928,v1
TXN-SYN0001459,CASE-000022,FALSE,NORMAL,NONE,EASY,NONE,FR-08|FR-09|FR-01,Normal pattern,None,ALLOW,20260928,v1
TXN-SYN0001460,CASE-000022,TRUE,FRAUD,VELOCITY_BURST,MEDIUM,amount|device_id|login_failures_30m,FR-08|FR-09|FR-01,Ground truth injected VELOCITY_BURST,None,ESCALATE,20260928,v1
TXN-SYN0001461,CASE-000022,TRUE,FRAUD,VELOCITY_BURST,MEDIUM,amount|device_id|login_failures_30m,FR-08|FR-09|FR-01,Ground truth injected VELOCITY_BURST,None,ESCALATE,20260928,v1
TXN-SYN0001462,CASE-CUS-00094,FALSE,NORMAL,NONE,EASY,NONE,,Normal pattern,Counter evidence reduced score,ALLOW,20260928,v1
TXN-SYN0001463,CASE-000034,FALSE,NORMAL,NONE,EASY,NONE,FR-14|FR-03|FR-01,Normal pattern,None,ALLOW,20260928,v1
TXN-SYN0001464,CASE-CUS-00052,FALSE,BENIGN_ANOMALY,NONE,EASY,NONE,,Normal pattern,None,MONITOR,20260928,v1
TXN-SYN0001465,CASE-CUS-00032,FALSE,NORMAL,NONE,EASY,NONE,,Normal pattern,Counter evidence reduced score,ALLOW,20260928,v1
TXN-SYN0001466,CASE-000034,FALSE,NORMAL,NONE,EASY,NONE,FR-14|FR-03|FR-01,Normal pattern,None,ALLOW,20260928,v1
TXN-SYN0001467,CASE-CUS-00098,FALSE,NORMAL,NONE,EASY,NONE,,Normal pattern,None,ALLOW,20260928,v1
TXN-SYN0001468,CASE-000034,FALSE,NORMAL,NONE,EASY,NONE,FR-14|FR-03|FR-01,Normal pattern,None,ALLOW,20260928,v1
TXN-SYN0001469,CASE-CUS-00080,FALSE,BENIGN_ANOMALY,NONE,EASY,NONE,,Normal pattern,Counter evidence reduced score,MONITOR,20260928,v1
TXN-SYN0001470,CASE-CUS-00082,FALSE,BENIGN_ANOMALY,NONE,EASY,NONE,,Normal pattern,None,MONITOR,20260928,v1
TXN-SYN0001471,CASE-CUS-00084,FALSE,BENIGN_ANOMALY,NONE,EASY,NONE,,Normal pattern,Counter evidence reduced score,MONITOR,20260928,v1
TXN-SYN0001472,CASE-CUS-00082,FALSE,BENIGN_ANOMALY,NONE,EASY,NONE,,Normal pattern,Counter evidence reduced score,MONITOR,20260928,v1
TXN-SYN0001473,CASE-CUS-00029,FALSE,NORMAL,NONE,EASY,NONE,,Normal pattern,None,ALLOW,20260928,v1
TXN-SYN0001474,CASE-CUS-00020,FALSE,NORMAL,NONE,EASY,NONE,,Normal pattern,None,ALLOW,20260928,v1
TXN-SYN0001475,CASE-CUS-00063,FALSE,NORMAL,NONE,EASY,NONE,,Normal pattern,Counter evidence reduced score,ALLOW,20260928,v1
TXN-SYN0001476,CASE-CUS-00097,FALSE,NORMAL,NONE,EASY,NONE,,Normal pattern,None,ALLOW,20260928,v1
TXN-SYN0001477,CASE-CUS-00001,FALSE,NORMAL,NONE,EASY,NONE,,Normal pattern,None,ALLOW,20260928,v1
TXN-SYN0001478,CASE-000005,TRUE,FRAUD,ACCOUNT_TAKEOVER,MEDIUM,amount|device_id|login_failures_30m,FR-01|FR-02|FR-03|FR-04|FR-05|FR-06|FR-07|FR-12|FR-17|FR-18,Ground truth injected ACCOUNT_TAKEOVER,None,ESCALATE,20260928,v1
TXN-SYN0001479,CASE-000005,TRUE,FRAUD,ACCOUNT_TAKEOVER,MEDIUM,amount|device_id|login_failures_30m,FR-01|FR-02|FR-03|FR-04|FR-05|FR-06|FR-07|FR-12|FR-17|FR-18,Ground truth injected ACCOUNT_TAKEOVER,None,ESCALATE,20260928,v1
TXN-SYN0001480,CASE-000005,TRUE,FRAUD,ACCOUNT_TAKEOVER,MEDIUM,amount|device_id|login_failures_30m,FR-01|FR-02|FR-03|FR-04|FR-05|FR-06|FR-07|FR-12|FR-17|FR-18,Ground truth injected ACCOUNT_TAKEOVER,None,ESCALATE,20260928,v1
TXN-SYN0001481,CASE-CUS-00035,FALSE,NORMAL,NONE,EASY,NONE,,Normal pattern,None,ALLOW,20260928,v1
TXN-SYN0001482,CASE-CUS-00087,FALSE,NORMAL,NONE,EASY,NONE,,Normal pattern,None,ALLOW,20260928,v1
TXN-SYN0001483,CASE-CUS-00058,FALSE,NORMAL,NONE,EASY,NONE,,Normal pattern,None,ALLOW,20260928,v1
TXN-SYN0001484,CASE-CUS-00011,FALSE,NORMAL,NONE,EASY,NONE,,Normal pattern,None,ALLOW,20260928,v1
TXN-SYN0001485,CASE-CUS-00033,FALSE,NORMAL,NONE,EASY,NONE,,Normal pattern,None,ALLOW,20260928,v1
TXN-SYN0001486,CASE-CUS-00062,FALSE,NORMAL,NONE,EASY,NONE,,Normal pattern,Counter evidence reduced score,ALLOW,20260928,v1
TXN-SYN0001487,CASE-CUS-00105,FALSE,NORMAL,NONE,EASY,NONE,,Normal pattern,None,ALLOW,20260928,v1
TXN-SYN0001488,CASE-CUS-00068,FALSE,NORMAL,NONE,EASY,NONE,,Normal pattern,Counter evidence reduced score,ALLOW,20260928,v1
TXN-SYN0001489,CASE-CUS-00062,FALSE,NORMAL,NONE,EASY,NONE,,Normal pattern,Counter evidence reduced score,ALLOW,20260928,v1
TXN-SYN0001490,CASE-CUS-00086,FALSE,NORMAL,NONE,EASY,NONE,,Normal pattern,Counter evidence reduced score,ALLOW,20260928,v1
TXN-SYN0001491,CASE-CUS-00086,FALSE,NORMAL,NONE,EASY,NONE,,Normal pattern,Counter evidence reduced score,ALLOW,20260928,v1
TXN-SYN0001492,CASE-CUS-00044,FALSE,NORMAL,NONE,EASY,NONE,,Normal pattern,None,ALLOW,20260928,v1
TXN-SYN0001493,CASE-CUS-00003,FALSE,NORMAL,NONE,EASY,NONE,,Normal pattern,None,ALLOW,20260928,v1
TXN-SYN0001494,CASE-CUS-00119,FALSE,NORMAL,NONE,EASY,NONE,,Normal pattern,Counter evidence reduced score,ALLOW,20260928,v1
TXN-SYN0001495,CASE-CUS-00098,FALSE,NORMAL,NONE,EASY,NONE,,Normal pattern,Counter evidence reduced score,ALLOW,20260928,v1
TXN-SYN0001496,CASE-000013,TRUE,FRAUD,NEW_BENEFICIARY_HIGH_VALUE,MEDIUM,amount|device_id|login_failures_30m,FR-01|FR-02|FR-03|FR-04|FR-17,Ground truth injected NEW_BENEFICIARY_HIGH_VALUE,None,ESCALATE,20260928,v1
TXN-SYN0001497,CASE-000013,TRUE,FRAUD,NEW_BENEFICIARY_HIGH_VALUE,MEDIUM,amount|device_id|login_failures_30m,FR-01|FR-02|FR-03|FR-04|FR-17,Ground truth injected NEW_BENEFICIARY_HIGH_VALUE,None,ESCALATE,20260928,v1
TXN-SYN0001498,CASE-CUS-00098,FALSE,NORMAL,NONE,EASY,NONE,,Normal pattern,Counter evidence reduced score,ALLOW,20260928,v1
TXN-SYN0001499,CASE-CUS-00092,FALSE,NORMAL,NONE,EASY,NONE,,Normal pattern,None,ALLOW,20260928,v1
TXN-SYN0001500,CASE-CUS-00055,FALSE,NORMAL,NONE,EASY,NONE,,Normal pattern,None,ALLOW,20260928,v1
TXN-SYN0001501,CASE-CUS-00097,FALSE,NORMAL,NONE,EASY,NONE,,Normal pattern,Counter evidence reduced score,ALLOW,20260928,v1
TXN-SYN0001502,CASE-CUS-00032,FALSE,NORMAL,NONE,EASY,NONE,,Normal pattern,None,ALLOW,20260928,v1
TXN-SYN0001503,CASE-CUS-00009,FALSE,NORMAL,NONE,EASY,NONE,,Normal pattern,None,ALLOW,20260928,v1
TXN-SYN0001504,CASE-CUS-00008,FALSE,NORMAL,NONE,EASY,NONE,,Normal pattern,Counter evidence reduced score,ALLOW,20260928,v1
TXN-SYN0001505,CASE-CUS-00078,FALSE,NORMAL,NONE,EASY,NONE,,Normal pattern,Counter evidence reduced score,ALLOW,20260928,v1
TXN-SYN0001506,CASE-CUS-00117,FALSE,NORMAL,NONE,EASY,NONE,,Normal pattern,Counter evidence reduced score,ALLOW,20260928,v1
TXN-SYN0001507,CASE-CUS-00074,FALSE,NORMAL,NONE,EASY,NONE,,Normal pattern,Counter evidence reduced score,ALLOW,20260928,v1
TXN-SYN0001508,CASE-CUS-00098,FALSE,NORMAL,NONE,EASY,NONE,,Normal pattern,None,ALLOW,20260928,v1
TXN-SYN0001509,CASE-CUS-00070,FALSE,NORMAL,NONE,EASY,NONE,,Normal pattern,Counter evidence reduced score,ALLOW,20260928,v1
TXN-SYN0001510,CASE-CUS-00086,FALSE,NORMAL,NONE,EASY,NONE,,Normal pattern,None,ALLOW,20260928,v1
TXN-SYN0001511,CASE-CUS-00101,FALSE,NORMAL,NONE,EASY,NONE,,Normal pattern,None,ALLOW,20260928,v1
TXN-SYN0001512,CASE-CUS-00020,FALSE,NORMAL,NONE,EASY,NONE,,Normal pattern,None,ALLOW,20260928,v1
TXN-SYN0001513,CASE-CUS-00073,FALSE,NORMAL,NONE,EASY,NONE,,Normal pattern,Counter evidence reduced score,ALLOW,20260928,v1
TXN-SYN0001514,CASE-CUS-00066,FALSE,NORMAL,NONE,EASY,NONE,,Normal pattern,Counter evidence reduced score,ALLOW,20260928,v1
TXN-SYN0001515,CASE-CUS-00033,FALSE,NORMAL,NONE,EASY,NONE,,Normal pattern,Counter evidence reduced score,ALLOW,20260928,v1
TXN-SYN0001516,CASE-CUS-00056,FALSE,NORMAL,NONE,EASY,NONE,,Normal pattern,None,ALLOW,20260928,v1
TXN-SYN0001517,CASE-CUS-00093,FALSE,NORMAL,NONE,EASY,NONE,,Normal pattern,None,ALLOW,20260928,v1
TXN-SYN0001518,CASE-CUS-00108,FALSE,NORMAL,NONE,EASY,NONE,,Normal pattern,Counter evidence reduced score,ALLOW,20260928,v1
TXN-SYN0001519,CASE-CUS-00013,FALSE,NORMAL,NONE,EASY,NONE,,Normal pattern,None,ALLOW,20260928,v1
TXN-SYN0001520,CASE-000034,FALSE,NORMAL,NONE,EASY,NONE,FR-14|FR-03|FR-01,Normal pattern,None,ALLOW,20260928,v1
TXN-SYN0001521,CASE-CUS-00001,FALSE,NORMAL,NONE,EASY,NONE,,Normal pattern,None,ALLOW,20260928,v1
TXN-SYN0001522,CASE-CUS-00015,FALSE,NORMAL,NONE,EASY,NONE,,Normal pattern,None,ALLOW,20260928,v1
TXN-SYN0001523,CASE-CUS-00015,FALSE,NORMAL,NONE,EASY,NONE,,Normal pattern,None,ALLOW,20260928,v1
TXN-SYN0001524,CASE-000034,FALSE,NORMAL,NONE,EASY,NONE,FR-14|FR-03|FR-01,Normal pattern,None,ALLOW,20260928,v1
TXN-SYN0001525,CASE-CUS-00056,FALSE,NORMAL,NONE,EASY,NONE,,Normal pattern,None,ALLOW,20260928,v1
TXN-SYN0001526,CASE-000046,TRUE,FRAUD,CREDENTIAL_RESET_ABUSE,MEDIUM,amount|device_id|login_failures_30m,FR-06|FR-04|FR-18|FR-01,Ground truth injected CREDENTIAL_RESET_ABUSE,None,ESCALATE,20260928,v1
TXN-SYN0001527,CASE-000046,TRUE,FRAUD,CREDENTIAL_RESET_ABUSE,MEDIUM,amount|device_id|login_failures_30m,FR-06|FR-04|FR-18|FR-01,Ground truth injected CREDENTIAL_RESET_ABUSE,None,ESCALATE,20260928,v1
TXN-SYN0001528,CASE-000034,FALSE,NORMAL,NONE,EASY,NONE,FR-14|FR-03|FR-01,Normal pattern,None,ALLOW,20260928,v1
TXN-SYN0001529,CASE-CUS-00083,FALSE,BENIGN_ANOMALY,NONE,EASY,NONE,,Normal pattern,Counter evidence reduced score,MONITOR,20260928,v1
TXN-SYN0001530,CASE-000034,FALSE,NORMAL,NONE,EASY,NONE,FR-14|FR-03|FR-01,Normal pattern,None,ALLOW,20260928,v1
TXN-SYN0001531,CASE-CUS-00083,FALSE,NORMAL,NONE,EASY,NONE,,Normal pattern,Counter evidence reduced score,MONITOR,20260928,v1
TXN-SYN0001532,CASE-CUS-00029,FALSE,NORMAL,NONE,EASY,NONE,,Normal pattern,None,ALLOW,20260928,v1
TXN-SYN0001533,CASE-000034,FALSE,NORMAL,NONE,EASY,NONE,FR-14|FR-03|FR-01,Normal pattern,None,ALLOW,20260928,v1
TXN-SYN0001534,CASE-CUS-00015,FALSE,BENIGN_ANOMALY,NONE,EASY,NONE,,Normal pattern,None,MONITOR,20260928,v1
TXN-SYN0001535,CASE-CUS-00084,FALSE,BENIGN_ANOMALY,NONE,EASY,NONE,,Normal pattern,Counter evidence reduced score,MONITOR,20260928,v1
TXN-SYN0001536,CASE-CUS-00020,FALSE,NORMAL,NONE,EASY,NONE,,Normal pattern,None,ALLOW,20260928,v1
TXN-SYN0001537,CASE-CUS-00051,FALSE,NORMAL,NONE,EASY,NONE,,Normal pattern,None,ALLOW,20260928,v1
TXN-SYN0001538,CASE-CUS-00112,FALSE,NORMAL,NONE,EASY,NONE,,Normal pattern,Counter evidence reduced score,ALLOW,20260928,v1
TXN-SYN0001539,CASE-CUS-00074,FALSE,NORMAL,NONE,EASY,NONE,,Normal pattern,Counter evidence reduced score,ALLOW,20260928,v1
TXN-SYN0001540,CASE-CUS-00067,FALSE,NORMAL,NONE,EASY,NONE,,Normal pattern,Counter evidence reduced score,ALLOW,20260928,v1
TXN-SYN0001541,CASE-CUS-00059,FALSE,NORMAL,NONE,EASY,NONE,,Normal pattern,Counter evidence reduced score,ALLOW,20260928,v1
TXN-SYN0001542,CASE-CUS-00069,FALSE,NORMAL,NONE,EASY,NONE,,Normal pattern,None,ALLOW,20260928,v1
TXN-SYN0001543,CASE-CUS-00015,FALSE,NORMAL,NONE,EASY,NONE,,Normal pattern,None,ALLOW,20260928,v1
TXN-SYN0001544,CASE-CUS-00115,FALSE,NORMAL,NONE,EASY,NONE,,Normal pattern,Counter evidence reduced score,ALLOW,20260928,v1
TXN-SYN0001545,CASE-CUS-00088,FALSE,NORMAL,NONE,EASY,NONE,,Normal pattern,None,ALLOW,20260928,v1
TXN-SYN0001546,CASE-CUS-00015,FALSE,NORMAL,NONE,EASY,NONE,,Normal pattern,None,ALLOW,20260928,v1
TXN-SYN0001547,CASE-CUS-00044,FALSE,NORMAL,NONE,EASY,NONE,,Normal pattern,None,ALLOW,20260928,v1
TXN-SYN0001548,CASE-CUS-00024,FALSE,NORMAL,NONE,EASY,NONE,,Normal pattern,None,ALLOW,20260928,v1
TXN-SYN0001549,CASE-CUS-00074,FALSE,NORMAL,NONE,EASY,NONE,,Normal pattern,Counter evidence reduced score,ALLOW,20260928,v1
TXN-SYN0001550,CASE-CUS-00014,FALSE,NORMAL,NONE,EASY,NONE,,Normal pattern,None,ALLOW,20260928,v1
TXN-SYN0001551,CASE-CUS-00048,FALSE,NORMAL,NONE,EASY,NONE,,Normal pattern,None,ALLOW,20260928,v1
TXN-SYN0001552,CASE-CUS-00099,FALSE,NORMAL,NONE,EASY,NONE,,Normal pattern,None,ALLOW,20260928,v1
TXN-SYN0001553,CASE-CUS-00037,FALSE,NORMAL,NONE,EASY,NONE,,Normal pattern,Counter evidence reduced score,ALLOW,20260928,v1
TXN-SYN0001554,CASE-CUS-00006,FALSE,NORMAL,NONE,EASY,NONE,,Normal pattern,None,ALLOW,20260928,v1
TXN-SYN0001555,CASE-CUS-00037,FALSE,NORMAL,NONE,EASY,NONE,,Normal pattern,Counter evidence reduced score,ALLOW,20260928,v1
TXN-SYN0001556,CASE-CUS-00087,FALSE,NORMAL,NONE,EASY,NONE,,Normal pattern,None,ALLOW,20260928,v1
TXN-SYN0001557,CASE-CUS-00024,FALSE,NORMAL,NONE,EASY,NONE,,Normal pattern,None,ALLOW,20260928,v1
TXN-SYN0001558,CASE-CUS-00092,FALSE,NORMAL,NONE,EASY,NONE,,Normal pattern,None,ALLOW,20260928,v1
TXN-SYN0001559,CASE-000050,TRUE,FRAUD,CREDENTIAL_RESET_ABUSE,MEDIUM,amount|device_id|login_failures_30m,FR-06|FR-04|FR-18|FR-01,Ground truth injected CREDENTIAL_RESET_ABUSE,None,ESCALATE,20260928,v1
TXN-SYN0001560,CASE-CUS-00080,FALSE,NORMAL,NONE,EASY,NONE,,Normal pattern,Counter evidence reduced score,ALLOW,20260928,v1
TXN-SYN0001561,CASE-000050,TRUE,FRAUD,CREDENTIAL_RESET_ABUSE,MEDIUM,amount|device_id|login_failures_30m,FR-06|FR-04|FR-18|FR-01,Ground truth injected CREDENTIAL_RESET_ABUSE,None,ESCALATE,20260928,v1
TXN-SYN0001562,CASE-CUS-00092,FALSE,NORMAL,NONE,EASY,NONE,,Normal pattern,None,ALLOW,20260928,v1
TXN-SYN0001563,CASE-CUS-00032,FALSE,NORMAL,NONE,EASY,NONE,,Normal pattern,None,ALLOW,20260928,v1
TXN-SYN0001564,CASE-CUS-00063,FALSE,NORMAL,NONE,EASY,NONE,,Normal pattern,Counter evidence reduced score,ALLOW,20260928,v1
TXN-SYN0001565,CASE-CUS-00048,FALSE,NORMAL,NONE,EASY,NONE,,Normal pattern,Counter evidence reduced score,ALLOW,20260928,v1
TXN-SYN0001566,CASE-CUS-00109,FALSE,NORMAL,NONE,EASY,NONE,,Normal pattern,Counter evidence reduced score,ALLOW,20260928,v1
TXN-SYN0001567,CASE-CUS-00030,FALSE,NORMAL,NONE,EASY,NONE,,Normal pattern,None,ALLOW,20260928,v1
TXN-SYN0001568,CASE-CUS-00044,FALSE,BENIGN_ANOMALY,NONE,EASY,NONE,,Normal pattern,None,MONITOR,20260928,v1
TXN-SYN0001569,CASE-CUS-00014,FALSE,NORMAL,NONE,EASY,NONE,,Normal pattern,None,ALLOW,20260928,v1
TXN-SYN0001570,CASE-CUS-00118,FALSE,NORMAL,NONE,EASY,NONE,,Normal pattern,Counter evidence reduced score,ALLOW,20260928,v1
TXN-SYN0001571,CASE-CUS-00118,FALSE,NORMAL,NONE,EASY,NONE,,Normal pattern,Counter evidence reduced score,ALLOW,20260928,v1
TXN-SYN0001572,CASE-CUS-00052,FALSE,NORMAL,NONE,EASY,NONE,,Normal pattern,None,ALLOW,20260928,v1
TXN-SYN0001573,CASE-CUS-00070,FALSE,NORMAL,NONE,EASY,NONE,,Normal pattern,Counter evidence reduced score,ALLOW,20260928,v1
TXN-SYN0001574,CASE-CUS-00087,FALSE,NORMAL,NONE,EASY,NONE,,Normal pattern,None,ALLOW,20260928,v1
TXN-SYN0001575,CASE-CUS-00087,FALSE,NORMAL,NONE,EASY,NONE,,Normal pattern,None,ALLOW,20260928,v1
TXN-SYN0001576,CASE-CUS-00023,FALSE,NORMAL,NONE,EASY,NONE,,Normal pattern,None,ALLOW,20260928,v1
TXN-SYN0001577,CASE-CUS-00092,FALSE,NORMAL,NONE,EASY,NONE,,Normal pattern,None,ALLOW,20260928,v1
TXN-SYN0001578,CASE-CUS-00004,FALSE,NORMAL,NONE,EASY,NONE,,Normal pattern,Counter evidence reduced score,ALLOW,20260928,v1
TXN-SYN0001579,CASE-CUS-00106,FALSE,NORMAL,NONE,EASY,NONE,,Normal pattern,Counter evidence reduced score,ALLOW,20260928,v1
TXN-SYN0001580,CASE-CUS-00095,FALSE,NORMAL,NONE,EASY,NONE,,Normal pattern,None,ALLOW,20260928,v1
TXN-SYN0001581,CASE-CUS-00111,FALSE,NORMAL,NONE,EASY,NONE,,Normal pattern,Counter evidence reduced score,ALLOW,20260928,v1
TXN-SYN0001582,CASE-CUS-00044,FALSE,NORMAL,NONE,EASY,NONE,,Normal pattern,None,ALLOW,20260928,v1
TXN-SYN0001583,CASE-CUS-00117,FALSE,NORMAL,NONE,EASY,NONE,,Normal pattern,Counter evidence reduced score,ALLOW,20260928,v1
TXN-SYN0001584,CASE-CUS-00101,FALSE,NORMAL,NONE,EASY,NONE,,Normal pattern,None,ALLOW,20260928,v1
TXN-SYN0001585,CASE-CUS-00086,FALSE,NORMAL,NONE,EASY,NONE,,Normal pattern,None,ALLOW,20260928,v1
TXN-SYN0001586,CASE-CUS-00082,FALSE,NORMAL,NONE,EASY,NONE,,Normal pattern,Counter evidence reduced score,ALLOW,20260928,v1
TXN-SYN0001587,CASE-000034,TRUE,FRAUD,MULE_BENEFICIARY,MEDIUM,amount|device_id|login_failures_30m,FR-14|FR-03|FR-01,Ground truth injected MULE_BENEFICIARY,None,ESCALATE,20260928,v1
TXN-SYN0001588,CASE-CUS-00084,FALSE,BENIGN_ANOMALY,NONE,EASY,NONE,,Normal pattern,None,MONITOR,20260928,v1
TXN-SYN0001589,CASE-000049,TRUE,FRAUD,CREDENTIAL_RESET_ABUSE,MEDIUM,amount|device_id|login_failures_30m,FR-06|FR-04|FR-18|FR-01,Ground truth injected CREDENTIAL_RESET_ABUSE,None,ESCALATE,20260928,v1
TXN-SYN0001590,CASE-000049,TRUE,FRAUD,CREDENTIAL_RESET_ABUSE,MEDIUM,amount|device_id|login_failures_30m,FR-06|FR-04|FR-18|FR-01,Ground truth injected CREDENTIAL_RESET_ABUSE,None,ESCALATE,20260928,v1
TXN-SYN0001591,CASE-000034,TRUE,FRAUD,MULE_BENEFICIARY,MEDIUM,amount|device_id|login_failures_30m,FR-14|FR-03|FR-01,Ground truth injected MULE_BENEFICIARY,None,ESCALATE,20260928,v1
TXN-SYN0001592,CASE-CUS-00052,FALSE,BENIGN_ANOMALY,NONE,EASY,NONE,,Normal pattern,None,MONITOR,20260928,v1
TXN-SYN0001593,CASE-CUS-00078,FALSE,NORMAL,NONE,EASY,NONE,,Normal pattern,Counter evidence reduced score,ALLOW,20260928,v1
TXN-SYN0001594,CASE-CUS-00099,FALSE,NORMAL,NONE,EASY,NONE,,Normal pattern,None,ALLOW,20260928,v1
TXN-SYN0001595,CASE-000034,TRUE,FRAUD,MULE_BENEFICIARY,MEDIUM,amount|device_id|login_failures_30m,FR-14|FR-03|FR-01,Ground truth injected MULE_BENEFICIARY,None,ESCALATE,20260928,v1
TXN-SYN0001596,CASE-CUS-00099,FALSE,NORMAL,NONE,EASY,NONE,,Normal pattern,Counter evidence reduced score,ALLOW,20260928,v1
TXN-SYN0001597,CASE-CUS-00083,FALSE,BENIGN_ANOMALY,NONE,EASY,NONE,,Normal pattern,Counter evidence reduced score,MONITOR,20260928,v1
TXN-SYN0001598,CASE-CUS-00076,FALSE,BENIGN_ANOMALY,NONE,EASY,NONE,,Normal pattern,Counter evidence reduced score,MONITOR,20260928,v1
TXN-SYN0001599,CASE-CUS-00048,FALSE,NORMAL,NONE,EASY,NONE,,Normal pattern,None,ALLOW,20260928,v1
TXN-SYN0001600,CASE-CUS-00084,FALSE,NORMAL,NONE,EASY,NONE,,Normal pattern,Counter evidence reduced score,ALLOW,20260928,v1
TXN-SYN0001601,CASE-CUS-00007,FALSE,NORMAL,NONE,EASY,NONE,,Normal pattern,None,ALLOW,20260928,v1
TXN-SYN0001602,CASE-CUS-00039,FALSE,NORMAL,NONE,EASY,NONE,,Normal pattern,None,ALLOW,20260928,v1
TXN-SYN0001603,CASE-CUS-00042,FALSE,NORMAL,NONE,EASY,NONE,,Normal pattern,None,ALLOW,20260928,v1
TXN-SYN0001604,CASE-CUS-00020,FALSE,NORMAL,NONE,EASY,NONE,,Normal pattern,None,ALLOW,20260928,v1
TXN-SYN0001605,CASE-CUS-00032,FALSE,NORMAL,NONE,EASY,NONE,,Normal pattern,None,ALLOW,20260928,v1
TXN-SYN0001606,CASE-CUS-00052,FALSE,NORMAL,NONE,EASY,NONE,,Normal pattern,None,ALLOW,20260928,v1
TXN-SYN0001607,CASE-CUS-00073,FALSE,NORMAL,NONE,EASY,NONE,,Normal pattern,None,ALLOW,20260928,v1
TXN-SYN0001608,CASE-CUS-00073,FALSE,NORMAL,NONE,EASY,NONE,,Normal pattern,None,ALLOW,20260928,v1
TXN-SYN0001609,CASE-CUS-00118,FALSE,NORMAL,NONE,EASY,NONE,,Normal pattern,Counter evidence reduced score,ALLOW,20260928,v1
TXN-SYN0001610,CASE-CUS-00109,FALSE,NORMAL,NONE,EASY,NONE,,Normal pattern,Counter evidence reduced score,ALLOW,20260928,v1
TXN-SYN0001611,CASE-CUS-00044,FALSE,NORMAL,NONE,EASY,NONE,,Normal pattern,None,ALLOW,20260928,v1
TXN-SYN0001612,CASE-CUS-00048,FALSE,NORMAL,NONE,EASY,NONE,,Normal pattern,Counter evidence reduced score,ALLOW,20260928,v1
TXN-SYN0001613,CASE-CUS-00048,FALSE,NORMAL,NONE,EASY,NONE,,Normal pattern,Counter evidence reduced score,ALLOW,20260928,v1
TXN-SYN0001614,CASE-CUS-00073,FALSE,NORMAL,NONE,EASY,NONE,,Normal pattern,Counter evidence reduced score,ALLOW,20260928,v1
TXN-SYN0001615,CASE-CUS-00021,FALSE,NORMAL,NONE,EASY,NONE,,Normal pattern,None,ALLOW,20260928,v1
TXN-SYN0001616,CASE-CUS-00019,FALSE,BENIGN_ANOMALY,NONE,EASY,NONE,,Normal pattern,None,MONITOR,20260928,v1
TXN-SYN0001617,CASE-CUS-00097,FALSE,BENIGN_ANOMALY,NONE,EASY,NONE,,Normal pattern,None,MONITOR,20260928,v1
TXN-SYN0001618,CASE-CUS-00099,FALSE,BENIGN_ANOMALY,NONE,EASY,NONE,,Normal pattern,None,MONITOR,20260928,v1
TXN-SYN0001619,CASE-CUS-00017,FALSE,BENIGN_ANOMALY,NONE,EASY,NONE,,Normal pattern,None,MONITOR,20260928,v1
TXN-SYN0001620,CASE-000015,TRUE,FRAUD,NEW_BENEFICIARY_HIGH_VALUE,MEDIUM,amount|device_id|login_failures_30m,FR-01|FR-02|FR-03|FR-04|FR-17,Ground truth injected NEW_BENEFICIARY_HIGH_VALUE,None,ESCALATE,20260928,v1
TXN-SYN0001621,CASE-CUS-00008,FALSE,BENIGN_ANOMALY,NONE,EASY,NONE,,Normal pattern,None,MONITOR,20260928,v1
TXN-SYN0001622,CASE-000015,TRUE,FRAUD,NEW_BENEFICIARY_HIGH_VALUE,MEDIUM,amount|device_id|login_failures_30m,FR-01|FR-02|FR-03|FR-04|FR-17,Ground truth injected NEW_BENEFICIARY_HIGH_VALUE,None,ESCALATE,20260928,v1
TXN-SYN0001623,CASE-CUS-00010,FALSE,NORMAL,NONE,EASY,NONE,,Normal pattern,None,ALLOW,20260928,v1
TXN-SYN0001624,CASE-CUS-00068,FALSE,NORMAL,NONE,EASY,NONE,,Normal pattern,Counter evidence reduced score,ALLOW,20260928,v1
TXN-SYN0001625,CASE-CUS-00100,FALSE,NORMAL,NONE,EASY,NONE,,Normal pattern,None,ALLOW,20260928,v1
TXN-SYN0001626,CASE-CUS-00043,FALSE,NORMAL,NONE,EASY,NONE,,Normal pattern,None,ALLOW,20260928,v1
TXN-SYN0001627,CASE-CUS-00053,FALSE,NORMAL,NONE,EASY,NONE,,Normal pattern,None,ALLOW,20260928,v1
TXN-SYN0001628,CASE-CUS-00042,FALSE,NORMAL,NONE,EASY,NONE,,Normal pattern,Counter evidence reduced score,ALLOW,20260928,v1
TXN-SYN0001629,CASE-CUS-00024,FALSE,NORMAL,NONE,EASY,NONE,,Normal pattern,None,ALLOW,20260928,v1
TXN-SYN0001630,CASE-CUS-00040,FALSE,NORMAL,NONE,EASY,NONE,,Normal pattern,None,ALLOW,20260928,v1
TXN-SYN0001631,CASE-CUS-00111,FALSE,NORMAL,NONE,EASY,NONE,,Normal pattern,Counter evidence reduced score,ALLOW,20260928,v1
TXN-SYN0001632,CASE-CUS-00003,FALSE,NORMAL,NONE,EASY,NONE,,Normal pattern,None,ALLOW,20260928,v1
TXN-SYN0001633,CASE-CUS-00060,FALSE,NORMAL,NONE,EASY,NONE,,Normal pattern,Counter evidence reduced score,ALLOW,20260928,v1
TXN-SYN0001634,CASE-CUS-00063,FALSE,NORMAL,NONE,EASY,NONE,,Normal pattern,Counter evidence reduced score,ALLOW,20260928,v1
TXN-SYN0001635,CASE-CUS-00019,FALSE,NORMAL,NONE,EASY,NONE,,Normal pattern,None,ALLOW,20260928,v1
TXN-SYN0001636,CASE-CUS-00019,FALSE,NORMAL,NONE,EASY,NONE,,Normal pattern,None,ALLOW,20260928,v1
TXN-SYN0001637,CASE-CUS-00038,FALSE,NORMAL,NONE,EASY,NONE,,Normal pattern,None,ALLOW,20260928,v1
TXN-SYN0001638,CASE-000034,TRUE,FRAUD,MULE_BENEFICIARY,MEDIUM,amount|device_id|login_failures_30m,FR-14|FR-03|FR-01,Ground truth injected MULE_BENEFICIARY,None,ESCALATE,20260928,v1
TXN-SYN0001639,CASE-000033,FALSE,NORMAL,NONE,EASY,NONE,FR-13|FR-04|FR-12|FR-01,Normal pattern,None,MONITOR,20260928,v1
TXN-SYN0001640,CASE-000044,TRUE,FRAUD,CREDENTIAL_RESET_ABUSE,MEDIUM,amount|device_id|login_failures_30m,FR-06|FR-04|FR-18|FR-01,Ground truth injected CREDENTIAL_RESET_ABUSE,None,ESCALATE,20260928,v1
TXN-SYN0001641,CASE-CUS-00110,FALSE,NORMAL,NONE,EASY,NONE,,Normal pattern,Counter evidence reduced score,ALLOW,20260928,v1
TXN-SYN0001642,CASE-000044,TRUE,FRAUD,CREDENTIAL_RESET_ABUSE,MEDIUM,amount|device_id|login_failures_30m,FR-06|FR-04|FR-18|FR-01,Ground truth injected CREDENTIAL_RESET_ABUSE,None,ESCALATE,20260928,v1
TXN-SYN0001643,CASE-CUS-00048,FALSE,NORMAL,NONE,EASY,NONE,,Normal pattern,None,ALLOW,20260928,v1
TXN-SYN0001644,CASE-CUS-00029,FALSE,NORMAL,NONE,EASY,NONE,,Normal pattern,None,ALLOW,20260928,v1
TXN-SYN0001645,CASE-000034,TRUE,FRAUD,MULE_BENEFICIARY,MEDIUM,amount|device_id|login_failures_30m,FR-14|FR-03|FR-01,Ground truth injected MULE_BENEFICIARY,None,ESCALATE,20260928,v1
TXN-SYN0001646,CASE-000033,FALSE,NORMAL,NONE,EASY,NONE,FR-13|FR-04|FR-12|FR-01,Normal pattern,None,MONITOR,20260928,v1
TXN-SYN0001647,CASE-CUS-00071,FALSE,NORMAL,NONE,EASY,NONE,,Normal pattern,Counter evidence reduced score,ALLOW,20260928,v1
TXN-SYN0001648,CASE-CUS-00023,FALSE,NORMAL,NONE,EASY,NONE,,Normal pattern,None,ALLOW,20260928,v1
TXN-SYN0001649,CASE-CUS-00097,FALSE,NORMAL,NONE,EASY,NONE,,Normal pattern,None,ALLOW,20260928,v1
TXN-SYN0001650,CASE-CUS-00085,FALSE,NORMAL,NONE,EASY,NONE,,Normal pattern,None,ALLOW,20260928,v1
TXN-SYN0001651,CASE-000033,FALSE,NORMAL,NONE,EASY,NONE,FR-13|FR-04|FR-12|FR-01,Normal pattern,None,MONITOR,20260928,v1
TXN-SYN0001652,CASE-CUS-00002,FALSE,NORMAL,NONE,EASY,NONE,,Normal pattern,None,ALLOW,20260928,v1
TXN-SYN0001653,CASE-CUS-00099,FALSE,NORMAL,NONE,EASY,NONE,,Normal pattern,None,ALLOW,20260928,v1
TXN-SYN0001654,CASE-CUS-00002,FALSE,NORMAL,NONE,EASY,NONE,,Normal pattern,None,ALLOW,20260928,v1
TXN-SYN0001655,CASE-000034,TRUE,FRAUD,MULE_BENEFICIARY,MEDIUM,amount|device_id|login_failures_30m,FR-14|FR-03|FR-01,Ground truth injected MULE_BENEFICIARY,None,ESCALATE,20260928,v1
TXN-SYN0001656,CASE-CUS-00042,FALSE,BENIGN_ANOMALY,NONE,EASY,NONE,,Normal pattern,None,MONITOR,20260928,v1
TXN-SYN0001657,CASE-000033,FALSE,NORMAL,NONE,EASY,NONE,FR-13|FR-04|FR-12|FR-01,Normal pattern,None,MONITOR,20260928,v1
TXN-SYN0001658,CASE-CUS-00080,FALSE,BENIGN_ANOMALY,NONE,EASY,NONE,,Normal pattern,Counter evidence reduced score,MONITOR,20260928,v1
TXN-SYN0001659,CASE-000033,FALSE,NORMAL,NONE,EASY,NONE,FR-13|FR-04|FR-12|FR-01,Normal pattern,None,MONITOR,20260928,v1
TXN-SYN0001660,CASE-CUS-00004,FALSE,BENIGN_ANOMALY,NONE,EASY,NONE,,Normal pattern,None,MONITOR,20260928,v1
TXN-SYN0001661,CASE-000033,FALSE,NORMAL,NONE,EASY,NONE,FR-13|FR-04|FR-12|FR-01,Normal pattern,None,MONITOR,20260928,v1
TXN-SYN0001662,CASE-000033,TRUE,FRAUD,SHARED_DEVICE,MEDIUM,amount|device_id|login_failures_30m,FR-13|FR-04|FR-12|FR-01,Ground truth injected SHARED_DEVICE,None,ESCALATE,20260928,v1
TXN-SYN0001663,CASE-000033,TRUE,FRAUD,SHARED_DEVICE,MEDIUM,amount|device_id|login_failures_30m,FR-13|FR-04|FR-12|FR-01,Ground truth injected SHARED_DEVICE,None,ESCALATE,20260928,v1
TXN-SYN0001664,CASE-000033,TRUE,FRAUD,SHARED_DEVICE,MEDIUM,amount|device_id|login_failures_30m,FR-13|FR-04|FR-12|FR-01,Ground truth injected SHARED_DEVICE,None,ESCALATE,20260928,v1
TXN-SYN0001665,CASE-000033,TRUE,FRAUD,SHARED_DEVICE,MEDIUM,amount|device_id|login_failures_30m,FR-13|FR-04|FR-12|FR-01,Ground truth injected SHARED_DEVICE,None,ESCALATE,20260928,v1
TXN-SYN0001666,CASE-000033,TRUE,FRAUD,SHARED_DEVICE,MEDIUM,amount|device_id|login_failures_30m,FR-13|FR-04|FR-12|FR-01,Ground truth injected SHARED_DEVICE,None,ESCALATE,20260928,v1
TXN-SYN0001667,CASE-CUS-00031,FALSE,NORMAL,NONE,EASY,NONE,,Normal pattern,Counter evidence reduced score,ALLOW,20260928,v1
TXN-SYN0001668,CASE-CUS-00114,FALSE,NORMAL,NONE,EASY,NONE,,Normal pattern,Counter evidence reduced score,ALLOW,20260928,v1
TXN-SYN0001669,CASE-000033,TRUE,FRAUD,SHARED_DEVICE,MEDIUM,amount|device_id|login_failures_30m,FR-13|FR-04|FR-12|FR-01,Ground truth injected SHARED_DEVICE,None,ESCALATE,20260928,v1
TXN-SYN0001670,CASE-CUS-00011,FALSE,NORMAL,NONE,EASY,NONE,,Normal pattern,None,ALLOW,20260928,v1
TXN-SYN0001671,CASE-CUS-00086,FALSE,NORMAL,NONE,EASY,NONE,,Normal pattern,None,ALLOW,20260928,v1
TXN-SYN0001672,CASE-CUS-00033,FALSE,NORMAL,NONE,EASY,NONE,,Normal pattern,Counter evidence reduced score,ALLOW,20260928,v1
TXN-SYN0001673,CASE-CUS-00059,FALSE,NORMAL,NONE,EASY,NONE,,Normal pattern,Counter evidence reduced score,ALLOW,20260928,v1
TXN-SYN0001674,CASE-CUS-00109,FALSE,NORMAL,NONE,EASY,NONE,,Normal pattern,Counter evidence reduced score,ALLOW,20260928,v1
TXN-SYN0001675,CASE-CUS-00033,FALSE,NORMAL,NONE,EASY,NONE,,Normal pattern,Counter evidence reduced score,ALLOW,20260928,v1
TXN-SYN0001676,CASE-CUS-00093,FALSE,NORMAL,NONE,EASY,NONE,,Normal pattern,None,ALLOW,20260928,v1
TXN-SYN0001677,CASE-000033,TRUE,FRAUD,SHARED_DEVICE,MEDIUM,amount|device_id|login_failures_30m,FR-13|FR-04|FR-12|FR-01,Ground truth injected SHARED_DEVICE,None,ESCALATE,20260928,v1
TXN-SYN0001678,CASE-CUS-00119,FALSE,NORMAL,NONE,EASY,NONE,,Normal pattern,Counter evidence reduced score,ALLOW,20260928,v1
TXN-SYN0001679,CASE-000033,TRUE,FRAUD,SHARED_DEVICE,MEDIUM,amount|device_id|login_failures_30m,FR-13|FR-04|FR-12|FR-01,Ground truth injected SHARED_DEVICE,None,ESCALATE,20260928,v1
TXN-SYN0001680,CASE-CUS-00044,FALSE,NORMAL,NONE,EASY,NONE,,Normal pattern,None,ALLOW,20260928,v1
TXN-SYN0001681,CASE-000033,TRUE,FRAUD,SHARED_DEVICE,MEDIUM,amount|device_id|login_failures_30m,FR-13|FR-04|FR-12|FR-01,Ground truth injected SHARED_DEVICE,None,ESCALATE,20260928,v1
TXN-SYN0001682,CASE-CUS-00097,FALSE,NORMAL,NONE,EASY,NONE,,Normal pattern,None,ALLOW,20260928,v1
TXN-SYN0001683,CASE-CUS-00096,FALSE,NORMAL,NONE,EASY,NONE,,Normal pattern,None,ALLOW,20260928,v1
TXN-SYN0001684,CASE-CUS-00064,FALSE,NORMAL,NONE,EASY,NONE,,Normal pattern,None,ALLOW,20260928,v1
TXN-SYN0001685,CASE-CUS-00051,FALSE,NORMAL,NONE,EASY,NONE,,Normal pattern,None,ALLOW,20260928,v1
TXN-SYN0001686,CASE-CUS-00079,FALSE,NORMAL,NONE,EASY,NONE,,Normal pattern,Counter evidence reduced score,ALLOW,20260928,v1
TXN-SYN0001687,CASE-CUS-00096,FALSE,NORMAL,NONE,EASY,NONE,,Normal pattern,None,ALLOW,20260928,v1
TXN-SYN0001688,CASE-CUS-00096,FALSE,NORMAL,NONE,EASY,NONE,,Normal pattern,None,ALLOW,20260928,v1
TXN-SYN0001689,CASE-000033,TRUE,FRAUD,SHARED_DEVICE,MEDIUM,amount|device_id|login_failures_30m,FR-13|FR-04|FR-12|FR-01,Ground truth injected SHARED_DEVICE,None,ESCALATE,20260928,v1
TXN-SYN0001690,CASE-CUS-00081,FALSE,NORMAL,NONE,EASY,NONE,,Normal pattern,Counter evidence reduced score,ALLOW,20260928,v1
TXN-SYN0001691,CASE-CUS-00006,FALSE,NORMAL,NONE,EASY,NONE,,Normal pattern,None,ALLOW,20260928,v1
TXN-SYN0001692,CASE-000033,TRUE,FRAUD,SHARED_DEVICE,MEDIUM,amount|device_id|login_failures_30m,FR-13|FR-04|FR-12|FR-01,Ground truth injected SHARED_DEVICE,None,ESCALATE,20260928,v1
TXN-SYN0001693,CASE-CUS-00103,FALSE,NORMAL,NONE,EASY,NONE,,Normal pattern,Counter evidence reduced score,ALLOW,20260928,v1
TXN-SYN0001694,CASE-CUS-00048,FALSE,NORMAL,NONE,EASY,NONE,,Normal pattern,None,ALLOW,20260928,v1
TXN-SYN0001695,CASE-000033,TRUE,FRAUD,SHARED_DEVICE,MEDIUM,amount|device_id|login_failures_30m,FR-13|FR-04|FR-12|FR-01,Ground truth injected SHARED_DEVICE,None,ESCALATE,20260928,v1
TXN-SYN0001696,CASE-CUS-00120,FALSE,NORMAL,NONE,EASY,NONE,,Normal pattern,Counter evidence reduced score,ALLOW,20260928,v1
TXN-SYN0001697,CASE-CUS-00047,FALSE,NORMAL,NONE,EASY,NONE,,Normal pattern,None,ALLOW,20260928,v1
TXN-SYN0001698,CASE-CUS-00010,FALSE,NORMAL,NONE,EASY,NONE,,Normal pattern,None,ALLOW,20260928,v1
TXN-SYN0001699,CASE-CUS-00117,FALSE,NORMAL,NONE,EASY,NONE,,Normal pattern,Counter evidence reduced score,ALLOW,20260928,v1
TXN-SYN0001700,CASE-CUS-00042,FALSE,NORMAL,NONE,EASY,NONE,,Normal pattern,None,ALLOW,20260928,v1
TXN-SYN0001701,CASE-CUS-00102,FALSE,BENIGN_ANOMALY,NONE,EASY,NONE,,Normal pattern,None,MONITOR,20260928,v1
TXN-SYN0001702,CASE-CUS-00045,FALSE,NORMAL,NONE,EASY,NONE,,Normal pattern,None,ALLOW,20260928,v1
TXN-SYN0001703,CASE-CUS-00120,FALSE,NORMAL,NONE,EASY,NONE,,Normal pattern,Counter evidence reduced score,ALLOW,20260928,v1
TXN-SYN0001704,CASE-CUS-00070,FALSE,NORMAL,NONE,EASY,NONE,,Normal pattern,Counter evidence reduced score,ALLOW,20260928,v1
TXN-SYN0001705,CASE-CUS-00076,FALSE,NORMAL,NONE,EASY,NONE,,Normal pattern,Counter evidence reduced score,ALLOW,20260928,v1
TXN-SYN0001706,CASE-CUS-00120,FALSE,NORMAL,NONE,EASY,NONE,,Normal pattern,Counter evidence reduced score,ALLOW,20260928,v1
TXN-SYN0001707,CASE-CUS-00022,FALSE,NORMAL,NONE,EASY,NONE,,Normal pattern,None,ALLOW,20260928,v1
TXN-SYN0001708,CASE-000035,TRUE,FRAUD,CARD_NOT_PRESENT,MEDIUM,amount|device_id|login_failures_30m,FR-15|FR-11|FR-12|FR-16|FR-01,Ground truth injected CARD_NOT_PRESENT,None,ESCALATE,20260928,v1
TXN-SYN0001709,CASE-000035,TRUE,FRAUD,CARD_NOT_PRESENT,MEDIUM,amount|device_id|login_failures_30m,FR-15|FR-11|FR-12|FR-16|FR-01,Ground truth injected CARD_NOT_PRESENT,None,ESCALATE,20260928,v1
TXN-SYN0001710,CASE-CUS-00079,FALSE,NORMAL,NONE,EASY,NONE,,Normal pattern,Counter evidence reduced score,ALLOW,20260928,v1
TXN-SYN0001711,CASE-CUS-00010,FALSE,NORMAL,NONE,EASY,NONE,,Normal pattern,None,ALLOW,20260928,v1
TXN-SYN0001712,CASE-CUS-00060,FALSE,NORMAL,NONE,EASY,NONE,,Normal pattern,Counter evidence reduced score,ALLOW,20260928,v1
TXN-SYN0001713,CASE-000007,TRUE,FRAUD,ACCOUNT_TAKEOVER,MEDIUM,amount|device_id|login_failures_30m,FR-01|FR-02|FR-03|FR-04|FR-05|FR-06|FR-07|FR-12|FR-17|FR-18,Ground truth injected ACCOUNT_TAKEOVER,None,ESCALATE,20260928,v1
TXN-SYN0001714,CASE-000007,TRUE,FRAUD,ACCOUNT_TAKEOVER,MEDIUM,amount|device_id|login_failures_30m,FR-01|FR-02|FR-03|FR-04|FR-05|FR-06|FR-07|FR-12|FR-17|FR-18,Ground truth injected ACCOUNT_TAKEOVER,None,ESCALATE,20260928,v1
TXN-SYN0001715,CASE-CUS-00110,FALSE,NORMAL,NONE,EASY,NONE,,Normal pattern,Counter evidence reduced score,ALLOW,20260928,v1
TXN-SYN0001716,CASE-000007,TRUE,FRAUD,ACCOUNT_TAKEOVER,MEDIUM,amount|device_id|login_failures_30m,FR-01|FR-02|FR-03|FR-04|FR-05|FR-06|FR-07|FR-12|FR-17|FR-18,Ground truth injected ACCOUNT_TAKEOVER,None,ESCALATE,20260928,v1
TXN-SYN0001717,CASE-CUS-00047,FALSE,NORMAL,NONE,EASY,NONE,,Normal pattern,Counter evidence reduced score,ALLOW,20260928,v1
TXN-SYN0001718,CASE-CUS-00045,FALSE,NORMAL,NONE,EASY,NONE,,Normal pattern,Counter evidence reduced score,ALLOW,20260928,v1
TXN-SYN0001719,CASE-CUS-00034,FALSE,NORMAL,NONE,EASY,NONE,,Normal pattern,None,ALLOW,20260928,v1
TXN-SYN0001720,CASE-CUS-00087,FALSE,NORMAL,NONE,EASY,NONE,,Normal pattern,None,ALLOW,20260928,v1
TXN-SYN0001721,CASE-CUS-00034,FALSE,NORMAL,NONE,EASY,NONE,,Normal pattern,None,ALLOW,20260928,v1
TXN-SYN0001722,CASE-CUS-00102,FALSE,NORMAL,NONE,EASY,NONE,,Normal pattern,None,ALLOW,20260928,v1
TXN-SYN0001723,CASE-000034,TRUE,FRAUD,MULE_BENEFICIARY,MEDIUM,amount|device_id|login_failures_30m,FR-14|FR-03|FR-01,Ground truth injected MULE_BENEFICIARY,None,ESCALATE,20260928,v1
TXN-SYN0001724,CASE-CUS-00107,FALSE,NORMAL,NONE,EASY,NONE,,Normal pattern,Counter evidence reduced score,ALLOW,20260928,v1
TXN-SYN0001725,CASE-CUS-00097,FALSE,NORMAL,NONE,EASY,NONE,,Normal pattern,None,ALLOW,20260928,v1
TXN-SYN0001726,CASE-CUS-00092,FALSE,NORMAL,NONE,EASY,NONE,,Normal pattern,Counter evidence reduced score,ALLOW,20260928,v1
TXN-SYN0001727,CASE-000034,TRUE,FRAUD,MULE_BENEFICIARY,MEDIUM,amount|device_id|login_failures_30m,FR-14|FR-03|FR-01,Ground truth injected MULE_BENEFICIARY,None,ESCALATE,20260928,v1
TXN-SYN0001728,CASE-CUS-00077,FALSE,NORMAL,NONE,EASY,NONE,,Normal pattern,Counter evidence reduced score,ALLOW,20260928,v1
TXN-SYN0001729,CASE-CUS-00100,FALSE,NORMAL,NONE,EASY,NONE,,Normal pattern,None,ALLOW,20260928,v1
TXN-SYN0001730,CASE-CUS-00023,FALSE,NORMAL,NONE,EASY,NONE,,Normal pattern,None,ALLOW,20260928,v1
TXN-SYN0001731,CASE-000026,TRUE,FRAUD,IMPOSSIBLE_TRAVEL,MEDIUM,amount|device_id|login_failures_30m,FR-10|FR-11|FR-01,Ground truth injected IMPOSSIBLE_TRAVEL,None,ESCALATE,20260928,v1
TXN-SYN0001732,CASE-000034,TRUE,FRAUD,MULE_BENEFICIARY,MEDIUM,amount|device_id|login_failures_30m,FR-14|FR-03|FR-01,Ground truth injected MULE_BENEFICIARY,None,ESCALATE,20260928,v1
TXN-SYN0001733,CASE-CUS-00072,FALSE,BENIGN_ANOMALY,NONE,EASY,NONE,,Normal pattern,None,MONITOR,20260928,v1
TXN-SYN0001734,CASE-CUS-00009,FALSE,NORMAL,NONE,EASY,NONE,,Normal pattern,None,ALLOW,20260928,v1
TXN-SYN0001735,CASE-000025,TRUE,FRAUD,IMPOSSIBLE_TRAVEL,MEDIUM,amount|device_id|login_failures_30m,FR-10|FR-11|FR-01,Ground truth injected IMPOSSIBLE_TRAVEL,None,ESCALATE,20260928,v1
TXN-SYN0001736,CASE-CUS-00076,FALSE,BENIGN_ANOMALY,NONE,EASY,NONE,,Normal pattern,Counter evidence reduced score,MONITOR,20260928,v1
TXN-SYN0001737,CASE-CUS-00080,FALSE,NORMAL,NONE,EASY,NONE,,Normal pattern,Counter evidence reduced score,ALLOW,20260928,v1
TXN-SYN0001738,CASE-CUS-00012,FALSE,NORMAL,NONE,EASY,NONE,,Normal pattern,None,ALLOW,20260928,v1
TXN-SYN0001739,CASE-CUS-00069,FALSE,NORMAL,NONE,EASY,NONE,,Normal pattern,None,ALLOW,20260928,v1
TXN-SYN0001740,CASE-CUS-00038,FALSE,NORMAL,NONE,EASY,NONE,,Normal pattern,None,ALLOW,20260928,v1
TXN-SYN0001741,CASE-CUS-00036,FALSE,NORMAL,NONE,EASY,NONE,,Normal pattern,None,ALLOW,20260928,v1
TXN-SYN0001742,CASE-CUS-00089,FALSE,NORMAL,NONE,EASY,NONE,,Normal pattern,Counter evidence reduced score,ALLOW,20260928,v1
TXN-SYN0001743,CASE-CUS-00116,FALSE,NORMAL,NONE,EASY,NONE,,Normal pattern,Counter evidence reduced score,ALLOW,20260928,v1
TXN-SYN0001744,CASE-CUS-00083,FALSE,NORMAL,NONE,EASY,NONE,,Normal pattern,Counter evidence reduced score,ALLOW,20260928,v1
TXN-SYN0001745,CASE-CUS-00055,FALSE,NORMAL,NONE,EASY,NONE,,Normal pattern,None,ALLOW,20260928,v1
TXN-SYN0001746,CASE-CUS-00048,FALSE,NORMAL,NONE,EASY,NONE,,Normal pattern,None,ALLOW,20260928,v1
TXN-SYN0001747,CASE-CUS-00078,FALSE,NORMAL,NONE,EASY,NONE,,Normal pattern,Counter evidence reduced score,ALLOW,20260928,v1
TXN-SYN0001748,CASE-CUS-00046,FALSE,NORMAL,NONE,EASY,NONE,,Normal pattern,None,ALLOW,20260928,v1
TXN-SYN0001749,CASE-CUS-00046,FALSE,NORMAL,NONE,EASY,NONE,,Normal pattern,Counter evidence reduced score,ALLOW,20260928,v1
TXN-SYN0001750,CASE-CUS-00008,FALSE,NORMAL,NONE,EASY,NONE,,Normal pattern,None,ALLOW,20260928,v1
TXN-SYN0001751,CASE-CUS-00024,FALSE,NORMAL,NONE,EASY,NONE,,Normal pattern,Counter evidence reduced score,ALLOW,20260928,v1
TXN-SYN0001752,CASE-CUS-00025,FALSE,NORMAL,NONE,EASY,NONE,,Normal pattern,Counter evidence reduced score,ALLOW,20260928,v1
TXN-SYN0001753,CASE-CUS-00016,FALSE,BENIGN_ANOMALY,NONE,EASY,NONE,,Normal pattern,None,MONITOR,20260928,v1
TXN-SYN0001754,CASE-CUS-00081,FALSE,BENIGN_ANOMALY,NONE,EASY,NONE,,Normal pattern,Counter evidence reduced score,MONITOR,20260928,v1
TXN-SYN0001755,CASE-CUS-00008,FALSE,NORMAL,NONE,EASY,NONE,,Normal pattern,None,ALLOW,20260928,v1
TXN-SYN0001756,CASE-CUS-00021,FALSE,NORMAL,NONE,EASY,NONE,,Normal pattern,None,ALLOW,20260928,v1
TXN-SYN0001757,CASE-CUS-00064,FALSE,NORMAL,NONE,EASY,NONE,,Normal pattern,None,ALLOW,20260928,v1
TXN-SYN0001758,CASE-CUS-00052,FALSE,NORMAL,NONE,EASY,NONE,,Normal pattern,None,ALLOW,20260928,v1
TXN-SYN0001759,CASE-CUS-00098,FALSE,NORMAL,NONE,EASY,NONE,,Normal pattern,None,ALLOW,20260928,v1
TXN-SYN0001760,CASE-CUS-00082,FALSE,BENIGN_ANOMALY,NONE,EASY,NONE,,Normal pattern,Counter evidence reduced score,MONITOR,20260928,v1
TXN-SYN0001761,CASE-CUS-00082,FALSE,NORMAL,NONE,EASY,NONE,,Normal pattern,Counter evidence reduced score,MONITOR,20260928,v1
TXN-SYN0001762,CASE-CUS-00038,FALSE,NORMAL,NONE,EASY,NONE,,Normal pattern,Counter evidence reduced score,ALLOW,20260928,v1
TXN-SYN0001763,CASE-CUS-00096,FALSE,NORMAL,NONE,EASY,NONE,,Normal pattern,None,ALLOW,20260928,v1
TXN-SYN0001764,CASE-CUS-00020,FALSE,NORMAL,NONE,EASY,NONE,,Normal pattern,None,ALLOW,20260928,v1
TXN-SYN0001765,CASE-CUS-00065,FALSE,NORMAL,NONE,EASY,NONE,,Normal pattern,Counter evidence reduced score,ALLOW,20260928,v1
TXN-SYN0001766,CASE-CUS-00058,FALSE,NORMAL,NONE,EASY,NONE,,Normal pattern,None,ALLOW,20260928,v1
TXN-SYN0001767,CASE-CUS-00021,FALSE,NORMAL,NONE,EASY,NONE,,Normal pattern,None,ALLOW,20260928,v1
TXN-SYN0001768,CASE-CUS-00021,FALSE,NORMAL,NONE,EASY,NONE,,Normal pattern,None,ALLOW,20260928,v1
TXN-SYN0001769,CASE-CUS-00067,FALSE,NORMAL,NONE,EASY,NONE,,Normal pattern,Counter evidence reduced score,ALLOW,20260928,v1
TXN-SYN0001770,CASE-CUS-00119,FALSE,NORMAL,NONE,EASY,NONE,,Normal pattern,Counter evidence reduced score,ALLOW,20260928,v1
TXN-SYN0001771,CASE-CUS-00101,FALSE,NORMAL,NONE,EASY,NONE,,Normal pattern,Counter evidence reduced score,ALLOW,20260928,v1
TXN-SYN0001772,CASE-CUS-00101,FALSE,NORMAL,NONE,EASY,NONE,,Normal pattern,None,ALLOW,20260928,v1
TXN-SYN0001773,CASE-CUS-00081,FALSE,NORMAL,NONE,EASY,NONE,,Normal pattern,Counter evidence reduced score,ALLOW,20260928,v1
TXN-SYN0001774,CASE-CUS-00060,FALSE,NORMAL,NONE,EASY,NONE,,Normal pattern,Counter evidence reduced score,ALLOW,20260928,v1
TXN-SYN0001775,CASE-CUS-00003,FALSE,NORMAL,NONE,EASY,NONE,,Normal pattern,None,ALLOW,20260928,v1
TXN-SYN0001776,CASE-CUS-00003,FALSE,NORMAL,NONE,EASY,NONE,,Normal pattern,None,ALLOW,20260928,v1
TXN-SYN0001777,CASE-CUS-00006,FALSE,NORMAL,NONE,EASY,NONE,,Normal pattern,None,ALLOW,20260928,v1
TXN-SYN0001778,CASE-CUS-00080,FALSE,NORMAL,NONE,EASY,NONE,,Normal pattern,Counter evidence reduced score,ALLOW,20260928,v1
TXN-SYN0001779,CASE-CUS-00014,FALSE,NORMAL,NONE,EASY,NONE,,Normal pattern,None,ALLOW,20260928,v1
TXN-SYN0001780,CASE-CUS-00014,FALSE,NORMAL,NONE,EASY,NONE,,Normal pattern,None,ALLOW,20260928,v1
TXN-SYN0001781,CASE-CUS-00018,FALSE,NORMAL,NONE,EASY,NONE,,Normal pattern,None,ALLOW,20260928,v1
TXN-SYN0001782,CASE-CUS-00042,FALSE,NORMAL,NONE,EASY,NONE,,Normal pattern,None,ALLOW,20260928,v1
TXN-SYN0001783,CASE-CUS-00064,FALSE,NORMAL,NONE,EASY,NONE,,Normal pattern,None,ALLOW,20260928,v1
TXN-SYN0001784,CASE-CUS-00105,FALSE,NORMAL,NONE,EASY,NONE,,Normal pattern,None,ALLOW,20260928,v1
TXN-SYN0001785,CASE-CUS-00105,FALSE,NORMAL,NONE,EASY,NONE,,Normal pattern,None,ALLOW,20260928,v1
TXN-SYN0001786,CASE-CUS-00107,FALSE,NORMAL,NONE,EASY,NONE,,Normal pattern,None,MONITOR,20260928,v1
TXN-SYN0001787,CASE-000034,TRUE,FRAUD,MULE_BENEFICIARY,MEDIUM,amount|device_id|login_failures_30m,FR-14|FR-03|FR-01,Ground truth injected MULE_BENEFICIARY,None,ESCALATE,20260928,v1
TXN-SYN0001788,CASE-CUS-00103,FALSE,BENIGN_ANOMALY,NONE,EASY,NONE,,Normal pattern,None,MONITOR,20260928,v1
TXN-SYN0001789,CASE-CUS-00044,FALSE,NORMAL,NONE,EASY,NONE,,Normal pattern,None,ALLOW,20260928,v1
TXN-SYN0001790,CASE-CUS-00009,FALSE,NORMAL,NONE,EASY,NONE,,Normal pattern,None,ALLOW,20260928,v1
TXN-SYN0001791,CASE-CUS-00039,FALSE,NORMAL,NONE,EASY,NONE,,Normal pattern,None,ALLOW,20260928,v1
TXN-SYN0001792,CASE-CUS-00009,FALSE,NORMAL,NONE,EASY,NONE,,Normal pattern,None,ALLOW,20260928,v1
TXN-SYN0001793,CASE-000034,TRUE,FRAUD,MULE_BENEFICIARY,MEDIUM,amount|device_id|login_failures_30m,FR-14|FR-03|FR-01,Ground truth injected MULE_BENEFICIARY,None,ESCALATE,20260928,v1
TXN-SYN0001794,CASE-CUS-00011,FALSE,BENIGN_ANOMALY,NONE,EASY,NONE,,Normal pattern,None,MONITOR,20260928,v1
TXN-SYN0001795,CASE-CUS-00042,FALSE,NORMAL,NONE,EASY,NONE,,Normal pattern,None,ALLOW,20260928,v1
TXN-SYN0001796,CASE-CUS-00034,FALSE,NORMAL,NONE,EASY,NONE,,Normal pattern,None,ALLOW,20260928,v1
TXN-SYN0001797,CASE-000034,TRUE,FRAUD,MULE_BENEFICIARY,MEDIUM,amount|device_id|login_failures_30m,FR-14|FR-03|FR-01,Ground truth injected MULE_BENEFICIARY,None,ESCALATE,20260928,v1
TXN-SYN0001798,CASE-CUS-00047,FALSE,BENIGN_ANOMALY,NONE,EASY,NONE,,Normal pattern,None,MONITOR,20260928,v1
TXN-SYN0001799,CASE-CUS-00052,FALSE,BENIGN_ANOMALY,NONE,EASY,NONE,,Normal pattern,None,MONITOR,20260928,v1
TXN-SYN0001800,CASE-CUS-00004,FALSE,BENIGN_ANOMALY,NONE,EASY,NONE,,Normal pattern,None,MONITOR,20260928,v1
TXN-SYN0001801,CASE-CUS-00080,FALSE,BENIGN_ANOMALY,NONE,EASY,NONE,,Normal pattern,Counter evidence reduced score,MONITOR,20260928,v1
TXN-SYN0001802,CASE-CUS-00038,FALSE,NORMAL,NONE,EASY,NONE,,Normal pattern,Counter evidence reduced score,ALLOW,20260928,v1
TXN-SYN0001803,CASE-CUS-00069,FALSE,NORMAL,NONE,EASY,NONE,,Normal pattern,Counter evidence reduced score,ALLOW,20260928,v1
TXN-SYN0001804,CASE-CUS-00037,FALSE,NORMAL,NONE,EASY,NONE,,Normal pattern,None,ALLOW,20260928,v1
TXN-SYN0001805,CASE-CUS-00006,FALSE,NORMAL,NONE,EASY,NONE,,Normal pattern,Counter evidence reduced score,ALLOW,20260928,v1
TXN-SYN0001806,CASE-CUS-00080,FALSE,NORMAL,NONE,EASY,NONE,,Normal pattern,Counter evidence reduced score,ALLOW,20260928,v1
TXN-SYN0001807,CASE-CUS-00081,FALSE,NORMAL,NONE,EASY,NONE,,Normal pattern,Counter evidence reduced score,ALLOW,20260928,v1
TXN-SYN0001808,CASE-CUS-00049,FALSE,NORMAL,NONE,EASY,NONE,,Normal pattern,None,ALLOW,20260928,v1
TXN-SYN0001809,CASE-CUS-00053,FALSE,NORMAL,NONE,EASY,NONE,,Normal pattern,None,ALLOW,20260928,v1
TXN-SYN0001810,CASE-CUS-00013,FALSE,NORMAL,NONE,EASY,NONE,,Normal pattern,Counter evidence reduced score,ALLOW,20260928,v1
TXN-SYN0001811,CASE-CUS-00081,FALSE,NORMAL,NONE,EASY,NONE,,Normal pattern,Counter evidence reduced score,ALLOW,20260928,v1
TXN-SYN0001812,CASE-CUS-00082,FALSE,NORMAL,NONE,EASY,NONE,,Normal pattern,Counter evidence reduced score,ALLOW,20260928,v1
TXN-SYN0001813,CASE-CUS-00068,FALSE,NORMAL,NONE,EASY,NONE,,Normal pattern,Counter evidence reduced score,ALLOW,20260928,v1
TXN-SYN0001814,CASE-CUS-00109,FALSE,NORMAL,NONE,EASY,NONE,,Normal pattern,Counter evidence reduced score,ALLOW,20260928,v1
TXN-SYN0001815,CASE-CUS-00068,FALSE,NORMAL,NONE,EASY,NONE,,Normal pattern,Counter evidence reduced score,ALLOW,20260928,v1
TXN-SYN0001816,CASE-CUS-00105,FALSE,NORMAL,NONE,EASY,NONE,,Normal pattern,None,ALLOW,20260928,v1
TXN-SYN0001817,CASE-CUS-00116,FALSE,NORMAL,NONE,EASY,NONE,,Normal pattern,Counter evidence reduced score,ALLOW,20260928,v1
TXN-SYN0001818,CASE-CUS-00011,FALSE,NORMAL,NONE,EASY,NONE,,Normal pattern,None,ALLOW,20260928,v1
TXN-SYN0001819,CASE-CUS-00115,FALSE,NORMAL,NONE,EASY,NONE,,Normal pattern,Counter evidence reduced score,ALLOW,20260928,v1
TXN-SYN0001820,CASE-CUS-00054,FALSE,NORMAL,NONE,EASY,NONE,,Normal pattern,None,ALLOW,20260928,v1
TXN-SYN0001821,CASE-CUS-00069,FALSE,NORMAL,NONE,EASY,NONE,,Normal pattern,None,ALLOW,20260928,v1
TXN-SYN0001822,CASE-CUS-00063,FALSE,NORMAL,NONE,EASY,NONE,,Normal pattern,Counter evidence reduced score,ALLOW,20260928,v1
TXN-SYN0001823,CASE-CUS-00007,FALSE,NORMAL,NONE,EASY,NONE,,Normal pattern,Counter evidence reduced score,ALLOW,20260928,v1
TXN-SYN0001824,CASE-000048,TRUE,FRAUD,CREDENTIAL_RESET_ABUSE,MEDIUM,amount|device_id|login_failures_30m,FR-06|FR-04|FR-18|FR-01,Ground truth injected CREDENTIAL_RESET_ABUSE,None,ESCALATE,20260928,v1
TXN-SYN0001825,CASE-000048,TRUE,FRAUD,CREDENTIAL_RESET_ABUSE,MEDIUM,amount|device_id|login_failures_30m,FR-06|FR-04|FR-18|FR-01,Ground truth injected CREDENTIAL_RESET_ABUSE,None,ESCALATE,20260928,v1
TXN-SYN0001826,CASE-CUS-00057,FALSE,BENIGN_ANOMALY,NONE,EASY,NONE,,Normal pattern,None,MONITOR,20260928,v1
TXN-SYN0001827,CASE-CUS-00068,FALSE,NORMAL,NONE,EASY,NONE,,Normal pattern,Counter evidence reduced score,ALLOW,20260928,v1
TXN-SYN0001828,CASE-CUS-00052,FALSE,NORMAL,NONE,EASY,NONE,,Normal pattern,None,ALLOW,20260928,v1
TXN-SYN0001829,CASE-CUS-00008,FALSE,NORMAL,NONE,EASY,NONE,,Normal pattern,None,ALLOW,20260928,v1
TXN-SYN0001830,CASE-CUS-00120,FALSE,NORMAL,NONE,EASY,NONE,,Normal pattern,Counter evidence reduced score,ALLOW,20260928,v1
TXN-SYN0001831,CASE-CUS-00078,FALSE,NORMAL,NONE,EASY,NONE,,Normal pattern,Counter evidence reduced score,ALLOW,20260928,v1
TXN-SYN0001832,CASE-000006,TRUE,FRAUD,ACCOUNT_TAKEOVER,MEDIUM,amount|device_id|login_failures_30m,FR-01|FR-02|FR-03|FR-04|FR-05|FR-06|FR-07|FR-12|FR-17|FR-18,Ground truth injected ACCOUNT_TAKEOVER,None,ESCALATE,20260928,v1
TXN-SYN0001833,CASE-000006,TRUE,FRAUD,ACCOUNT_TAKEOVER,MEDIUM,amount|device_id|login_failures_30m,FR-01|FR-02|FR-03|FR-04|FR-05|FR-06|FR-07|FR-12|FR-17|FR-18,Ground truth injected ACCOUNT_TAKEOVER,None,ESCALATE,20260928,v1
TXN-SYN0001834,CASE-000006,TRUE,FRAUD,ACCOUNT_TAKEOVER,MEDIUM,amount|device_id|login_failures_30m,FR-01|FR-02|FR-03|FR-04|FR-05|FR-06|FR-07|FR-12|FR-17|FR-18,Ground truth injected ACCOUNT_TAKEOVER,None,ESCALATE,20260928,v1
TXN-SYN0001835,CASE-CUS-00057,FALSE,NORMAL,NONE,EASY,NONE,,Normal pattern,None,ALLOW,20260928,v1
TXN-SYN0001836,CASE-CUS-00014,FALSE,NORMAL,NONE,EASY,NONE,,Normal pattern,None,ALLOW,20260928,v1
TXN-SYN0001837,CASE-CUS-00112,FALSE,NORMAL,NONE,EASY,NONE,,Normal pattern,Counter evidence reduced score,ALLOW,20260928,v1
TXN-SYN0001838,CASE-CUS-00076,FALSE,NORMAL,NONE,EASY,NONE,,Normal pattern,Counter evidence reduced score,ALLOW,20260928,v1
TXN-SYN0001839,CASE-CUS-00069,FALSE,NORMAL,NONE,EASY,NONE,,Normal pattern,Counter evidence reduced score,ALLOW,20260928,v1
TXN-SYN0001840,CASE-CUS-00085,FALSE,NORMAL,NONE,EASY,NONE,,Normal pattern,Counter evidence reduced score,ALLOW,20260928,v1
TXN-SYN0001841,CASE-CUS-00027,FALSE,NORMAL,NONE,EASY,NONE,,Normal pattern,Counter evidence reduced score,ALLOW,20260928,v1
TXN-SYN0001842,CASE-CUS-00018,FALSE,NORMAL,NONE,EASY,NONE,,Normal pattern,None,ALLOW,20260928,v1
TXN-SYN0001843,CASE-CUS-00116,FALSE,NORMAL,NONE,EASY,NONE,,Normal pattern,Counter evidence reduced score,ALLOW,20260928,v1
TXN-SYN0001844,CASE-CUS-00108,FALSE,NORMAL,NONE,EASY,NONE,,Normal pattern,None,ALLOW,20260928,v1
TXN-SYN0001845,CASE-CUS-00077,FALSE,NORMAL,NONE,EASY,NONE,,Normal pattern,Counter evidence reduced score,ALLOW,20260928,v1
TXN-SYN0001846,CASE-CUS-00117,FALSE,NORMAL,NONE,EASY,NONE,,Normal pattern,Counter evidence reduced score,ALLOW,20260928,v1
TXN-SYN0001847,CASE-CUS-00034,FALSE,NORMAL,NONE,EASY,NONE,,Normal pattern,None,ALLOW,20260928,v1
TXN-SYN0001848,CASE-CUS-00026,FALSE,NORMAL,NONE,EASY,NONE,,Normal pattern,None,ALLOW,20260928,v1
TXN-SYN0001849,CASE-CUS-00063,FALSE,BENIGN_ANOMALY,NONE,EASY,NONE,,Normal pattern,None,MONITOR,20260928,v1
TXN-SYN0001850,CASE-CUS-00062,FALSE,NORMAL,NONE,EASY,NONE,,Normal pattern,Counter evidence reduced score,ALLOW,20260928,v1
TXN-SYN0001851,CASE-CUS-00028,FALSE,NORMAL,NONE,EASY,NONE,,Normal pattern,None,ALLOW,20260928,v1
TXN-SYN0001852,CASE-CUS-00047,FALSE,NORMAL,NONE,EASY,NONE,,Normal pattern,None,ALLOW,20260928,v1
TXN-SYN0001853,CASE-CUS-00013,FALSE,NORMAL,NONE,EASY,NONE,,Normal pattern,None,ALLOW,20260928,v1
TXN-SYN0001854,CASE-CUS-00046,FALSE,NORMAL,NONE,EASY,NONE,,Normal pattern,None,ALLOW,20260928,v1
TXN-SYN0001855,CASE-CUS-00041,FALSE,BENIGN_ANOMALY,NONE,EASY,NONE,,Normal pattern,None,MONITOR,20260928,v1
TXN-SYN0001856,CASE-CUS-00113,FALSE,NORMAL,NONE,EASY,NONE,,Normal pattern,Counter evidence reduced score,ALLOW,20260928,v1
TXN-SYN0001857,CASE-CUS-00068,FALSE,NORMAL,NONE,EASY,NONE,,Normal pattern,Counter evidence reduced score,ALLOW,20260928,v1
TXN-SYN0001858,CASE-000064,TRUE,FRAUD,CROSS_BORDER_ANOMALY,MEDIUM,amount|device_id|login_failures_30m,FR-19|FR-03|FR-11|FR-12|FR-01,Ground truth injected CROSS_BORDER_ANOMALY,None,ESCALATE,20260928,v1
TXN-SYN0001859,CASE-CUS-00023,FALSE,BENIGN_ANOMALY,NONE,EASY,NONE,,Normal pattern,None,MONITOR,20260928,v1
TXN-SYN0001860,CASE-CUS-00072,FALSE,BENIGN_ANOMALY,NONE,EASY,NONE,,Normal pattern,None,MONITOR,20260928,v1
TXN-SYN0001861,CASE-CUS-00079,FALSE,BENIGN_ANOMALY,NONE,EASY,NONE,,Normal pattern,Counter evidence reduced score,MONITOR,20260928,v1
TXN-SYN0001862,CASE-CUS-00080,FALSE,BENIGN_ANOMALY,NONE,EASY,NONE,,Normal pattern,Counter evidence reduced score,MONITOR,20260928,v1
TXN-SYN0001863,CASE-CUS-00037,FALSE,NORMAL,NONE,EASY,NONE,,Normal pattern,None,ALLOW,20260928,v1
TXN-SYN0001864,CASE-CUS-00065,FALSE,NORMAL,NONE,EASY,NONE,,Normal pattern,Counter evidence reduced score,ALLOW,20260928,v1
TXN-SYN0001865,CASE-000029,TRUE,FRAUD,IMPOSSIBLE_TRAVEL,MEDIUM,amount|device_id|login_failures_30m,FR-10|FR-11|FR-01,Ground truth injected IMPOSSIBLE_TRAVEL,None,ESCALATE,20260928,v1
TXN-SYN0001866,CASE-000027,TRUE,FRAUD,IMPOSSIBLE_TRAVEL,MEDIUM,amount|device_id|login_failures_30m,FR-10|FR-11|FR-01,Ground truth injected IMPOSSIBLE_TRAVEL,None,ESCALATE,20260928,v1
TXN-SYN0001867,CASE-CUS-00001,FALSE,NORMAL,NONE,EASY,NONE,,Normal pattern,None,ALLOW,20260928,v1
TXN-SYN0001868,CASE-CUS-00031,FALSE,NORMAL,NONE,EASY,NONE,,Normal pattern,Counter evidence reduced score,ALLOW,20260928,v1
TXN-SYN0001869,CASE-CUS-00005,FALSE,NORMAL,NONE,EASY,NONE,,Normal pattern,Counter evidence reduced score,ALLOW,20260928,v1
TXN-SYN0001870,CASE-CUS-00004,FALSE,NORMAL,NONE,EASY,NONE,,Normal pattern,Counter evidence reduced score,ALLOW,20260928,v1
TXN-SYN0001871,CASE-CUS-00010,FALSE,NORMAL,NONE,EASY,NONE,,Normal pattern,None,ALLOW,20260928,v1
TXN-SYN0001872,CASE-CUS-00097,FALSE,NORMAL,NONE,EASY,NONE,,Normal pattern,None,ALLOW,20260928,v1
TXN-SYN0001873,CASE-000037,TRUE,FRAUD,CARD_NOT_PRESENT,MEDIUM,amount|device_id|login_failures_30m,FR-15|FR-11|FR-12|FR-16|FR-01,Ground truth injected CARD_NOT_PRESENT,None,ESCALATE,20260928,v1
TXN-SYN0001874,CASE-000037,TRUE,FRAUD,CARD_NOT_PRESENT,MEDIUM,amount|device_id|login_failures_30m,FR-15|FR-11|FR-12|FR-16|FR-01,Ground truth injected CARD_NOT_PRESENT,None,ESCALATE,20260928,v1
TXN-SYN0001875,CASE-CUS-00093,FALSE,NORMAL,NONE,EASY,NONE,,Normal pattern,None,ALLOW,20260928,v1
TXN-SYN0001876,CASE-CUS-00048,FALSE,NORMAL,NONE,EASY,NONE,,Normal pattern,Counter evidence reduced score,ALLOW,20260928,v1
TXN-SYN0001877,CASE-CUS-00087,FALSE,NORMAL,NONE,EASY,NONE,,Normal pattern,None,ALLOW,20260928,v1
TXN-SYN0001878,CASE-CUS-00059,FALSE,NORMAL,NONE,EASY,NONE,,Normal pattern,None,ALLOW,20260928,v1
TXN-SYN0001879,CASE-CUS-00108,FALSE,NORMAL,NONE,EASY,NONE,,Normal pattern,Counter evidence reduced score,ALLOW,20260928,v1
TXN-SYN0001880,CASE-CUS-00095,FALSE,NORMAL,NONE,EASY,NONE,,Normal pattern,None,ALLOW,20260928,v1
TXN-SYN0001881,CASE-CUS-00029,FALSE,NORMAL,NONE,EASY,NONE,,Normal pattern,Counter evidence reduced score,ALLOW,20260928,v1
TXN-SYN0001882,CASE-CUS-00029,FALSE,NORMAL,NONE,EASY,NONE,,Normal pattern,Counter evidence reduced score,ALLOW,20260928,v1
TXN-SYN0001883,CASE-CUS-00017,FALSE,NORMAL,NONE,EASY,NONE,,Normal pattern,None,ALLOW,20260928,v1
TXN-SYN0001884,CASE-CUS-00075,FALSE,NORMAL,NONE,EASY,NONE,,Normal pattern,None,ALLOW,20260928,v1
TXN-SYN0001885,CASE-CUS-00090,FALSE,NORMAL,NONE,EASY,NONE,,Normal pattern,None,ALLOW,20260928,v1
TXN-SYN0001886,CASE-CUS-00029,FALSE,NORMAL,NONE,EASY,NONE,,Normal pattern,Counter evidence reduced score,ALLOW,20260928,v1
TXN-SYN0001887,CASE-CUS-00016,FALSE,BENIGN_ANOMALY,NONE,EASY,NONE,,Normal pattern,None,MONITOR,20260928,v1
TXN-SYN0001888,CASE-CUS-00037,FALSE,NORMAL,NONE,EASY,NONE,,Normal pattern,Counter evidence reduced score,ALLOW,20260928,v1
TXN-SYN0001889,CASE-CUS-00040,FALSE,NORMAL,NONE,EASY,NONE,,Normal pattern,Counter evidence reduced score,ALLOW,20260928,v1
TXN-SYN0001890,CASE-CUS-00103,FALSE,NORMAL,NONE,EASY,NONE,,Normal pattern,None,ALLOW,20260928,v1
TXN-SYN0001891,CASE-CUS-00002,FALSE,BENIGN_ANOMALY,NONE,EASY,NONE,,Normal pattern,None,MONITOR,20260928,v1
TXN-SYN0001892,CASE-CUS-00017,FALSE,NORMAL,NONE,EASY,NONE,,Normal pattern,None,ALLOW,20260928,v1
TXN-SYN0001893,CASE-CUS-00048,FALSE,NORMAL,NONE,EASY,NONE,,Normal pattern,None,ALLOW,20260928,v1
TXN-SYN0001894,CASE-CUS-00100,FALSE,NORMAL,NONE,EASY,NONE,,Normal pattern,None,ALLOW,20260928,v1
TXN-SYN0001895,CASE-CUS-00087,FALSE,NORMAL,NONE,EASY,NONE,,Normal pattern,None,ALLOW,20260928,v1
TXN-SYN0001896,CASE-000031,TRUE,FRAUD,IMPOSSIBLE_TRAVEL,MEDIUM,amount|device_id|login_failures_30m,FR-10|FR-11|FR-01,Ground truth injected IMPOSSIBLE_TRAVEL,None,ESCALATE,20260928,v1
TXN-SYN0001897,CASE-000024,FALSE,NORMAL,NONE,EASY,NONE,FR-08|FR-09|FR-01,Normal pattern,None,MONITOR,20260928,v1
TXN-SYN0001898,CASE-000024,FALSE,NORMAL,NONE,EASY,NONE,FR-08|FR-09|FR-01,Normal pattern,None,MONITOR,20260928,v1
TXN-SYN0001899,CASE-000024,FALSE,NORMAL,NONE,EASY,NONE,FR-08|FR-09|FR-01,Normal pattern,None,MONITOR,20260928,v1
TXN-SYN0001900,CASE-000024,TRUE,FRAUD,VELOCITY_BURST,MEDIUM,amount|device_id|login_failures_30m,FR-08|FR-09|FR-01,Ground truth injected VELOCITY_BURST,None,ESCALATE,20260928,v1
TXN-SYN0001901,CASE-000024,TRUE,FRAUD,VELOCITY_BURST,MEDIUM,amount|device_id|login_failures_30m,FR-08|FR-09|FR-01,Ground truth injected VELOCITY_BURST,None,ESCALATE,20260928,v1
TXN-SYN0001902,CASE-CUS-00040,FALSE,NORMAL,NONE,EASY,NONE,,Normal pattern,None,ALLOW,20260928,v1
TXN-SYN0001903,CASE-CUS-00038,FALSE,NORMAL,NONE,EASY,NONE,,Normal pattern,None,ALLOW,20260928,v1
TXN-SYN0001904,CASE-CUS-00119,FALSE,NORMAL,NONE,EASY,NONE,,Normal pattern,Counter evidence reduced score,ALLOW,20260928,v1
TXN-SYN0001905,CASE-CUS-00120,FALSE,NORMAL,NONE,EASY,NONE,,Normal pattern,Counter evidence reduced score,ALLOW,20260928,v1
TXN-SYN0001906,CASE-CUS-00094,FALSE,NORMAL,NONE,EASY,NONE,,Normal pattern,Counter evidence reduced score,ALLOW,20260928,v1
TXN-SYN0001907,CASE-CUS-00103,FALSE,NORMAL,NONE,EASY,NONE,,Normal pattern,None,ALLOW,20260928,v1
TXN-SYN0001908,CASE-CUS-00013,FALSE,NORMAL,NONE,EASY,NONE,,Normal pattern,None,ALLOW,20260928,v1
TXN-SYN0001909,CASE-000039,TRUE,FRAUD,CARD_NOT_PRESENT,MEDIUM,amount|device_id|login_failures_30m,FR-15|FR-11|FR-12|FR-16|FR-01,Ground truth injected CARD_NOT_PRESENT,None,ESCALATE,20260928,v1
TXN-SYN0001910,CASE-000039,TRUE,FRAUD,CARD_NOT_PRESENT,MEDIUM,amount|device_id|login_failures_30m,FR-15|FR-11|FR-12|FR-16|FR-01,Ground truth injected CARD_NOT_PRESENT,None,ESCALATE,20260928,v1
TXN-SYN0001911,CASE-CUS-00097,FALSE,NORMAL,NONE,EASY,NONE,,Normal pattern,None,ALLOW,20260928,v1
TXN-SYN0001912,CASE-CUS-00095,FALSE,NORMAL,NONE,EASY,NONE,,Normal pattern,Counter evidence reduced score,ALLOW,20260928,v1
TXN-SYN0001913,CASE-CUS-00093,FALSE,NORMAL,NONE,EASY,NONE,,Normal pattern,None,ALLOW,20260928,v1
TXN-SYN0001914,CASE-CUS-00009,FALSE,NORMAL,NONE,EASY,NONE,,Normal pattern,None,ALLOW,20260928,v1
TXN-SYN0001915,CASE-CUS-00090,FALSE,NORMAL,NONE,EASY,NONE,,Normal pattern,None,ALLOW,20260928,v1
TXN-SYN0001916,CASE-CUS-00093,FALSE,NORMAL,NONE,EASY,NONE,,Normal pattern,None,ALLOW,20260928,v1
TXN-SYN0001917,CASE-CUS-00066,FALSE,NORMAL,NONE,EASY,NONE,,Normal pattern,Counter evidence reduced score,ALLOW,20260928,v1
TXN-SYN0001918,CASE-CUS-00007,FALSE,NORMAL,NONE,EASY,NONE,,Normal pattern,None,ALLOW,20260928,v1
TXN-SYN0001919,CASE-CUS-00009,FALSE,NORMAL,NONE,EASY,NONE,,Normal pattern,None,ALLOW,20260928,v1
TXN-SYN0001920,CASE-CUS-00062,FALSE,NORMAL,NONE,EASY,NONE,,Normal pattern,Counter evidence reduced score,ALLOW,20260928,v1
TXN-SYN0001921,CASE-CUS-00061,FALSE,NORMAL,NONE,EASY,NONE,,Normal pattern,Counter evidence reduced score,ALLOW,20260928,v1
TXN-SYN0001922,CASE-CUS-00095,FALSE,NORMAL,NONE,EASY,NONE,,Normal pattern,None,ALLOW,20260928,v1
TXN-SYN0001923,CASE-CUS-00049,FALSE,NORMAL,NONE,EASY,NONE,,Normal pattern,None,ALLOW,20260928,v1
TXN-SYN0001924,CASE-CUS-00061,FALSE,NORMAL,NONE,EASY,NONE,,Normal pattern,Counter evidence reduced score,ALLOW,20260928,v1
TXN-SYN0001925,CASE-CUS-00002,FALSE,NORMAL,NONE,EASY,NONE,,Normal pattern,Counter evidence reduced score,ALLOW,20260928,v1
TXN-SYN0001926,CASE-CUS-00024,FALSE,NORMAL,NONE,EASY,NONE,,Normal pattern,None,ALLOW,20260928,v1
TXN-SYN0001927,CASE-CUS-00058,FALSE,NORMAL,NONE,EASY,NONE,,Normal pattern,Counter evidence reduced score,ALLOW,20260928,v1
TXN-SYN0001928,CASE-CUS-00028,FALSE,NORMAL,NONE,EASY,NONE,,Normal pattern,None,ALLOW,20260928,v1
TXN-SYN0001929,CASE-CUS-00104,FALSE,NORMAL,NONE,EASY,NONE,,Normal pattern,None,ALLOW,20260928,v1
TXN-SYN0001930,CASE-CUS-00085,FALSE,NORMAL,NONE,EASY,NONE,,Normal pattern,Counter evidence reduced score,ALLOW,20260928,v1
TXN-SYN0001931,CASE-CUS-00035,FALSE,NORMAL,NONE,EASY,NONE,,Normal pattern,None,ALLOW,20260928,v1
TXN-SYN0001932,CASE-CUS-00073,FALSE,NORMAL,NONE,EASY,NONE,,Normal pattern,Counter evidence reduced score,ALLOW,20260928,v1
TXN-SYN0001933,CASE-CUS-00104,FALSE,NORMAL,NONE,EASY,NONE,,Normal pattern,Counter evidence reduced score,ALLOW,20260928,v1
TXN-SYN0001934,CASE-CUS-00052,FALSE,NORMAL,NONE,EASY,NONE,,Normal pattern,None,ALLOW,20260928,v1
TXN-SYN0001935,CASE-CUS-00073,FALSE,NORMAL,NONE,EASY,NONE,,Normal pattern,Counter evidence reduced score,ALLOW,20260928,v1
TXN-SYN0001936,CASE-CUS-00032,FALSE,NORMAL,NONE,EASY,NONE,,Normal pattern,Counter evidence reduced score,ALLOW,20260928,v1
TXN-SYN0001937,CASE-CUS-00058,FALSE,NORMAL,NONE,EASY,NONE,,Normal pattern,None,ALLOW,20260928,v1
TXN-SYN0001938,CASE-CUS-00083,FALSE,NORMAL,NONE,EASY,NONE,,Normal pattern,Counter evidence reduced score,ALLOW,20260928,v1
TXN-SYN0001939,CASE-CUS-00111,FALSE,NORMAL,NONE,EASY,NONE,,Normal pattern,Counter evidence reduced score,ALLOW,20260928,v1
TXN-SYN0001940,CASE-CUS-00005,FALSE,NORMAL,NONE,EASY,NONE,,Normal pattern,None,ALLOW,20260928,v1
TXN-SYN0001941,CASE-000064,TRUE,FRAUD,CROSS_BORDER_ANOMALY,MEDIUM,amount|device_id|login_failures_30m,FR-19|FR-03|FR-11|FR-12|FR-01,Ground truth injected CROSS_BORDER_ANOMALY,None,ESCALATE,20260928,v1
TXN-SYN0001942,CASE-CUS-00045,FALSE,NORMAL,NONE,EASY,NONE,,Normal pattern,None,ALLOW,20260928,v1
TXN-SYN0001943,CASE-CUS-00056,FALSE,NORMAL,NONE,EASY,NONE,,Normal pattern,None,ALLOW,20260928,v1
TXN-SYN0001944,CASE-CUS-00023,FALSE,NORMAL,NONE,EASY,NONE,,Normal pattern,None,ALLOW,20260928,v1
TXN-SYN0001945,CASE-CUS-00037,FALSE,NORMAL,NONE,EASY,NONE,,Normal pattern,Counter evidence reduced score,ALLOW,20260928,v1
TXN-SYN0001946,CASE-CUS-00002,FALSE,NORMAL,NONE,EASY,NONE,,Normal pattern,None,ALLOW,20260928,v1
TXN-SYN0001947,CASE-CUS-00091,FALSE,NORMAL,NONE,EASY,NONE,,Normal pattern,None,ALLOW,20260928,v1
TXN-SYN0001948,CASE-CUS-00006,FALSE,NORMAL,NONE,EASY,NONE,,Normal pattern,None,ALLOW,20260928,v1
TXN-SYN0001949,CASE-CUS-00099,FALSE,NORMAL,NONE,EASY,NONE,,Normal pattern,Counter evidence reduced score,ALLOW,20260928,v1
TXN-SYN0001950,CASE-CUS-00066,FALSE,NORMAL,NONE,EASY,NONE,,Normal pattern,Counter evidence reduced score,ALLOW,20260928,v1
TXN-SYN0001951,CASE-CUS-00072,FALSE,NORMAL,NONE,EASY,NONE,,Normal pattern,Counter evidence reduced score,ALLOW,20260928,v1
TXN-SYN0001952,CASE-CUS-00063,FALSE,NORMAL,NONE,EASY,NONE,,Normal pattern,Counter evidence reduced score,ALLOW,20260928,v1
TXN-SYN0001953,CASE-CUS-00074,FALSE,NORMAL,NONE,EASY,NONE,,Normal pattern,Counter evidence reduced score,ALLOW,20260928,v1
TXN-SYN0001954,CASE-CUS-00089,FALSE,NORMAL,NONE,EASY,NONE,,Normal pattern,Counter evidence reduced score,ALLOW,20260928,v1
TXN-SYN0001955,CASE-CUS-00079,FALSE,NORMAL,NONE,EASY,NONE,,Normal pattern,Counter evidence reduced score,ALLOW,20260928,v1
TXN-SYN0001956,CASE-CUS-00085,FALSE,NORMAL,NONE,EASY,NONE,,Normal pattern,None,ALLOW,20260928,v1
TXN-SYN0001957,CASE-CUS-00014,FALSE,NORMAL,NONE,EASY,NONE,,Normal pattern,None,ALLOW,20260928,v1
TXN-SYN0001958,CASE-CUS-00016,FALSE,NORMAL,NONE,EASY,NONE,,Normal pattern,None,ALLOW,20260928,v1
TXN-SYN0001959,CASE-CUS-00077,FALSE,NORMAL,NONE,EASY,NONE,,Normal pattern,Counter evidence reduced score,ALLOW,20260928,v1
TXN-SYN0001960,CASE-CUS-00036,FALSE,NORMAL,NONE,EASY,NONE,,Normal pattern,None,ALLOW,20260928,v1
TXN-SYN0001961,CASE-CUS-00081,FALSE,NORMAL,NONE,EASY,NONE,,Normal pattern,Counter evidence reduced score,ALLOW,20260928,v1
TXN-SYN0001962,CASE-CUS-00036,FALSE,NORMAL,NONE,EASY,NONE,,Normal pattern,None,ALLOW,20260928,v1
TXN-SYN0001963,CASE-CUS-00092,FALSE,BENIGN_ANOMALY,NONE,EASY,NONE,,Normal pattern,None,MONITOR,20260928,v1
TXN-SYN0001964,CASE-CUS-00006,FALSE,NORMAL,NONE,EASY,NONE,,Normal pattern,None,ALLOW,20260928,v1
TXN-SYN0001965,CASE-CUS-00071,FALSE,NORMAL,NONE,EASY,NONE,,Normal pattern,Counter evidence reduced score,ALLOW,20260928,v1
TXN-SYN0001966,CASE-CUS-00035,FALSE,BENIGN_ANOMALY,NONE,EASY,NONE,,Normal pattern,None,MONITOR,20260928,v1
TXN-SYN0001967,CASE-CUS-00095,FALSE,NORMAL,NONE,EASY,NONE,,Normal pattern,None,ALLOW,20260928,v1
TXN-SYN0001968,CASE-000032,TRUE,FRAUD,IMPOSSIBLE_TRAVEL,MEDIUM,amount|device_id|login_failures_30m,FR-10|FR-11|FR-01,Ground truth injected IMPOSSIBLE_TRAVEL,None,ESCALATE,20260928,v1
TXN-SYN0001969,CASE-CUS-00097,FALSE,NORMAL,NONE,EASY,NONE,,Normal pattern,None,ALLOW,20260928,v1
TXN-SYN0001970,CASE-CUS-00105,FALSE,NORMAL,NONE,EASY,NONE,,Normal pattern,None,ALLOW,20260928,v1
TXN-SYN0001971,CASE-CUS-00105,FALSE,NORMAL,NONE,EASY,NONE,,Normal pattern,None,ALLOW,20260928,v1
TXN-SYN0001972,CASE-CUS-00101,FALSE,NORMAL,NONE,EASY,NONE,,Normal pattern,None,ALLOW,20260928,v1
TXN-SYN0001973,CASE-CUS-00023,FALSE,NORMAL,NONE,EASY,NONE,,Normal pattern,None,ALLOW,20260928,v1
TXN-SYN0001974,CASE-CUS-00103,FALSE,NORMAL,NONE,EASY,NONE,,Normal pattern,Counter evidence reduced score,ALLOW,20260928,v1
TXN-SYN0001975,CASE-CUS-00058,FALSE,NORMAL,NONE,EASY,NONE,,Normal pattern,None,ALLOW,20260928,v1
TXN-SYN0001976,CASE-000038,TRUE,FRAUD,CARD_NOT_PRESENT,MEDIUM,amount|device_id|login_failures_30m,FR-15|FR-11|FR-12|FR-16|FR-01,Ground truth injected CARD_NOT_PRESENT,None,ESCALATE,20260928,v1
TXN-SYN0001977,CASE-000038,TRUE,FRAUD,CARD_NOT_PRESENT,MEDIUM,amount|device_id|login_failures_30m,FR-15|FR-11|FR-12|FR-16|FR-01,Ground truth injected CARD_NOT_PRESENT,None,ESCALATE,20260928,v1
TXN-SYN0001978,CASE-CUS-00031,FALSE,NORMAL,NONE,EASY,NONE,,Normal pattern,Counter evidence reduced score,ALLOW,20260928,v1
TXN-SYN0001979,CASE-CUS-00005,FALSE,NORMAL,NONE,EASY,NONE,,Normal pattern,None,ALLOW,20260928,v1
TXN-SYN0001980,CASE-CUS-00005,FALSE,NORMAL,NONE,EASY,NONE,,Normal pattern,None,ALLOW,20260928,v1
TXN-SYN0001981,CASE-CUS-00085,FALSE,NORMAL,NONE,EASY,NONE,,Normal pattern,None,ALLOW,20260928,v1
TXN-SYN0001982,CASE-CUS-00101,FALSE,NORMAL,NONE,EASY,NONE,,Normal pattern,None,ALLOW,20260928,v1
TXN-SYN0001983,CASE-CUS-00067,FALSE,NORMAL,NONE,EASY,NONE,,Normal pattern,None,ALLOW,20260928,v1
TXN-SYN0001984,CASE-CUS-00067,FALSE,NORMAL,NONE,EASY,NONE,,Normal pattern,None,ALLOW,20260928,v1
TXN-SYN0001985,CASE-CUS-00099,FALSE,NORMAL,NONE,EASY,NONE,,Normal pattern,None,ALLOW,20260928,v1
TXN-SYN0001986,CASE-CUS-00058,FALSE,NORMAL,NONE,EASY,NONE,,Normal pattern,None,ALLOW,20260928,v1
TXN-SYN0001987,CASE-CUS-00030,FALSE,NORMAL,NONE,EASY,NONE,,Normal pattern,None,ALLOW,20260928,v1
TXN-SYN0001988,CASE-CUS-00082,FALSE,NORMAL,NONE,EASY,NONE,,Normal pattern,Counter evidence reduced score,ALLOW,20260928,v1
TXN-SYN0001989,CASE-CUS-00066,FALSE,NORMAL,NONE,EASY,NONE,,Normal pattern,Counter evidence reduced score,ALLOW,20260928,v1
TXN-SYN0001990,CASE-CUS-00106,FALSE,NORMAL,NONE,EASY,NONE,,Normal pattern,None,ALLOW,20260928,v1
TXN-SYN0001991,CASE-000023,FALSE,NORMAL,NONE,EASY,NONE,FR-08|FR-09|FR-01,Normal pattern,None,ALLOW,20260928,v1
TXN-SYN0001992,CASE-000023,FALSE,NORMAL,NONE,EASY,NONE,FR-08|FR-09|FR-01,Normal pattern,None,ALLOW,20260928,v1
TXN-SYN0001993,CASE-000023,FALSE,NORMAL,NONE,EASY,NONE,FR-08|FR-09|FR-01,Normal pattern,None,ALLOW,20260928,v1
TXN-SYN0001994,CASE-000023,TRUE,FRAUD,VELOCITY_BURST,MEDIUM,amount|device_id|login_failures_30m,FR-08|FR-09|FR-01,Ground truth injected VELOCITY_BURST,None,ESCALATE,20260928,v1
TXN-SYN0001995,CASE-000023,FALSE,NORMAL,NONE,EASY,NONE,FR-08|FR-09|FR-01,Normal pattern,None,MONITOR,20260928,v1
TXN-SYN0001996,CASE-000023,TRUE,FRAUD,VELOCITY_BURST,MEDIUM,amount|device_id|login_failures_30m,FR-08|FR-09|FR-01,Ground truth injected VELOCITY_BURST,None,ESCALATE,20260928,v1
TXN-SYN0001997,CASE-CUS-00105,FALSE,NORMAL,NONE,EASY,NONE,,Normal pattern,Counter evidence reduced score,ALLOW,20260928,v1
TXN-SYN0001998,CASE-CUS-00063,FALSE,NORMAL,NONE,EASY,NONE,,Normal pattern,Counter evidence reduced score,ALLOW,20260928,v1
TXN-SYN0001999,CASE-CUS-00111,FALSE,NORMAL,NONE,EASY,NONE,,Normal pattern,Counter evidence reduced score,ALLOW,20260928,v1
TXN-SYN0002000,CASE-CUS-00069,FALSE,NORMAL,NONE,EASY,NONE,,Normal pattern,Counter evidence reduced score,ALLOW,20260928,v1
TXN-SYN0002001,CASE-CUS-00111,FALSE,NORMAL,NONE,EASY,NONE,,Normal pattern,Counter evidence reduced score,ALLOW,20260928,v1
TXN-SYN0002002,CASE-CUS-00115,FALSE,NORMAL,NONE,EASY,NONE,,Normal pattern,Counter evidence reduced score,ALLOW,20260928,v1
TXN-SYN0002003,CASE-CUS-00030,FALSE,NORMAL,NONE,EASY,NONE,,Normal pattern,Counter evidence reduced score,ALLOW,20260928,v1
TXN-SYN0002004,CASE-CUS-00030,FALSE,NORMAL,NONE,EASY,NONE,,Normal pattern,Counter evidence reduced score,ALLOW,20260928,v1
TXN-SYN0002005,CASE-CUS-00060,FALSE,BENIGN_ANOMALY,NONE,EASY,NONE,,Normal pattern,None,MONITOR,20260928,v1
TXN-SYN0002006,CASE-CUS-00079,FALSE,BENIGN_ANOMALY,NONE,EASY,NONE,,Normal pattern,Counter evidence reduced score,MONITOR,20260928,v1
TXN-SYN0002007,CASE-CUS-00079,FALSE,BENIGN_ANOMALY,NONE,EASY,NONE,,Normal pattern,Counter evidence reduced score,MONITOR,20260928,v1
TXN-SYN0002008,CASE-CUS-00080,FALSE,BENIGN_ANOMALY,NONE,EASY,NONE,,Normal pattern,Counter evidence reduced score,MONITOR,20260928,v1
TXN-SYN0002009,CASE-CUS-00066,FALSE,NORMAL,NONE,EASY,NONE,,Normal pattern,Counter evidence reduced score,ALLOW,20260928,v1
TXN-SYN0002010,CASE-CUS-00091,FALSE,NORMAL,NONE,EASY,NONE,,Normal pattern,Counter evidence reduced score,ALLOW,20260928,v1
TXN-SYN0002011,CASE-CUS-00048,FALSE,NORMAL,NONE,EASY,NONE,,Normal pattern,Counter evidence reduced score,ALLOW,20260928,v1
TXN-SYN0002012,CASE-CUS-00061,FALSE,NORMAL,NONE,EASY,NONE,,Normal pattern,Counter evidence reduced score,ALLOW,20260928,v1
TXN-SYN0002013,CASE-CUS-00034,FALSE,NORMAL,NONE,EASY,NONE,,Normal pattern,Counter evidence reduced score,ALLOW,20260928,v1
TXN-SYN0002014,CASE-CUS-00048,FALSE,NORMAL,NONE,EASY,NONE,,Normal pattern,Counter evidence reduced score,ALLOW,20260928,v1
TXN-SYN0002015,CASE-CUS-00017,FALSE,NORMAL,NONE,EASY,NONE,,Normal pattern,None,ALLOW,20260928,v1
TXN-SYN0002016,CASE-CUS-00119,FALSE,NORMAL,NONE,EASY,NONE,,Normal pattern,Counter evidence reduced score,ALLOW,20260928,v1
TXN-SYN0002017,CASE-CUS-00022,FALSE,NORMAL,NONE,EASY,NONE,,Normal pattern,None,ALLOW,20260928,v1
TXN-SYN0002018,CASE-CUS-00101,FALSE,NORMAL,NONE,EASY,NONE,,Normal pattern,None,ALLOW,20260928,v1
TXN-SYN0002019,CASE-CUS-00107,FALSE,NORMAL,NONE,EASY,NONE,,Normal pattern,None,ALLOW,20260928,v1
TXN-SYN0002020,CASE-CUS-00063,FALSE,NORMAL,NONE,EASY,NONE,,Normal pattern,Counter evidence reduced score,ALLOW,20260928,v1
TXN-SYN0002021,CASE-CUS-00047,FALSE,NORMAL,NONE,EASY,NONE,,Normal pattern,None,ALLOW,20260928,v1
TXN-SYN0002022,CASE-CUS-00046,FALSE,NORMAL,NONE,EASY,NONE,,Normal pattern,Counter evidence reduced score,ALLOW,20260928,v1
TXN-SYN0002023,CASE-CUS-00019,FALSE,NORMAL,NONE,EASY,NONE,,Normal pattern,None,ALLOW,20260928,v1
TXN-SYN0002024,CASE-CUS-00093,FALSE,NORMAL,NONE,EASY,NONE,,Normal pattern,None,ALLOW,20260928,v1
TXN-SYN0002025,CASE-CUS-00070,FALSE,NORMAL,NONE,EASY,NONE,,Normal pattern,Counter evidence reduced score,ALLOW,20260928,v1
TXN-SYN0002026,CASE-CUS-00021,FALSE,NORMAL,NONE,EASY,NONE,,Normal pattern,None,ALLOW,20260928,v1
TXN-SYN0002027,CASE-CUS-00031,FALSE,NORMAL,NONE,EASY,NONE,,Normal pattern,None,ALLOW,20260928,v1
TXN-SYN0002028,CASE-CUS-00040,FALSE,NORMAL,NONE,EASY,NONE,,Normal pattern,None,ALLOW,20260928,v1
TXN-SYN0002029,CASE-CUS-00098,FALSE,NORMAL,NONE,EASY,NONE,,Normal pattern,Counter evidence reduced score,ALLOW,20260928,v1
TXN-SYN0002030,CASE-CUS-00027,FALSE,NORMAL,NONE,EASY,NONE,,Normal pattern,None,ALLOW,20260928,v1
TXN-SYN0002031,CASE-CUS-00098,FALSE,NORMAL,NONE,EASY,NONE,,Normal pattern,Counter evidence reduced score,ALLOW,20260928,v1
TXN-SYN0002032,CASE-CUS-00080,FALSE,BENIGN_ANOMALY,NONE,EASY,NONE,,Normal pattern,Counter evidence reduced score,MONITOR,20260928,v1
TXN-SYN0002033,CASE-CUS-00051,FALSE,NORMAL,NONE,EASY,NONE,,Normal pattern,None,ALLOW,20260928,v1
TXN-SYN0002034,CASE-CUS-00002,FALSE,NORMAL,NONE,EASY,NONE,,Normal pattern,Counter evidence reduced score,ALLOW,20260928,v1
TXN-SYN0002035,CASE-CUS-00083,FALSE,BENIGN_ANOMALY,NONE,EASY,NONE,,Normal pattern,None,MONITOR,20260928,v1
TXN-SYN0002036,CASE-CUS-00114,FALSE,NORMAL,NONE,EASY,NONE,,Normal pattern,Counter evidence reduced score,ALLOW,20260928,v1
TXN-SYN0002037,CASE-CUS-00059,FALSE,NORMAL,NONE,EASY,NONE,,Normal pattern,Counter evidence reduced score,ALLOW,20260928,v1
TXN-SYN0002038,CASE-CUS-00071,FALSE,NORMAL,NONE,EASY,NONE,,Normal pattern,Counter evidence reduced score,ALLOW,20260928,v1
TXN-SYN0002039,CASE-CUS-00120,FALSE,NORMAL,NONE,EASY,NONE,,Normal pattern,Counter evidence reduced score,ALLOW,20260928,v1
TXN-SYN0002040,CASE-CUS-00081,FALSE,BENIGN_ANOMALY,NONE,EASY,NONE,,Normal pattern,Counter evidence reduced score,MONITOR,20260928,v1
TXN-SYN0002041,CASE-CUS-00065,FALSE,BENIGN_ANOMALY,NONE,EASY,NONE,,Normal pattern,None,MONITOR,20260928,v1
TXN-SYN0002042,CASE-CUS-00015,FALSE,NORMAL,NONE,EASY,NONE,,Normal pattern,Counter evidence reduced score,ALLOW,20260928,v1
TXN-SYN0002043,CASE-CUS-00029,FALSE,NORMAL,NONE,EASY,NONE,,Normal pattern,Counter evidence reduced score,ALLOW,20260928,v1
TXN-SYN0002044,CASE-CUS-00109,FALSE,NORMAL,NONE,EASY,NONE,,Normal pattern,Counter evidence reduced score,ALLOW,20260928,v1
TXN-SYN0002045,CASE-CUS-00011,FALSE,NORMAL,NONE,EASY,NONE,,Normal pattern,Counter evidence reduced score,ALLOW,20260928,v1
TXN-SYN0002046,CASE-CUS-00044,FALSE,NORMAL,NONE,EASY,NONE,,Normal pattern,Counter evidence reduced score,ALLOW,20260928,v1
TXN-SYN0002047,CASE-CUS-00037,FALSE,NORMAL,NONE,EASY,NONE,,Normal pattern,None,ALLOW,20260928,v1
TXN-SYN0002048,CASE-CUS-00116,FALSE,NORMAL,NONE,EASY,NONE,,Normal pattern,Counter evidence reduced score,ALLOW,20260928,v1
TXN-SYN0002049,CASE-CUS-00024,FALSE,NORMAL,NONE,EASY,NONE,,Normal pattern,None,ALLOW,20260928,v1
TXN-SYN0002050,CASE-CUS-00025,FALSE,NORMAL,NONE,EASY,NONE,,Normal pattern,None,ALLOW,20260928,v1
TXN-SYN0002051,CASE-CUS-00079,FALSE,NORMAL,NONE,EASY,NONE,,Normal pattern,Counter evidence reduced score,ALLOW,20260928,v1
TXN-SYN0002052,CASE-CUS-00061,FALSE,NORMAL,NONE,EASY,NONE,,Normal pattern,Counter evidence reduced score,ALLOW,20260928,v1
TXN-SYN0002053,CASE-CUS-00061,FALSE,NORMAL,NONE,EASY,NONE,,Normal pattern,Counter evidence reduced score,ALLOW,20260928,v1
TXN-SYN0002054,CASE-CUS-00047,FALSE,NORMAL,NONE,EASY,NONE,,Normal pattern,Counter evidence reduced score,ALLOW,20260928,v1
TXN-SYN0002055,CASE-CUS-00039,FALSE,NORMAL,NONE,EASY,NONE,,Normal pattern,None,ALLOW,20260928,v1
TXN-SYN0002056,CASE-CUS-00104,FALSE,NORMAL,NONE,EASY,NONE,,Normal pattern,None,ALLOW,20260928,v1
TXN-SYN0002057,CASE-CUS-00091,FALSE,NORMAL,NONE,EASY,NONE,,Normal pattern,None,ALLOW,20260928,v1
TXN-SYN0002058,CASE-CUS-00069,FALSE,NORMAL,NONE,EASY,NONE,,Normal pattern,Counter evidence reduced score,ALLOW,20260928,v1
TXN-SYN0002059,CASE-CUS-00067,FALSE,NORMAL,NONE,EASY,NONE,,Normal pattern,Counter evidence reduced score,ALLOW,20260928,v1
TXN-SYN0002060,CASE-CUS-00069,FALSE,NORMAL,NONE,EASY,NONE,,Normal pattern,Counter evidence reduced score,ALLOW,20260928,v1
TXN-SYN0002061,CASE-CUS-00049,FALSE,NORMAL,NONE,EASY,NONE,,Normal pattern,None,ALLOW,20260928,v1
TXN-SYN0002062,CASE-CUS-00080,FALSE,NORMAL,NONE,EASY,NONE,,Normal pattern,Counter evidence reduced score,ALLOW,20260928,v1
TXN-SYN0002063,CASE-CUS-00041,FALSE,NORMAL,NONE,EASY,NONE,,Normal pattern,Counter evidence reduced score,ALLOW,20260928,v1
TXN-SYN0002064,CASE-CUS-00039,FALSE,NORMAL,NONE,EASY,NONE,,Normal pattern,Counter evidence reduced score,ALLOW,20260928,v1
TXN-SYN0002065,CASE-CUS-00077,FALSE,NORMAL,NONE,EASY,NONE,,Normal pattern,Counter evidence reduced score,ALLOW,20260928,v1
TXN-SYN0002066,CASE-CUS-00015,FALSE,NORMAL,NONE,EASY,NONE,,Normal pattern,None,ALLOW,20260928,v1
TXN-SYN0002067,CASE-CUS-00042,FALSE,NORMAL,NONE,EASY,NONE,,Normal pattern,None,ALLOW,20260928,v1
TXN-SYN0002068,CASE-CUS-00098,FALSE,NORMAL,NONE,EASY,NONE,,Normal pattern,None,ALLOW,20260928,v1
TXN-SYN0002069,CASE-CUS-00098,FALSE,NORMAL,NONE,EASY,NONE,,Normal pattern,None,ALLOW,20260928,v1
TXN-SYN0002070,CASE-CUS-00060,FALSE,NORMAL,NONE,EASY,NONE,,Normal pattern,Counter evidence reduced score,ALLOW,20260928,v1
TXN-SYN0002071,CASE-CUS-00071,FALSE,NORMAL,NONE,EASY,NONE,,Normal pattern,Counter evidence reduced score,ALLOW,20260928,v1
TXN-SYN0002072,CASE-CUS-00016,FALSE,NORMAL,NONE,EASY,NONE,,Normal pattern,None,ALLOW,20260928,v1
TXN-SYN0002073,CASE-CUS-00001,FALSE,NORMAL,NONE,EASY,NONE,,Normal pattern,Counter evidence reduced score,ALLOW,20260928,v1
TXN-SYN0002074,CASE-CUS-00114,FALSE,NORMAL,NONE,EASY,NONE,,Normal pattern,Counter evidence reduced score,ALLOW,20260928,v1
TXN-SYN0002075,CASE-CUS-00078,FALSE,NORMAL,NONE,EASY,NONE,,Normal pattern,Counter evidence reduced score,ALLOW,20260928,v1
TXN-SYN0002076,CASE-CUS-00078,FALSE,NORMAL,NONE,EASY,NONE,,Normal pattern,Counter evidence reduced score,ALLOW,20260928,v1
TXN-SYN0002077,CASE-CUS-00072,FALSE,NORMAL,NONE,EASY,NONE,,Normal pattern,Counter evidence reduced score,ALLOW,20260928,v1
TXN-SYN0002078,CASE-CUS-00049,FALSE,NORMAL,NONE,EASY,NONE,,Normal pattern,None,ALLOW,20260928,v1
TXN-SYN0002079,CASE-CUS-00050,FALSE,NORMAL,NONE,EASY,NONE,,Normal pattern,None,ALLOW,20260928,v1
TXN-SYN0002080,CASE-CUS-00104,FALSE,NORMAL,NONE,EASY,NONE,,Normal pattern,None,ALLOW,20260928,v1
TXN-SYN0002081,CASE-CUS-00092,FALSE,NORMAL,NONE,EASY,NONE,,Normal pattern,None,ALLOW,20260928,v1
TXN-SYN0002082,CASE-CUS-00037,FALSE,NORMAL,NONE,EASY,NONE,,Normal pattern,None,ALLOW,20260928,v1
TXN-SYN0002083,CASE-CUS-00119,FALSE,NORMAL,NONE,EASY,NONE,,Normal pattern,Counter evidence reduced score,ALLOW,20260928,v1
TXN-SYN0002084,CASE-CUS-00043,FALSE,NORMAL,NONE,EASY,NONE,,Normal pattern,Counter evidence reduced score,ALLOW,20260928,v1
TXN-SYN0002085,CASE-CUS-00063,FALSE,NORMAL,NONE,EASY,NONE,,Normal pattern,Counter evidence reduced score,ALLOW,20260928,v1
TXN-SYN0002086,CASE-CUS-00070,FALSE,NORMAL,NONE,EASY,NONE,,Normal pattern,Counter evidence reduced score,ALLOW,20260928,v1
TXN-SYN0002087,CASE-000017,TRUE,FRAUD,NEW_BENEFICIARY_HIGH_VALUE,MEDIUM,amount|device_id|login_failures_30m,FR-01|FR-02|FR-03|FR-04|FR-17,Ground truth injected NEW_BENEFICIARY_HIGH_VALUE,None,ESCALATE,20260928,v1
TXN-SYN0002088,CASE-CUS-00083,FALSE,BENIGN_ANOMALY,NONE,EASY,NONE,,Normal pattern,Counter evidence reduced score,MONITOR,20260928,v1
TXN-SYN0002089,CASE-000017,TRUE,FRAUD,NEW_BENEFICIARY_HIGH_VALUE,MEDIUM,amount|device_id|login_failures_30m,FR-01|FR-02|FR-03|FR-04|FR-17,Ground truth injected NEW_BENEFICIARY_HIGH_VALUE,None,ESCALATE,20260928,v1
TXN-SYN0002090,CASE-CUS-00073,FALSE,NORMAL,NONE,EASY,NONE,,Normal pattern,Counter evidence reduced score,ALLOW,20260928,v1
TXN-SYN0002091,CASE-CUS-00007,FALSE,NORMAL,NONE,EASY,NONE,,Normal pattern,Counter evidence reduced score,ALLOW,20260928,v1
TXN-SYN0002092,CASE-CUS-00101,FALSE,NORMAL,NONE,EASY,NONE,,Normal pattern,None,ALLOW,20260928,v1
TXN-SYN0002093,CASE-CUS-00061,FALSE,NORMAL,NONE,EASY,NONE,,Normal pattern,Counter evidence reduced score,ALLOW,20260928,v1
TXN-SYN0002094,CASE-CUS-00007,FALSE,NORMAL,NONE,EASY,NONE,,Normal pattern,None,ALLOW,20260928,v1
TXN-SYN0002095,CASE-CUS-00062,FALSE,NORMAL,NONE,EASY,NONE,,Normal pattern,Counter evidence reduced score,ALLOW,20260928,v1
TXN-SYN0002096,CASE-CUS-00084,FALSE,BENIGN_ANOMALY,NONE,EASY,NONE,,Normal pattern,Counter evidence reduced score,MONITOR,20260928,v1
TXN-SYN0002097,CASE-000018,TRUE,FRAUD,NEW_BENEFICIARY_HIGH_VALUE,MEDIUM,amount|device_id|login_failures_30m,FR-01|FR-02|FR-03|FR-04|FR-17,Ground truth injected NEW_BENEFICIARY_HIGH_VALUE,None,ESCALATE,20260928,v1
TXN-SYN0002098,CASE-000018,TRUE,FRAUD,NEW_BENEFICIARY_HIGH_VALUE,MEDIUM,amount|device_id|login_failures_30m,FR-01|FR-02|FR-03|FR-04|FR-17,Ground truth injected NEW_BENEFICIARY_HIGH_VALUE,None,ESCALATE,20260928,v1
TXN-SYN0002099,CASE-CUS-00112,FALSE,NORMAL,NONE,EASY,NONE,,Normal pattern,Counter evidence reduced score,ALLOW,20260928,v1
TXN-SYN0002100,CASE-CUS-00098,FALSE,NORMAL,NONE,EASY,NONE,,Normal pattern,None,ALLOW,20260928,v1
TXN-SYN0002101,CASE-CUS-00034,FALSE,NORMAL,NONE,EASY,NONE,,Normal pattern,None,ALLOW,20260928,v1
TXN-SYN0002102,CASE-CUS-00071,FALSE,NORMAL,NONE,EASY,NONE,,Normal pattern,Counter evidence reduced score,ALLOW,20260928,v1
TXN-SYN0002103,CASE-CUS-00030,FALSE,NORMAL,NONE,EASY,NONE,,Normal pattern,None,ALLOW,20260928,v1
TXN-SYN0002104,CASE-CUS-00094,FALSE,NORMAL,NONE,EASY,NONE,,Normal pattern,None,ALLOW,20260928,v1
TXN-SYN0002105,CASE-CUS-00065,FALSE,NORMAL,NONE,EASY,NONE,,Normal pattern,Counter evidence reduced score,ALLOW,20260928,v1
TXN-SYN0002106,CASE-CUS-00096,FALSE,NORMAL,NONE,EASY,NONE,,Normal pattern,Counter evidence reduced score,ALLOW,20260928,v1
TXN-SYN0002107,CASE-CUS-00070,FALSE,NORMAL,NONE,EASY,NONE,,Normal pattern,Counter evidence reduced score,ALLOW,20260928,v1
TXN-SYN0002108,CASE-CUS-00022,FALSE,NORMAL,NONE,EASY,NONE,,Normal pattern,None,ALLOW,20260928,v1
TXN-SYN0002109,CASE-CUS-00051,FALSE,NORMAL,NONE,EASY,NONE,,Normal pattern,Counter evidence reduced score,ALLOW,20260928,v1
TXN-SYN0002110,CASE-CUS-00084,FALSE,NORMAL,NONE,EASY,NONE,,Normal pattern,Counter evidence reduced score,ALLOW,20260928,v1
TXN-SYN0002111,CASE-CUS-00108,FALSE,NORMAL,NONE,EASY,NONE,,Normal pattern,None,ALLOW,20260928,v1
TXN-SYN0002112,CASE-CUS-00114,FALSE,NORMAL,NONE,EASY,NONE,,Normal pattern,Counter evidence reduced score,ALLOW,20260928,v1
TXN-SYN0002113,CASE-CUS-00011,FALSE,NORMAL,NONE,EASY,NONE,,Normal pattern,Counter evidence reduced score,ALLOW,20260928,v1
TXN-SYN0002114,CASE-CUS-00045,FALSE,NORMAL,NONE,EASY,NONE,,Normal pattern,None,ALLOW,20260928,v1
TXN-SYN0002115,CASE-CUS-00071,FALSE,NORMAL,NONE,EASY,NONE,,Normal pattern,Counter evidence reduced score,ALLOW,20260928,v1
TXN-SYN0002116,CASE-CUS-00011,FALSE,BENIGN_ANOMALY,NONE,EASY,NONE,,Normal pattern,None,MONITOR,20260928,v1
TXN-SYN0002117,CASE-000057,TRUE,FRAUD,CROSS_BORDER_ANOMALY,MEDIUM,amount|device_id|login_failures_30m,FR-19|FR-03|FR-11|FR-12|FR-01,Ground truth injected CROSS_BORDER_ANOMALY,None,ESCALATE,20260928,v1
TXN-SYN0002118,CASE-CUS-00050,FALSE,BENIGN_ANOMALY,NONE,EASY,NONE,,Normal pattern,None,MONITOR,20260928,v1
TXN-SYN0002119,CASE-CUS-00039,FALSE,NORMAL,NONE,EASY,NONE,,Normal pattern,None,ALLOW,20260928,v1
TXN-SYN0002120,CASE-CUS-00060,FALSE,BENIGN_ANOMALY,NONE,EASY,NONE,,Normal pattern,None,MONITOR,20260928,v1
TXN-SYN0002121,CASE-CUS-00024,FALSE,BENIGN_ANOMALY,NONE,EASY,NONE,,Normal pattern,None,MONITOR,20260928,v1
TXN-SYN0002122,CASE-CUS-00057,FALSE,NORMAL,NONE,EASY,NONE,,Normal pattern,None,ALLOW,20260928,v1
TXN-SYN0002123,CASE-CUS-00030,FALSE,NORMAL,NONE,EASY,NONE,,Normal pattern,None,ALLOW,20260928,v1
TXN-SYN0002124,CASE-CUS-00067,FALSE,NORMAL,NONE,EASY,NONE,,Normal pattern,Counter evidence reduced score,ALLOW,20260928,v1
TXN-SYN0002125,CASE-CUS-00085,FALSE,NORMAL,NONE,EASY,NONE,,Normal pattern,Counter evidence reduced score,ALLOW,20260928,v1
TXN-SYN0002126,CASE-000003,TRUE,FRAUD,ACCOUNT_TAKEOVER,MEDIUM,amount|device_id|login_failures_30m,FR-01|FR-02|FR-03|FR-04|FR-05|FR-06|FR-07|FR-12|FR-17|FR-18,Ground truth injected ACCOUNT_TAKEOVER,None,ESCALATE,20260928,v1
TXN-SYN0002127,CASE-000003,TRUE,FRAUD,ACCOUNT_TAKEOVER,MEDIUM,amount|device_id|login_failures_30m,FR-01|FR-02|FR-03|FR-04|FR-05|FR-06|FR-07|FR-12|FR-17|FR-18,Ground truth injected ACCOUNT_TAKEOVER,None,ESCALATE,20260928,v1
TXN-SYN0002128,CASE-000003,TRUE,FRAUD,ACCOUNT_TAKEOVER,MEDIUM,amount|device_id|login_failures_30m,FR-01|FR-02|FR-03|FR-04|FR-05|FR-06|FR-07|FR-12|FR-17|FR-18,Ground truth injected ACCOUNT_TAKEOVER,None,ESCALATE,20260928,v1
TXN-SYN0002129,CASE-CUS-00051,FALSE,NORMAL,NONE,EASY,NONE,,Normal pattern,None,ALLOW,20260928,v1
TXN-SYN0002130,CASE-CUS-00020,FALSE,NORMAL,NONE,EASY,NONE,,Normal pattern,None,ALLOW,20260928,v1
TXN-SYN0002131,CASE-CUS-00053,FALSE,NORMAL,NONE,EASY,NONE,,Normal pattern,None,ALLOW,20260928,v1
TXN-SYN0002132,CASE-CUS-00026,FALSE,NORMAL,NONE,EASY,NONE,,Normal pattern,None,ALLOW,20260928,v1
TXN-SYN0002133,CASE-CUS-00065,FALSE,NORMAL,NONE,EASY,NONE,,Normal pattern,Counter evidence reduced score,ALLOW,20260928,v1
TXN-SYN0002134,CASE-CUS-00011,FALSE,NORMAL,NONE,EASY,NONE,,Normal pattern,None,ALLOW,20260928,v1
TXN-SYN0002135,CASE-CUS-00058,FALSE,NORMAL,NONE,EASY,NONE,,Normal pattern,None,ALLOW,20260928,v1
TXN-SYN0002136,CASE-CUS-00106,FALSE,NORMAL,NONE,EASY,NONE,,Normal pattern,None,ALLOW,20260928,v1
TXN-SYN0002137,CASE-000052,TRUE,FRAUD,CORPORATE_APPROVAL_ANOMALY,MEDIUM,amount|device_id|login_failures_30m,FR-20,Ground truth injected CORPORATE_APPROVAL_ANOMALY,None,ESCALATE,20260928,v1
TXN-SYN0002138,CASE-CUS-00087,FALSE,BENIGN_ANOMALY,NONE,EASY,NONE,,Normal pattern,None,MONITOR,20260928,v1
TXN-SYN0002139,CASE-CUS-00054,FALSE,NORMAL,NONE,EASY,NONE,,Normal pattern,None,ALLOW,20260928,v1
TXN-SYN0002140,CASE-CUS-00083,FALSE,NORMAL,NONE,EASY,NONE,,Normal pattern,Counter evidence reduced score,ALLOW,20260928,v1
TXN-SYN0002141,CASE-CUS-00090,FALSE,NORMAL,NONE,EASY,NONE,,Normal pattern,None,ALLOW,20260928,v1
TXN-SYN0002142,CASE-CUS-00059,FALSE,NORMAL,NONE,EASY,NONE,,Normal pattern,Counter evidence reduced score,ALLOW,20260928,v1
TXN-SYN0002143,CASE-CUS-00015,FALSE,NORMAL,NONE,EASY,NONE,,Normal pattern,None,ALLOW,20260928,v1
TXN-SYN0002144,CASE-CUS-00095,FALSE,NORMAL,NONE,EASY,NONE,,Normal pattern,Counter evidence reduced score,ALLOW,20260928,v1
TXN-SYN0002145,CASE-CUS-00082,FALSE,BENIGN_ANOMALY,NONE,EASY,NONE,,Normal pattern,Counter evidence reduced score,MONITOR,20260928,v1
TXN-SYN0002146,CASE-CUS-00088,FALSE,NORMAL,NONE,EASY,NONE,,Normal pattern,Counter evidence reduced score,ALLOW,20260928,v1
TXN-SYN0002147,CASE-CUS-00014,FALSE,NORMAL,NONE,EASY,NONE,,Normal pattern,None,ALLOW,20260928,v1
TXN-SYN0002148,CASE-CUS-00119,FALSE,NORMAL,NONE,EASY,NONE,,Normal pattern,Counter evidence reduced score,ALLOW,20260928,v1
TXN-SYN0002149,CASE-CUS-00020,FALSE,NORMAL,NONE,EASY,NONE,,Normal pattern,None,ALLOW,20260928,v1
TXN-SYN0002150,CASE-CUS-00020,FALSE,NORMAL,NONE,EASY,NONE,,Normal pattern,None,ALLOW,20260928,v1
TXN-SYN0002151,CASE-CUS-00020,FALSE,NORMAL,NONE,EASY,NONE,,Normal pattern,Counter evidence reduced score,ALLOW,20260928,v1
TXN-SYN0002152,CASE-CUS-00066,FALSE,NORMAL,NONE,EASY,NONE,,Normal pattern,Counter evidence reduced score,ALLOW,20260928,v1
TXN-SYN0002153,CASE-CUS-00097,FALSE,NORMAL,NONE,EASY,NONE,,Normal pattern,None,ALLOW,20260928,v1
TXN-SYN0002154,CASE-CUS-00050,FALSE,NORMAL,NONE,EASY,NONE,,Normal pattern,None,ALLOW,20260928,v1
TXN-SYN0002155,CASE-CUS-00005,FALSE,NORMAL,NONE,EASY,NONE,,Normal pattern,None,ALLOW,20260928,v1
TXN-SYN0002156,CASE-CUS-00058,FALSE,NORMAL,NONE,EASY,NONE,,Normal pattern,Counter evidence reduced score,ALLOW,20260928,v1
TXN-SYN0002157,CASE-CUS-00079,FALSE,BENIGN_ANOMALY,NONE,EASY,NONE,,Normal pattern,Counter evidence reduced score,MONITOR,20260928,v1
TXN-SYN0002158,CASE-CUS-00047,FALSE,BENIGN_ANOMALY,NONE,EASY,NONE,,Normal pattern,None,MONITOR,20260928,v1
TXN-SYN0002159,CASE-CUS-00097,FALSE,NORMAL,NONE,EASY,NONE,,Normal pattern,None,ALLOW,20260928,v1
TXN-SYN0002160,CASE-000057,TRUE,FRAUD,CROSS_BORDER_ANOMALY,MEDIUM,amount|device_id|login_failures_30m,FR-19|FR-03|FR-11|FR-12|FR-01,Ground truth injected CROSS_BORDER_ANOMALY,None,ESCALATE,20260928,v1
TXN-SYN0002161,CASE-CUS-00041,FALSE,BENIGN_ANOMALY,NONE,EASY,NONE,,Normal pattern,None,MONITOR,20260928,v1
TXN-SYN0002162,CASE-CUS-00023,FALSE,BENIGN_ANOMALY,NONE,EASY,NONE,,Normal pattern,None,MONITOR,20260928,v1
TXN-SYN0002163,CASE-CUS-00077,FALSE,BENIGN_ANOMALY,NONE,EASY,NONE,,Normal pattern,None,MONITOR,20260928,v1
TXN-SYN0002164,CASE-CUS-00034,FALSE,NORMAL,NONE,EASY,NONE,,Normal pattern,None,ALLOW,20260928,v1
TXN-SYN0002165,CASE-CUS-00034,FALSE,NORMAL,NONE,EASY,NONE,,Normal pattern,None,ALLOW,20260928,v1
TXN-SYN0002166,CASE-CUS-00098,FALSE,NORMAL,NONE,EASY,NONE,,Normal pattern,None,ALLOW,20260928,v1
TXN-SYN0002167,CASE-CUS-00077,FALSE,NORMAL,NONE,EASY,NONE,,Normal pattern,Counter evidence reduced score,ALLOW,20260928,v1
TXN-SYN0002168,CASE-CUS-00008,FALSE,NORMAL,NONE,EASY,NONE,,Normal pattern,None,ALLOW,20260928,v1
TXN-SYN0002169,CASE-CUS-00116,FALSE,NORMAL,NONE,EASY,NONE,,Normal pattern,Counter evidence reduced score,ALLOW,20260928,v1
TXN-SYN0002170,CASE-CUS-00099,FALSE,NORMAL,NONE,EASY,NONE,,Normal pattern,None,ALLOW,20260928,v1
TXN-SYN0002171,CASE-CUS-00039,FALSE,NORMAL,NONE,EASY,NONE,,Normal pattern,None,ALLOW,20260928,v1
TXN-SYN0002172,CASE-CUS-00120,FALSE,NORMAL,NONE,EASY,NONE,,Normal pattern,Counter evidence reduced score,ALLOW,20260928,v1
TXN-SYN0002173,CASE-CUS-00075,FALSE,NORMAL,NONE,EASY,NONE,,Normal pattern,Counter evidence reduced score,ALLOW,20260928,v1
TXN-SYN0002174,CASE-CUS-00073,FALSE,NORMAL,NONE,EASY,NONE,,Normal pattern,Counter evidence reduced score,ALLOW,20260928,v1
TXN-SYN0002175,CASE-CUS-00084,FALSE,BENIGN_ANOMALY,NONE,EASY,NONE,,Normal pattern,Counter evidence reduced score,MONITOR,20260928,v1
TXN-SYN0002176,CASE-CUS-00091,FALSE,NORMAL,NONE,EASY,NONE,,Normal pattern,None,ALLOW,20260928,v1
TXN-SYN0002177,CASE-CUS-00116,FALSE,NORMAL,NONE,EASY,NONE,,Normal pattern,Counter evidence reduced score,ALLOW,20260928,v1
TXN-SYN0002178,CASE-CUS-00113,FALSE,NORMAL,NONE,EASY,NONE,,Normal pattern,Counter evidence reduced score,ALLOW,20260928,v1
TXN-SYN0002179,CASE-CUS-00061,FALSE,NORMAL,NONE,EASY,NONE,,Normal pattern,Counter evidence reduced score,ALLOW,20260928,v1
TXN-SYN0002180,CASE-CUS-00020,FALSE,NORMAL,NONE,EASY,NONE,,Normal pattern,None,ALLOW,20260928,v1
TXN-SYN0002181,CASE-CUS-00055,FALSE,BENIGN_ANOMALY,NONE,EASY,NONE,,Normal pattern,None,MONITOR,20260928,v1
TXN-SYN0002182,CASE-CUS-00094,FALSE,NORMAL,NONE,EASY,NONE,,Normal pattern,Counter evidence reduced score,ALLOW,20260928,v1
TXN-SYN0002183,CASE-CUS-00082,FALSE,NORMAL,NONE,EASY,NONE,,Normal pattern,Counter evidence reduced score,ALLOW,20260928,v1
TXN-SYN0002184,CASE-CUS-00015,FALSE,NORMAL,NONE,EASY,NONE,,Normal pattern,Counter evidence reduced score,ALLOW,20260928,v1
TXN-SYN0002185,CASE-CUS-00012,FALSE,NORMAL,NONE,EASY,NONE,,Normal pattern,Counter evidence reduced score,ALLOW,20260928,v1
TXN-SYN0002186,CASE-CUS-00007,FALSE,NORMAL,NONE,EASY,NONE,,Normal pattern,None,ALLOW,20260928,v1
TXN-SYN0002187,CASE-CUS-00103,FALSE,NORMAL,NONE,EASY,NONE,,Normal pattern,None,ALLOW,20260928,v1
TXN-SYN0002188,CASE-CUS-00094,FALSE,NORMAL,NONE,EASY,NONE,,Normal pattern,None,ALLOW,20260928,v1
TXN-SYN0002189,CASE-CUS-00094,FALSE,NORMAL,NONE,EASY,NONE,,Normal pattern,None,ALLOW,20260928,v1
TXN-SYN0002190,CASE-CUS-00086,FALSE,NORMAL,NONE,EASY,NONE,,Normal pattern,Counter evidence reduced score,ALLOW,20260928,v1
TXN-SYN0002191,CASE-CUS-00047,FALSE,NORMAL,NONE,EASY,NONE,,Normal pattern,None,ALLOW,20260928,v1
TXN-SYN0002192,CASE-CUS-00108,FALSE,NORMAL,NONE,EASY,NONE,,Normal pattern,None,ALLOW,20260928,v1
TXN-SYN0002193,CASE-CUS-00084,FALSE,NORMAL,NONE,EASY,NONE,,Normal pattern,Counter evidence reduced score,ALLOW,20260928,v1
TXN-SYN0002194,CASE-CUS-00099,FALSE,NORMAL,NONE,EASY,NONE,,Normal pattern,None,ALLOW,20260928,v1
TXN-SYN0002195,CASE-CUS-00103,FALSE,NORMAL,NONE,EASY,NONE,,Normal pattern,None,ALLOW,20260928,v1
TXN-SYN0002196,CASE-CUS-00020,FALSE,NORMAL,NONE,EASY,NONE,,Normal pattern,None,ALLOW,20260928,v1
TXN-SYN0002197,CASE-CUS-00084,FALSE,NORMAL,NONE,EASY,NONE,,Normal pattern,Counter evidence reduced score,ALLOW,20260928,v1
TXN-SYN0002198,CASE-CUS-00070,FALSE,NORMAL,NONE,EASY,NONE,,Normal pattern,Counter evidence reduced score,ALLOW,20260928,v1
TXN-SYN0002199,CASE-CUS-00104,FALSE,NORMAL,NONE,EASY,NONE,,Normal pattern,None,ALLOW,20260928,v1
TXN-SYN0002200,CASE-CUS-00079,FALSE,NORMAL,NONE,EASY,NONE,,Normal pattern,Counter evidence reduced score,ALLOW,20260928,v1
TXN-SYN0002201,CASE-000052,TRUE,FRAUD,CORPORATE_APPROVAL_ANOMALY,MEDIUM,amount|device_id|login_failures_30m,FR-20,Ground truth injected CORPORATE_APPROVAL_ANOMALY,None,ESCALATE,20260928,v1
TXN-SYN0002202,CASE-CUS-00070,FALSE,NORMAL,NONE,EASY,NONE,,Normal pattern,Counter evidence reduced score,ALLOW,20260928,v1
TXN-SYN0002203,CASE-CUS-00060,FALSE,NORMAL,NONE,EASY,NONE,,Normal pattern,Counter evidence reduced score,ALLOW,20260928,v1
TXN-SYN0002204,CASE-CUS-00048,FALSE,NORMAL,NONE,EASY,NONE,,Normal pattern,None,ALLOW,20260928,v1
TXN-SYN0002205,CASE-CUS-00064,FALSE,NORMAL,NONE,EASY,NONE,,Normal pattern,Counter evidence reduced score,ALLOW,20260928,v1
TXN-SYN0002206,CASE-CUS-00092,FALSE,BENIGN_ANOMALY,NONE,EASY,NONE,,Normal pattern,None,MONITOR,20260928,v1
TXN-SYN0002207,CASE-CUS-00044,FALSE,NORMAL,NONE,EASY,NONE,,Normal pattern,None,ALLOW,20260928,v1
TXN-SYN0002208,CASE-CUS-00044,FALSE,NORMAL,NONE,EASY,NONE,,Normal pattern,None,ALLOW,20260928,v1
TXN-SYN0002209,CASE-CUS-00024,FALSE,BENIGN_ANOMALY,NONE,EASY,NONE,,Normal pattern,None,MONITOR,20260928,v1
TXN-SYN0002210,CASE-CUS-00081,FALSE,BENIGN_ANOMALY,NONE,EASY,NONE,,Normal pattern,Counter evidence reduced score,MONITOR,20260928,v1
TXN-SYN0002211,CASE-CUS-00072,FALSE,NORMAL,NONE,EASY,NONE,,Normal pattern,Counter evidence reduced score,ALLOW,20260928,v1
TXN-SYN0002212,CASE-CUS-00023,FALSE,NORMAL,NONE,EASY,NONE,,Normal pattern,Counter evidence reduced score,ALLOW,20260928,v1
TXN-SYN0002213,CASE-CUS-00025,FALSE,NORMAL,NONE,EASY,NONE,,Normal pattern,None,ALLOW,20260928,v1
TXN-SYN0002214,CASE-CUS-00079,FALSE,NORMAL,NONE,EASY,NONE,,Normal pattern,Counter evidence reduced score,ALLOW,20260928,v1
TXN-SYN0002215,CASE-CUS-00001,FALSE,NORMAL,NONE,EASY,NONE,,Normal pattern,None,ALLOW,20260928,v1
TXN-SYN0002216,CASE-CUS-00087,FALSE,NORMAL,NONE,EASY,NONE,,Normal pattern,Counter evidence reduced score,ALLOW,20260928,v1
TXN-SYN0002217,CASE-CUS-00048,FALSE,NORMAL,NONE,EASY,NONE,,Normal pattern,Counter evidence reduced score,ALLOW,20260928,v1
TXN-SYN0002218,CASE-CUS-00106,FALSE,NORMAL,NONE,EASY,NONE,,Normal pattern,None,ALLOW,20260928,v1
TXN-SYN0002219,CASE-CUS-00055,FALSE,NORMAL,NONE,EASY,NONE,,Normal pattern,Counter evidence reduced score,ALLOW,20260928,v1
TXN-SYN0002220,CASE-CUS-00106,FALSE,NORMAL,NONE,EASY,NONE,,Normal pattern,None,ALLOW,20260928,v1
TXN-SYN0002221,CASE-CUS-00033,FALSE,NORMAL,NONE,EASY,NONE,,Normal pattern,None,ALLOW,20260928,v1
TXN-SYN0002222,CASE-CUS-00014,FALSE,NORMAL,NONE,EASY,NONE,,Normal pattern,Counter evidence reduced score,ALLOW,20260928,v1
TXN-SYN0002223,CASE-CUS-00013,FALSE,NORMAL,NONE,EASY,NONE,,Normal pattern,None,ALLOW,20260928,v1
TXN-SYN0002224,CASE-CUS-00020,FALSE,NORMAL,NONE,EASY,NONE,,Normal pattern,None,ALLOW,20260928,v1
TXN-SYN0002225,CASE-CUS-00094,FALSE,NORMAL,NONE,EASY,NONE,,Normal pattern,Counter evidence reduced score,ALLOW,20260928,v1
TXN-SYN0002226,CASE-CUS-00025,FALSE,NORMAL,NONE,EASY,NONE,,Normal pattern,None,ALLOW,20260928,v1
TXN-SYN0002227,CASE-CUS-00119,FALSE,NORMAL,NONE,EASY,NONE,,Normal pattern,Counter evidence reduced score,ALLOW,20260928,v1
TXN-SYN0002228,CASE-CUS-00037,FALSE,NORMAL,NONE,EASY,NONE,,Normal pattern,None,ALLOW,20260928,v1
TXN-SYN0002229,CASE-CUS-00064,FALSE,NORMAL,NONE,EASY,NONE,,Normal pattern,Counter evidence reduced score,ALLOW,20260928,v1
TXN-SYN0002230,CASE-CUS-00085,FALSE,NORMAL,NONE,EASY,NONE,,Normal pattern,None,ALLOW,20260928,v1
TXN-SYN0002231,CASE-CUS-00004,FALSE,NORMAL,NONE,EASY,NONE,,Normal pattern,None,ALLOW,20260928,v1
TXN-SYN0002232,CASE-CUS-00010,FALSE,NORMAL,NONE,EASY,NONE,,Normal pattern,Counter evidence reduced score,ALLOW,20260928,v1
TXN-SYN0002233,CASE-CUS-00006,FALSE,NORMAL,NONE,EASY,NONE,,Normal pattern,None,ALLOW,20260928,v1
TXN-SYN0002234,CASE-CUS-00006,FALSE,NORMAL,NONE,EASY,NONE,,Normal pattern,None,ALLOW,20260928,v1
TXN-SYN0002235,CASE-CUS-00059,FALSE,NORMAL,NONE,EASY,NONE,,Normal pattern,Counter evidence reduced score,ALLOW,20260928,v1
TXN-SYN0002236,CASE-CUS-00103,FALSE,NORMAL,NONE,EASY,NONE,,Normal pattern,Counter evidence reduced score,ALLOW,20260928,v1
TXN-SYN0002237,CASE-CUS-00076,FALSE,NORMAL,NONE,EASY,NONE,,Normal pattern,Counter evidence reduced score,ALLOW,20260928,v1
TXN-SYN0002238,CASE-CUS-00092,FALSE,BENIGN_ANOMALY,NONE,EASY,NONE,,Normal pattern,None,MONITOR,20260928,v1
TXN-SYN0002239,CASE-CUS-00043,FALSE,NORMAL,NONE,EASY,NONE,,Normal pattern,Counter evidence reduced score,ALLOW,20260928,v1
TXN-SYN0002240,CASE-CUS-00035,FALSE,BENIGN_ANOMALY,NONE,EASY,NONE,,Normal pattern,None,MONITOR,20260928,v1
TXN-SYN0002241,CASE-CUS-00012,FALSE,BENIGN_ANOMALY,NONE,EASY,NONE,,Normal pattern,None,MONITOR,20260928,v1
TXN-SYN0002242,CASE-CUS-00079,FALSE,BENIGN_ANOMALY,NONE,EASY,NONE,,Normal pattern,Counter evidence reduced score,MONITOR,20260928,v1
TXN-SYN0002243,CASE-CUS-00080,FALSE,BENIGN_ANOMALY,NONE,EASY,NONE,,Normal pattern,Counter evidence reduced score,MONITOR,20260928,v1
TXN-SYN0002244,CASE-CUS-00093,FALSE,NORMAL,NONE,EASY,NONE,,Normal pattern,None,ALLOW,20260928,v1
TXN-SYN0002245,CASE-CUS-00112,FALSE,NORMAL,NONE,EASY,NONE,,Normal pattern,Counter evidence reduced score,ALLOW,20260928,v1
TXN-SYN0002246,CASE-CUS-00053,FALSE,NORMAL,NONE,EASY,NONE,,Normal pattern,None,ALLOW,20260928,v1
TXN-SYN0002247,CASE-CUS-00111,FALSE,NORMAL,NONE,EASY,NONE,,Normal pattern,Counter evidence reduced score,ALLOW,20260928,v1
TXN-SYN0002248,CASE-CUS-00010,FALSE,NORMAL,NONE,EASY,NONE,,Normal pattern,None,ALLOW,20260928,v1
TXN-SYN0002249,CASE-CUS-00060,FALSE,NORMAL,NONE,EASY,NONE,,Normal pattern,Counter evidence reduced score,ALLOW,20260928,v1
TXN-SYN0002250,CASE-CUS-00017,FALSE,NORMAL,NONE,EASY,NONE,,Normal pattern,None,ALLOW,20260928,v1
TXN-SYN0002251,CASE-CUS-00017,FALSE,NORMAL,NONE,EASY,NONE,,Normal pattern,None,ALLOW,20260928,v1
TXN-SYN0002252,CASE-CUS-00017,FALSE,NORMAL,NONE,EASY,NONE,,Normal pattern,None,ALLOW,20260928,v1
TXN-SYN0002253,CASE-CUS-00052,FALSE,NORMAL,NONE,EASY,NONE,,Normal pattern,Counter evidence reduced score,ALLOW,20260928,v1
TXN-SYN0002254,CASE-CUS-00028,FALSE,NORMAL,NONE,EASY,NONE,,Normal pattern,None,ALLOW,20260928,v1
TXN-SYN0002255,CASE-CUS-00036,FALSE,NORMAL,NONE,EASY,NONE,,Normal pattern,None,ALLOW,20260928,v1
TXN-SYN0002256,CASE-CUS-00096,FALSE,NORMAL,NONE,EASY,NONE,,Normal pattern,None,ALLOW,20260928,v1
TXN-SYN0002257,CASE-CUS-00117,FALSE,NORMAL,NONE,EASY,NONE,,Normal pattern,Counter evidence reduced score,ALLOW,20260928,v1
TXN-SYN0002258,CASE-CUS-00075,FALSE,NORMAL,NONE,EASY,NONE,,Normal pattern,None,ALLOW,20260928,v1
TXN-SYN0002259,CASE-CUS-00028,FALSE,NORMAL,NONE,EASY,NONE,,Normal pattern,None,ALLOW,20260928,v1
TXN-SYN0002260,CASE-CUS-00007,FALSE,BENIGN_ANOMALY,NONE,EASY,NONE,,Normal pattern,None,MONITOR,20260928,v1
TXN-SYN0002261,CASE-CUS-00012,FALSE,NORMAL,NONE,EASY,NONE,,Normal pattern,None,ALLOW,20260928,v1
TXN-SYN0002262,CASE-CUS-00057,FALSE,NORMAL,NONE,EASY,NONE,,Normal pattern,None,ALLOW,20260928,v1
TXN-SYN0002263,CASE-CUS-00101,FALSE,NORMAL,NONE,EASY,NONE,,Normal pattern,Counter evidence reduced score,ALLOW,20260928,v1
TXN-SYN0002264,CASE-CUS-00020,FALSE,NORMAL,NONE,EASY,NONE,,Normal pattern,None,ALLOW,20260928,v1
TXN-SYN0002265,CASE-CUS-00030,FALSE,NORMAL,NONE,EASY,NONE,,Normal pattern,None,ALLOW,20260928,v1
TXN-SYN0002266,CASE-CUS-00030,FALSE,NORMAL,NONE,EASY,NONE,,Normal pattern,None,ALLOW,20260928,v1
TXN-SYN0002267,CASE-CUS-00014,FALSE,NORMAL,NONE,EASY,NONE,,Normal pattern,Counter evidence reduced score,ALLOW,20260928,v1
TXN-SYN0002268,CASE-CUS-00114,FALSE,NORMAL,NONE,EASY,NONE,,Normal pattern,Counter evidence reduced score,ALLOW,20260928,v1
TXN-SYN0002269,CASE-CUS-00006,FALSE,NORMAL,NONE,EASY,NONE,,Normal pattern,None,ALLOW,20260928,v1
TXN-SYN0002270,CASE-CUS-00019,FALSE,NORMAL,NONE,EASY,NONE,,Normal pattern,None,ALLOW,20260928,v1
TXN-SYN0002271,CASE-CUS-00034,FALSE,NORMAL,NONE,EASY,NONE,,Normal pattern,None,ALLOW,20260928,v1
TXN-SYN0002272,CASE-CUS-00097,FALSE,NORMAL,NONE,EASY,NONE,,Normal pattern,Counter evidence reduced score,ALLOW,20260928,v1
TXN-SYN0002273,CASE-CUS-00018,FALSE,NORMAL,NONE,EASY,NONE,,Normal pattern,None,ALLOW,20260928,v1
TXN-SYN0002274,CASE-CUS-00029,FALSE,NORMAL,NONE,EASY,NONE,,Normal pattern,Counter evidence reduced score,ALLOW,20260928,v1
TXN-SYN0002275,CASE-CUS-00066,FALSE,NORMAL,NONE,EASY,NONE,,Normal pattern,Counter evidence reduced score,ALLOW,20260928,v1
TXN-SYN0002276,CASE-CUS-00071,FALSE,NORMAL,NONE,EASY,NONE,,Normal pattern,Counter evidence reduced score,ALLOW,20260928,v1
TXN-SYN0002277,CASE-CUS-00067,FALSE,NORMAL,NONE,EASY,NONE,,Normal pattern,None,ALLOW,20260928,v1
TXN-SYN0002278,CASE-CUS-00031,FALSE,NORMAL,NONE,EASY,NONE,,Normal pattern,None,ALLOW,20260928,v1
TXN-SYN0002279,CASE-CUS-00095,FALSE,NORMAL,NONE,EASY,NONE,,Normal pattern,None,ALLOW,20260928,v1
TXN-SYN0002280,CASE-CUS-00008,FALSE,NORMAL,NONE,EASY,NONE,,Normal pattern,Counter evidence reduced score,ALLOW,20260928,v1
TXN-SYN0002281,CASE-CUS-00114,FALSE,NORMAL,NONE,EASY,NONE,,Normal pattern,Counter evidence reduced score,ALLOW,20260928,v1
TXN-SYN0002282,CASE-CUS-00083,FALSE,BENIGN_ANOMALY,NONE,EASY,NONE,,Normal pattern,None,MONITOR,20260928,v1
TXN-SYN0002283,CASE-CUS-00096,FALSE,NORMAL,NONE,EASY,NONE,,Normal pattern,None,ALLOW,20260928,v1
TXN-SYN0002284,CASE-CUS-00117,FALSE,NORMAL,NONE,EASY,NONE,,Normal pattern,Counter evidence reduced score,ALLOW,20260928,v1
TXN-SYN0002285,CASE-CUS-00104,FALSE,NORMAL,NONE,EASY,NONE,,Normal pattern,None,ALLOW,20260928,v1
TXN-SYN0002286,CASE-CUS-00065,FALSE,BENIGN_ANOMALY,NONE,EASY,NONE,,Normal pattern,None,MONITOR,20260928,v1
TXN-SYN0002287,CASE-CUS-00108,FALSE,NORMAL,NONE,EASY,NONE,,Normal pattern,None,ALLOW,20260928,v1
TXN-SYN0002288,CASE-CUS-00032,FALSE,NORMAL,NONE,EASY,NONE,,Normal pattern,None,ALLOW,20260928,v1
TXN-SYN0002289,CASE-CUS-00083,FALSE,NORMAL,NONE,EASY,NONE,,Normal pattern,Counter evidence reduced score,ALLOW,20260928,v1
TXN-SYN0002290,CASE-CUS-00040,FALSE,NORMAL,NONE,EASY,NONE,,Normal pattern,None,ALLOW,20260928,v1
TXN-SYN0002291,CASE-CUS-00086,FALSE,NORMAL,NONE,EASY,NONE,,Normal pattern,None,ALLOW,20260928,v1
TXN-SYN0002292,CASE-CUS-00105,FALSE,NORMAL,NONE,EASY,NONE,,Normal pattern,None,ALLOW,20260928,v1
TXN-SYN0002293,CASE-CUS-00032,FALSE,NORMAL,NONE,EASY,NONE,,Normal pattern,None,ALLOW,20260928,v1
TXN-SYN0002294,CASE-CUS-00090,FALSE,NORMAL,NONE,EASY,NONE,,Normal pattern,None,ALLOW,20260928,v1
TXN-SYN0002295,CASE-CUS-00043,FALSE,NORMAL,NONE,EASY,NONE,,Normal pattern,None,ALLOW,20260928,v1
TXN-SYN0002296,CASE-CUS-00065,FALSE,NORMAL,NONE,EASY,NONE,,Normal pattern,Counter evidence reduced score,ALLOW,20260928,v1
TXN-SYN0002297,CASE-CUS-00043,FALSE,NORMAL,NONE,EASY,NONE,,Normal pattern,None,ALLOW,20260928,v1
TXN-SYN0002298,CASE-CUS-00072,FALSE,NORMAL,NONE,EASY,NONE,,Normal pattern,Counter evidence reduced score,ALLOW,20260928,v1
TXN-SYN0002299,CASE-CUS-00080,FALSE,NORMAL,NONE,EASY,NONE,,Normal pattern,Counter evidence reduced score,ALLOW,20260928,v1
TXN-SYN0002300,CASE-CUS-00036,FALSE,NORMAL,NONE,EASY,NONE,,Normal pattern,Counter evidence reduced score,ALLOW,20260928,v1
TXN-SYN0002301,CASE-CUS-00043,FALSE,NORMAL,NONE,EASY,NONE,,Normal pattern,None,ALLOW,20260928,v1
TXN-SYN0002302,CASE-CUS-00113,FALSE,NORMAL,NONE,EASY,NONE,,Normal pattern,Counter evidence reduced score,ALLOW,20260928,v1
TXN-SYN0002303,CASE-CUS-00033,FALSE,NORMAL,NONE,EASY,NONE,,Normal pattern,None,ALLOW,20260928,v1
TXN-SYN0002304,CASE-CUS-00068,FALSE,NORMAL,NONE,EASY,NONE,,Normal pattern,Counter evidence reduced score,ALLOW,20260928,v1
TXN-SYN0002305,CASE-CUS-00059,FALSE,NORMAL,NONE,EASY,NONE,,Normal pattern,Counter evidence reduced score,ALLOW,20260928,v1
TXN-SYN0002306,CASE-CUS-00010,FALSE,NORMAL,NONE,EASY,NONE,,Normal pattern,None,ALLOW,20260928,v1
TXN-SYN0002307,CASE-CUS-00037,FALSE,NORMAL,NONE,EASY,NONE,,Normal pattern,None,ALLOW,20260928,v1
TXN-SYN0002308,CASE-CUS-00012,FALSE,NORMAL,NONE,EASY,NONE,,Normal pattern,None,ALLOW,20260928,v1
TXN-SYN0002309,CASE-CUS-00017,FALSE,NORMAL,NONE,EASY,NONE,,Normal pattern,None,ALLOW,20260928,v1
TXN-SYN0002310,CASE-CUS-00007,FALSE,NORMAL,NONE,EASY,NONE,,Normal pattern,None,ALLOW,20260928,v1
TXN-SYN0002311,CASE-CUS-00043,FALSE,NORMAL,NONE,EASY,NONE,,Normal pattern,None,ALLOW,20260928,v1
TXN-SYN0002312,CASE-CUS-00028,FALSE,NORMAL,NONE,EASY,NONE,,Normal pattern,None,ALLOW,20260928,v1
TXN-SYN0002313,CASE-CUS-00102,FALSE,NORMAL,NONE,EASY,NONE,,Normal pattern,Counter evidence reduced score,ALLOW,20260928,v1
TXN-SYN0002314,CASE-CUS-00012,FALSE,NORMAL,NONE,EASY,NONE,,Normal pattern,None,ALLOW,20260928,v1
TXN-SYN0002315,CASE-CUS-00065,FALSE,NORMAL,NONE,EASY,NONE,,Normal pattern,Counter evidence reduced score,ALLOW,20260928,v1
TXN-SYN0002316,CASE-CUS-00099,FALSE,NORMAL,NONE,EASY,NONE,,Normal pattern,None,ALLOW,20260928,v1
TXN-SYN0002317,CASE-CUS-00109,FALSE,NORMAL,NONE,EASY,NONE,,Normal pattern,Counter evidence reduced score,ALLOW,20260928,v1
TXN-SYN0002318,CASE-CUS-00116,FALSE,NORMAL,NONE,EASY,NONE,,Normal pattern,Counter evidence reduced score,ALLOW,20260928,v1
TXN-SYN0002319,CASE-CUS-00005,FALSE,NORMAL,NONE,EASY,NONE,,Normal pattern,None,ALLOW,20260928,v1
TXN-SYN0002320,CASE-CUS-00113,FALSE,NORMAL,NONE,EASY,NONE,,Normal pattern,Counter evidence reduced score,ALLOW,20260928,v1
TXN-SYN0002321,CASE-CUS-00114,FALSE,NORMAL,NONE,EASY,NONE,,Normal pattern,Counter evidence reduced score,ALLOW,20260928,v1
TXN-SYN0002322,CASE-CUS-00106,FALSE,NORMAL,NONE,EASY,NONE,,Normal pattern,None,ALLOW,20260928,v1
TXN-SYN0002323,CASE-CUS-00111,FALSE,NORMAL,NONE,EASY,NONE,,Normal pattern,Counter evidence reduced score,ALLOW,20260928,v1
TXN-SYN0002324,CASE-CUS-00021,FALSE,NORMAL,NONE,EASY,NONE,,Normal pattern,None,ALLOW,20260928,v1
TXN-SYN0002325,CASE-CUS-00096,FALSE,NORMAL,NONE,EASY,NONE,,Normal pattern,Counter evidence reduced score,ALLOW,20260928,v1
TXN-SYN0002326,CASE-CUS-00031,FALSE,NORMAL,NONE,EASY,NONE,,Normal pattern,None,ALLOW,20260928,v1
TXN-SYN0002327,CASE-CUS-00110,FALSE,NORMAL,NONE,EASY,NONE,,Normal pattern,Counter evidence reduced score,ALLOW,20260928,v1
TXN-SYN0002328,CASE-CUS-00115,FALSE,NORMAL,NONE,EASY,NONE,,Normal pattern,Counter evidence reduced score,ALLOW,20260928,v1
TXN-SYN0002329,CASE-CUS-00054,FALSE,NORMAL,NONE,EASY,NONE,,Normal pattern,Counter evidence reduced score,ALLOW,20260928,v1
TXN-SYN0002330,CASE-CUS-00077,FALSE,NORMAL,NONE,EASY,NONE,,Normal pattern,Counter evidence reduced score,ALLOW,20260928,v1
TXN-SYN0002331,CASE-CUS-00060,FALSE,NORMAL,NONE,EASY,NONE,,Normal pattern,None,ALLOW,20260928,v1
TXN-SYN0002332,CASE-CUS-00064,FALSE,NORMAL,NONE,EASY,NONE,,Normal pattern,Counter evidence reduced score,ALLOW,20260928,v1
TXN-SYN0002333,CASE-CUS-00009,FALSE,NORMAL,NONE,EASY,NONE,,Normal pattern,Counter evidence reduced score,ALLOW,20260928,v1
TXN-SYN0002334,CASE-CUS-00097,FALSE,NORMAL,NONE,EASY,NONE,,Normal pattern,Counter evidence reduced score,ALLOW,20260928,v1
TXN-SYN0002335,CASE-CUS-00053,FALSE,NORMAL,NONE,EASY,NONE,,Normal pattern,None,ALLOW,20260928,v1
TXN-SYN0002336,CASE-CUS-00007,FALSE,NORMAL,NONE,EASY,NONE,,Normal pattern,None,ALLOW,20260928,v1
TXN-SYN0002337,CASE-CUS-00106,FALSE,NORMAL,NONE,EASY,NONE,,Normal pattern,None,ALLOW,20260928,v1
TXN-SYN0002338,CASE-CUS-00049,FALSE,NORMAL,NONE,EASY,NONE,,Normal pattern,Counter evidence reduced score,ALLOW,20260928,v1
TXN-SYN0002339,CASE-CUS-00092,FALSE,NORMAL,NONE,EASY,NONE,,Normal pattern,Counter evidence reduced score,ALLOW,20260928,v1
TXN-SYN0002340,CASE-CUS-00118,FALSE,NORMAL,NONE,EASY,NONE,,Normal pattern,Counter evidence reduced score,ALLOW,20260928,v1
TXN-SYN0002341,CASE-CUS-00023,FALSE,NORMAL,NONE,EASY,NONE,,Normal pattern,Counter evidence reduced score,ALLOW,20260928,v1
TXN-SYN0002342,CASE-CUS-00037,FALSE,NORMAL,NONE,EASY,NONE,,Normal pattern,None,ALLOW,20260928,v1
TXN-SYN0002343,CASE-CUS-00092,FALSE,NORMAL,NONE,EASY,NONE,,Normal pattern,Counter evidence reduced score,ALLOW,20260928,v1
TXN-SYN0002344,CASE-CUS-00002,FALSE,NORMAL,NONE,EASY,NONE,,Normal pattern,None,ALLOW,20260928,v1
TXN-SYN0002345,CASE-CUS-00025,FALSE,NORMAL,NONE,EASY,NONE,,Normal pattern,None,ALLOW,20260928,v1
TXN-SYN0002346,CASE-CUS-00059,FALSE,NORMAL,NONE,EASY,NONE,,Normal pattern,Counter evidence reduced score,ALLOW,20260928,v1
TXN-SYN0002347,CASE-CUS-00091,FALSE,NORMAL,NONE,EASY,NONE,,Normal pattern,None,ALLOW,20260928,v1
TXN-SYN0002348,CASE-CUS-00020,FALSE,NORMAL,NONE,EASY,NONE,,Normal pattern,None,ALLOW,20260928,v1
TXN-SYN0002349,CASE-CUS-00054,FALSE,NORMAL,NONE,EASY,NONE,,Normal pattern,None,ALLOW,20260928,v1
TXN-SYN0002350,CASE-CUS-00015,FALSE,NORMAL,NONE,EASY,NONE,,Normal pattern,Counter evidence reduced score,ALLOW,20260928,v1
TXN-SYN0002351,CASE-CUS-00054,FALSE,NORMAL,NONE,EASY,NONE,,Normal pattern,None,ALLOW,20260928,v1
TXN-SYN0002352,CASE-CUS-00030,FALSE,NORMAL,NONE,EASY,NONE,,Normal pattern,None,ALLOW,20260928,v1
TXN-SYN0002353,CASE-CUS-00038,FALSE,NORMAL,NONE,EASY,NONE,,Normal pattern,None,ALLOW,20260928,v1
TXN-SYN0002354,CASE-CUS-00120,FALSE,NORMAL,NONE,EASY,NONE,,Normal pattern,Counter evidence reduced score,ALLOW,20260928,v1
TXN-SYN0002355,CASE-CUS-00030,FALSE,NORMAL,NONE,EASY,NONE,,Normal pattern,None,ALLOW,20260928,v1
TXN-SYN0002356,CASE-CUS-00038,FALSE,NORMAL,NONE,EASY,NONE,,Normal pattern,None,ALLOW,20260928,v1
TXN-SYN0002357,CASE-CUS-00120,FALSE,NORMAL,NONE,EASY,NONE,,Normal pattern,Counter evidence reduced score,ALLOW,20260928,v1
TXN-SYN0002358,CASE-CUS-00049,FALSE,NORMAL,NONE,EASY,NONE,,Normal pattern,None,ALLOW,20260928,v1
TXN-SYN0002359,CASE-CUS-00013,FALSE,NORMAL,NONE,EASY,NONE,,Normal pattern,None,ALLOW,20260928,v1
TXN-SYN0002360,CASE-CUS-00047,FALSE,NORMAL,NONE,EASY,NONE,,Normal pattern,Counter evidence reduced score,ALLOW,20260928,v1
TXN-SYN0002361,CASE-CUS-00028,FALSE,NORMAL,NONE,EASY,NONE,,Normal pattern,None,ALLOW,20260928,v1
TXN-SYN0002362,CASE-CUS-00071,FALSE,NORMAL,NONE,EASY,NONE,,Normal pattern,Counter evidence reduced score,ALLOW,20260928,v1
TXN-SYN0002363,CASE-CUS-00103,FALSE,NORMAL,NONE,EASY,NONE,,Normal pattern,None,ALLOW,20260928,v1
TXN-SYN0002364,CASE-CUS-00004,FALSE,NORMAL,NONE,EASY,NONE,,Normal pattern,Counter evidence reduced score,ALLOW,20260928,v1
TXN-SYN0002365,CASE-CUS-00090,FALSE,NORMAL,NONE,EASY,NONE,,Normal pattern,None,ALLOW,20260928,v1
TXN-SYN0002366,CASE-CUS-00050,FALSE,BENIGN_ANOMALY,NONE,EASY,NONE,,Normal pattern,None,MONITOR,20260928,v1
TXN-SYN0002367,CASE-CUS-00117,FALSE,NORMAL,NONE,EASY,NONE,,Normal pattern,Counter evidence reduced score,ALLOW,20260928,v1
TXN-SYN0002368,CASE-CUS-00046,FALSE,NORMAL,NONE,EASY,NONE,,Normal pattern,Counter evidence reduced score,ALLOW,20260928,v1
TXN-SYN0002369,CASE-CUS-00116,FALSE,NORMAL,NONE,EASY,NONE,,Normal pattern,Counter evidence reduced score,ALLOW,20260928,v1
TXN-SYN0002370,CASE-CUS-00059,FALSE,NORMAL,NONE,EASY,NONE,,Normal pattern,Counter evidence reduced score,ALLOW,20260928,v1
TXN-SYN0002371,CASE-CUS-00101,FALSE,NORMAL,NONE,EASY,NONE,,Normal pattern,None,ALLOW,20260928,v1
TXN-SYN0002372,CASE-CUS-00029,FALSE,NORMAL,NONE,EASY,NONE,,Normal pattern,None,ALLOW,20260928,v1
TXN-SYN0002373,CASE-CUS-00101,FALSE,NORMAL,NONE,EASY,NONE,,Normal pattern,None,ALLOW,20260928,v1
TXN-SYN0002374,CASE-CUS-00072,FALSE,NORMAL,NONE,EASY,NONE,,Normal pattern,Counter evidence reduced score,ALLOW,20260928,v1
TXN-SYN0002375,CASE-CUS-00011,FALSE,NORMAL,NONE,EASY,NONE,,Normal pattern,None,ALLOW,20260928,v1
TXN-SYN0002376,CASE-CUS-00004,FALSE,NORMAL,NONE,EASY,NONE,,Normal pattern,None,ALLOW,20260928,v1
TXN-SYN0002377,CASE-CUS-00099,FALSE,NORMAL,NONE,EASY,NONE,,Normal pattern,None,ALLOW,20260928,v1
TXN-SYN0002378,CASE-CUS-00063,FALSE,NORMAL,NONE,EASY,NONE,,Normal pattern,Counter evidence reduced score,ALLOW,20260928,v1
TXN-SYN0002379,CASE-CUS-00049,FALSE,NORMAL,NONE,EASY,NONE,,Normal pattern,Counter evidence reduced score,ALLOW,20260928,v1
TXN-SYN0002380,CASE-CUS-00017,FALSE,NORMAL,NONE,EASY,NONE,,Normal pattern,None,ALLOW,20260928,v1
TXN-SYN0002381,CASE-CUS-00054,FALSE,NORMAL,NONE,EASY,NONE,,Normal pattern,None,ALLOW,20260928,v1
TXN-SYN0002382,CASE-CUS-00080,FALSE,NORMAL,NONE,EASY,NONE,,Normal pattern,Counter evidence reduced score,ALLOW,20260928,v1
TXN-SYN0002383,CASE-CUS-00018,FALSE,NORMAL,NONE,EASY,NONE,,Normal pattern,None,ALLOW,20260928,v1
TXN-SYN0002384,CASE-CUS-00042,FALSE,NORMAL,NONE,EASY,NONE,,Normal pattern,None,ALLOW,20260928,v1
TXN-SYN0002385,CASE-CUS-00003,FALSE,NORMAL,NONE,EASY,NONE,,Normal pattern,None,ALLOW,20260928,v1
TXN-SYN0002386,CASE-CUS-00036,FALSE,NORMAL,NONE,EASY,NONE,,Normal pattern,None,ALLOW,20260928,v1
TXN-SYN0002387,CASE-CUS-00047,FALSE,NORMAL,NONE,EASY,NONE,,Normal pattern,None,ALLOW,20260928,v1
TXN-SYN0002388,CASE-CUS-00020,FALSE,NORMAL,NONE,EASY,NONE,,Normal pattern,Counter evidence reduced score,ALLOW,20260928,v1
TXN-SYN0002389,CASE-CUS-00089,FALSE,NORMAL,NONE,EASY,NONE,,Normal pattern,None,ALLOW,20260928,v1
TXN-SYN0002390,CASE-CUS-00103,FALSE,NORMAL,NONE,EASY,NONE,,Normal pattern,None,ALLOW,20260928,v1
TXN-SYN0002391,CASE-CUS-00060,FALSE,NORMAL,NONE,EASY,NONE,,Normal pattern,None,ALLOW,20260928,v1
TXN-SYN0002392,CASE-CUS-00061,FALSE,NORMAL,NONE,EASY,NONE,,Normal pattern,Counter evidence reduced score,ALLOW,20260928,v1
TXN-SYN0002393,CASE-CUS-00004,FALSE,NORMAL,NONE,EASY,NONE,,Normal pattern,None,ALLOW,20260928,v1
TXN-SYN0002394,CASE-CUS-00031,FALSE,NORMAL,NONE,EASY,NONE,,Normal pattern,None,ALLOW,20260928,v1
TXN-SYN0002395,CASE-CUS-00055,FALSE,NORMAL,NONE,EASY,NONE,,Normal pattern,None,ALLOW,20260928,v1
TXN-SYN0002396,CASE-CUS-00066,FALSE,NORMAL,NONE,EASY,NONE,,Normal pattern,Counter evidence reduced score,ALLOW,20260928,v1
TXN-SYN0002397,CASE-CUS-00087,FALSE,NORMAL,NONE,EASY,NONE,,Normal pattern,None,ALLOW,20260928,v1
TXN-SYN0002398,CASE-CUS-00018,FALSE,NORMAL,NONE,EASY,NONE,,Normal pattern,None,ALLOW,20260928,v1
TXN-SYN0002399,CASE-CUS-00033,FALSE,NORMAL,NONE,EASY,NONE,,Normal pattern,None,ALLOW,20260928,v1
TXN-SYN0002400,CASE-CUS-00017,FALSE,NORMAL,NONE,EASY,NONE,,Normal pattern,None,ALLOW,20260928,v1
TXN-SYN0002401,CASE-CUS-00088,FALSE,NORMAL,NONE,EASY,NONE,,Normal pattern,None,ALLOW,20260928,v1
TXN-SYN0002402,CASE-CUS-00118,FALSE,NORMAL,NONE,EASY,NONE,,Normal pattern,Counter evidence reduced score,ALLOW,20260928,v1
TXN-SYN0002403,CASE-CUS-00055,FALSE,NORMAL,NONE,EASY,NONE,,Normal pattern,None,ALLOW,20260928,v1
TXN-SYN0002404,CASE-CUS-00095,FALSE,NORMAL,NONE,EASY,NONE,,Normal pattern,None,ALLOW,20260928,v1
TXN-SYN0002405,CASE-CUS-00095,FALSE,NORMAL,NONE,EASY,NONE,,Normal pattern,None,ALLOW,20260928,v1
TXN-SYN0002406,CASE-CUS-00042,FALSE,NORMAL,NONE,EASY,NONE,,Normal pattern,None,ALLOW,20260928,v1
TXN-SYN0002407,CASE-CUS-00038,FALSE,NORMAL,NONE,EASY,NONE,,Normal pattern,None,ALLOW,20260928,v1
TXN-SYN0002408,CASE-CUS-00038,FALSE,NORMAL,NONE,EASY,NONE,,Normal pattern,None,ALLOW,20260928,v1
TXN-SYN0002409,CASE-CUS-00092,FALSE,NORMAL,NONE,EASY,NONE,,Normal pattern,None,ALLOW,20260928,v1
TXN-SYN0002410,CASE-CUS-00061,FALSE,NORMAL,NONE,EASY,NONE,,Normal pattern,Counter evidence reduced score,ALLOW,20260928,v1
TXN-SYN0002411,CASE-CUS-00074,FALSE,NORMAL,NONE,EASY,NONE,,Normal pattern,None,ALLOW,20260928,v1
TXN-SYN0002412,CASE-CUS-00018,FALSE,NORMAL,NONE,EASY,NONE,,Normal pattern,None,ALLOW,20260928,v1
TXN-SYN0002413,CASE-CUS-00035,FALSE,NORMAL,NONE,EASY,NONE,,Normal pattern,Counter evidence reduced score,ALLOW,20260928,v1
TXN-SYN0002414,CASE-CUS-00103,FALSE,NORMAL,NONE,EASY,NONE,,Normal pattern,None,ALLOW,20260928,v1
TXN-SYN0002415,CASE-CUS-00064,FALSE,NORMAL,NONE,EASY,NONE,,Normal pattern,None,ALLOW,20260928,v1
TXN-SYN0002416,CASE-CUS-00094,FALSE,NORMAL,NONE,EASY,NONE,,Normal pattern,None,ALLOW,20260928,v1
TXN-SYN0002417,CASE-CUS-00021,FALSE,NORMAL,NONE,EASY,NONE,,Normal pattern,None,ALLOW,20260928,v1
TXN-SYN0002418,CASE-CUS-00052,FALSE,NORMAL,NONE,EASY,NONE,,Normal pattern,None,ALLOW,20260928,v1
TXN-SYN0002419,CASE-CUS-00110,FALSE,NORMAL,NONE,EASY,NONE,,Normal pattern,Counter evidence reduced score,ALLOW,20260928,v1
TXN-SYN0002420,CASE-CUS-00079,FALSE,NORMAL,NONE,EASY,NONE,,Normal pattern,Counter evidence reduced score,ALLOW,20260928,v1
TXN-SYN0002421,CASE-CUS-00087,FALSE,NORMAL,NONE,EASY,NONE,,Normal pattern,None,ALLOW,20260928,v1
TXN-SYN0002422,CASE-CUS-00056,FALSE,NORMAL,NONE,EASY,NONE,,Normal pattern,Counter evidence reduced score,ALLOW,20260928,v1
TXN-SYN0002423,CASE-CUS-00003,FALSE,NORMAL,NONE,EASY,NONE,,Normal pattern,None,ALLOW,20260928,v1
TXN-SYN0002424,CASE-CUS-00018,FALSE,NORMAL,NONE,EASY,NONE,,Normal pattern,None,ALLOW,20260928,v1
TXN-SYN0002425,CASE-CUS-00017,FALSE,NORMAL,NONE,EASY,NONE,,Normal pattern,Counter evidence reduced score,ALLOW,20260928,v1
TXN-SYN0002426,CASE-CUS-00088,FALSE,NORMAL,NONE,EASY,NONE,,Normal pattern,None,ALLOW,20260928,v1
TXN-SYN0002427,CASE-CUS-00102,FALSE,NORMAL,NONE,EASY,NONE,,Normal pattern,None,ALLOW,20260928,v1
TXN-SYN0002428,CASE-CUS-00080,FALSE,NORMAL,NONE,EASY,NONE,,Normal pattern,Counter evidence reduced score,ALLOW,20260928,v1
TXN-SYN0002429,CASE-CUS-00037,FALSE,NORMAL,NONE,EASY,NONE,,Normal pattern,None,ALLOW,20260928,v1
TXN-SYN0002430,CASE-CUS-00072,FALSE,NORMAL,NONE,EASY,NONE,,Normal pattern,Counter evidence reduced score,ALLOW,20260928,v1
TXN-SYN0002431,CASE-CUS-00052,FALSE,NORMAL,NONE,EASY,NONE,,Normal pattern,Counter evidence reduced score,ALLOW,20260928,v1
TXN-SYN0002432,CASE-CUS-00084,FALSE,NORMAL,NONE,EASY,NONE,,Normal pattern,Counter evidence reduced score,ALLOW,20260928,v1
TXN-SYN0002433,CASE-CUS-00030,FALSE,NORMAL,NONE,EASY,NONE,,Normal pattern,Counter evidence reduced score,ALLOW,20260928,v1
TXN-SYN0002434,CASE-CUS-00040,FALSE,NORMAL,NONE,EASY,NONE,,Normal pattern,None,ALLOW,20260928,v1
TXN-SYN0002435,CASE-CUS-00077,FALSE,NORMAL,NONE,EASY,NONE,,Normal pattern,Counter evidence reduced score,ALLOW,20260928,v1
TXN-SYN0002436,CASE-CUS-00033,FALSE,NORMAL,NONE,EASY,NONE,,Normal pattern,None,ALLOW,20260928,v1
TXN-SYN0002437,CASE-CUS-00071,FALSE,NORMAL,NONE,EASY,NONE,,Normal pattern,Counter evidence reduced score,ALLOW,20260928,v1
TXN-SYN0002438,CASE-CUS-00061,FALSE,NORMAL,NONE,EASY,NONE,,Normal pattern,Counter evidence reduced score,ALLOW,20260928,v1
TXN-SYN0002439,CASE-CUS-00100,FALSE,NORMAL,NONE,EASY,NONE,,Normal pattern,None,ALLOW,20260928,v1
TXN-SYN0002440,CASE-CUS-00057,FALSE,NORMAL,NONE,EASY,NONE,,Normal pattern,None,ALLOW,20260928,v1
TXN-SYN0002441,CASE-CUS-00082,FALSE,NORMAL,NONE,EASY,NONE,,Normal pattern,Counter evidence reduced score,ALLOW,20260928,v1
TXN-SYN0002442,CASE-CUS-00084,FALSE,NORMAL,NONE,EASY,NONE,,Normal pattern,Counter evidence reduced score,ALLOW,20260928,v1
TXN-SYN0002443,CASE-CUS-00091,FALSE,NORMAL,NONE,EASY,NONE,,Normal pattern,Counter evidence reduced score,ALLOW,20260928,v1
TXN-SYN0002444,CASE-CUS-00039,FALSE,NORMAL,NONE,EASY,NONE,,Normal pattern,None,ALLOW,20260928,v1
TXN-SYN0002445,CASE-CUS-00005,FALSE,NORMAL,NONE,EASY,NONE,,Normal pattern,None,ALLOW,20260928,v1
TXN-SYN0002446,CASE-CUS-00051,FALSE,NORMAL,NONE,EASY,NONE,,Normal pattern,None,ALLOW,20260928,v1
TXN-SYN0002447,CASE-CUS-00102,FALSE,NORMAL,NONE,EASY,NONE,,Normal pattern,None,ALLOW,20260928,v1
TXN-SYN0002448,CASE-CUS-00059,FALSE,NORMAL,NONE,EASY,NONE,,Normal pattern,Counter evidence reduced score,ALLOW,20260928,v1
TXN-SYN0002449,CASE-CUS-00007,FALSE,NORMAL,NONE,EASY,NONE,,Normal pattern,Counter evidence reduced score,ALLOW,20260928,v1
TXN-SYN0002450,CASE-CUS-00006,FALSE,NORMAL,NONE,EASY,NONE,,Normal pattern,Counter evidence reduced score,ALLOW,20260928,v1
TXN-SYN0002451,CASE-CUS-00095,FALSE,NORMAL,NONE,EASY,NONE,,Normal pattern,None,ALLOW,20260928,v1
TXN-SYN0002452,CASE-CUS-00018,FALSE,NORMAL,NONE,EASY,NONE,,Normal pattern,None,ALLOW,20260928,v1
TXN-SYN0002453,CASE-CUS-00106,FALSE,NORMAL,NONE,EASY,NONE,,Normal pattern,Counter evidence reduced score,ALLOW,20260928,v1
TXN-SYN0002454,CASE-CUS-00002,FALSE,NORMAL,NONE,EASY,NONE,,Normal pattern,Counter evidence reduced score,ALLOW,20260928,v1
TXN-SYN0002455,CASE-CUS-00041,FALSE,NORMAL,NONE,EASY,NONE,,Normal pattern,None,ALLOW,20260928,v1
TXN-SYN0002456,CASE-CUS-00001,FALSE,NORMAL,NONE,EASY,NONE,,Normal pattern,Counter evidence reduced score,ALLOW,20260928,v1
TXN-SYN0002457,CASE-CUS-00005,FALSE,NORMAL,NONE,EASY,NONE,,Normal pattern,None,ALLOW,20260928,v1
TXN-SYN0002458,CASE-CUS-00090,FALSE,NORMAL,NONE,EASY,NONE,,Normal pattern,Counter evidence reduced score,ALLOW,20260928,v1
TXN-SYN0002459,CASE-CUS-00019,FALSE,NORMAL,NONE,EASY,NONE,,Normal pattern,Counter evidence reduced score,ALLOW,20260928,v1
TXN-SYN0002460,CASE-CUS-00025,FALSE,NORMAL,NONE,EASY,NONE,,Normal pattern,None,ALLOW,20260928,v1
TXN-SYN0002461,CASE-CUS-00106,FALSE,NORMAL,NONE,EASY,NONE,,Normal pattern,None,ALLOW,20260928,v1
TXN-SYN0002462,CASE-CUS-00093,FALSE,NORMAL,NONE,EASY,NONE,,Normal pattern,None,ALLOW,20260928,v1
TXN-SYN0002463,CASE-CUS-00006,FALSE,NORMAL,NONE,EASY,NONE,,Normal pattern,Counter evidence reduced score,ALLOW,20260928,v1
TXN-SYN0002464,CASE-CUS-00073,FALSE,NORMAL,NONE,EASY,NONE,,Normal pattern,Counter evidence reduced score,ALLOW,20260928,v1
TXN-SYN0002465,CASE-CUS-00035,FALSE,NORMAL,NONE,EASY,NONE,,Normal pattern,Counter evidence reduced score,ALLOW,20260928,v1
TXN-SYN0002466,CASE-CUS-00107,FALSE,NORMAL,NONE,EASY,NONE,,Normal pattern,Counter evidence reduced score,ALLOW,20260928,v1
TXN-SYN0002467,CASE-CUS-00073,FALSE,NORMAL,NONE,EASY,NONE,,Normal pattern,None,ALLOW,20260928,v1
TXN-SYN0002468,CASE-CUS-00046,FALSE,NORMAL,NONE,EASY,NONE,,Normal pattern,None,ALLOW,20260928,v1
TXN-SYN0002469,CASE-CUS-00117,FALSE,NORMAL,NONE,EASY,NONE,,Normal pattern,Counter evidence reduced score,ALLOW,20260928,v1
TXN-SYN0002470,CASE-CUS-00107,FALSE,NORMAL,NONE,EASY,NONE,,Normal pattern,Counter evidence reduced score,ALLOW,20260928,v1
TXN-SYN0002471,CASE-CUS-00027,FALSE,NORMAL,NONE,EASY,NONE,,Normal pattern,Counter evidence reduced score,ALLOW,20260928,v1
TXN-SYN0002472,CASE-CUS-00025,FALSE,NORMAL,NONE,EASY,NONE,,Normal pattern,None,ALLOW,20260928,v1
TXN-SYN0002473,CASE-CUS-00074,FALSE,NORMAL,NONE,EASY,NONE,,Normal pattern,None,ALLOW,20260928,v1
TXN-SYN0002474,CASE-CUS-00009,FALSE,NORMAL,NONE,EASY,NONE,,Normal pattern,None,ALLOW,20260928,v1
TXN-SYN0002475,CASE-CUS-00115,FALSE,NORMAL,NONE,EASY,NONE,,Normal pattern,Counter evidence reduced score,ALLOW,20260928,v1
TXN-SYN0002476,CASE-CUS-00018,FALSE,NORMAL,NONE,EASY,NONE,,Normal pattern,None,ALLOW,20260928,v1
TXN-SYN0002477,CASE-CUS-00057,FALSE,NORMAL,NONE,EASY,NONE,,Normal pattern,Counter evidence reduced score,ALLOW,20260928,v1
TXN-SYN0002478,CASE-CUS-00056,FALSE,NORMAL,NONE,EASY,NONE,,Normal pattern,None,ALLOW,20260928,v1
TXN-SYN0002479,CASE-CUS-00074,FALSE,NORMAL,NONE,EASY,NONE,,Normal pattern,Counter evidence reduced score,ALLOW,20260928,v1
TXN-SYN0002480,CASE-CUS-00015,FALSE,NORMAL,NONE,EASY,NONE,,Normal pattern,None,ALLOW,20260928,v1
TXN-SYN0002481,CASE-CUS-00100,FALSE,NORMAL,NONE,EASY,NONE,,Normal pattern,None,ALLOW,20260928,v1
TXN-SYN0002482,CASE-CUS-00046,FALSE,NORMAL,NONE,EASY,NONE,,Normal pattern,Counter evidence reduced score,ALLOW,20260928,v1
TXN-SYN0002483,CASE-CUS-00044,FALSE,NORMAL,NONE,EASY,NONE,,Normal pattern,None,ALLOW,20260928,v1
TXN-SYN0002484,CASE-CUS-00088,FALSE,NORMAL,NONE,EASY,NONE,,Normal pattern,None,ALLOW,20260928,v1
TXN-SYN0002485,CASE-CUS-00043,FALSE,NORMAL,NONE,EASY,NONE,,Normal pattern,Counter evidence reduced score,ALLOW,20260928,v1
TXN-SYN0002486,CASE-CUS-00098,FALSE,NORMAL,NONE,EASY,NONE,,Normal pattern,None,ALLOW,20260928,v1
TXN-SYN0002487,CASE-CUS-00068,FALSE,NORMAL,NONE,EASY,NONE,,Normal pattern,Counter evidence reduced score,ALLOW,20260928,v1
TXN-SYN0002488,CASE-CUS-00054,FALSE,NORMAL,NONE,EASY,NONE,,Normal pattern,Counter evidence reduced score,ALLOW,20260928,v1
TXN-SYN0002489,CASE-CUS-00085,FALSE,NORMAL,NONE,EASY,NONE,,Normal pattern,None,ALLOW,20260928,v1
TXN-SYN0002490,CASE-CUS-00013,FALSE,NORMAL,NONE,EASY,NONE,,Normal pattern,None,ALLOW,20260928,v1
TXN-SYN0002491,CASE-CUS-00011,FALSE,NORMAL,NONE,EASY,NONE,,Normal pattern,None,ALLOW,20260928,v1
TXN-SYN0002492,CASE-CUS-00106,FALSE,NORMAL,NONE,EASY,NONE,,Normal pattern,Counter evidence reduced score,ALLOW,20260928,v1
TXN-SYN0002493,CASE-CUS-00118,FALSE,NORMAL,NONE,EASY,NONE,,Normal pattern,Counter evidence reduced score,ALLOW,20260928,v1
TXN-SYN0002494,CASE-CUS-00034,FALSE,NORMAL,NONE,EASY,NONE,,Normal pattern,Counter evidence reduced score,ALLOW,20260928,v1
TXN-SYN0002495,CASE-CUS-00003,FALSE,NORMAL,NONE,EASY,NONE,,Normal pattern,None,ALLOW,20260928,v1
TXN-SYN0002496,CASE-CUS-00091,FALSE,NORMAL,NONE,EASY,NONE,,Normal pattern,None,ALLOW,20260928,v1
TXN-SYN0002497,CASE-CUS-00091,FALSE,NORMAL,NONE,EASY,NONE,,Normal pattern,None,ALLOW,20260928,v1
TXN-SYN0002498,CASE-CUS-00108,FALSE,NORMAL,NONE,EASY,NONE,,Normal pattern,Counter evidence reduced score,ALLOW,20260928,v1
TXN-SYN0002499,CASE-CUS-00108,FALSE,NORMAL,NONE,EASY,NONE,,Normal pattern,Counter evidence reduced score,ALLOW,20260928,v1
TXN-SYN0002500,CASE-CUS-00085,FALSE,NORMAL,NONE,EASY,NONE,,Normal pattern,None,ALLOW,20260928,v1
